id,x,z,v,alpha,t_period,l1_r,l2_r,l3_r,l4_r,l5_r,l6_r,l1_im,l2_im,l3_im,l4_im,l5_im,l6_im,ax,ay,az,dist_primary,dist_secondary,dist_curve,cj,stable,stability_order
0,379803.4643046622,1243.2191951973136,-2.8041186294391562,-1.6627378236506682,9.020904395650556,-4.295345733667741,2.1481969982403206,-0.2327831289742518,0.4655988637307418,0.9999179284024045,1,0.0,0.0,0.0,0.0,0.0,0,21675.983809325204,29838.7888885218,107504.06522705221,378042.25885307265,1245.6018510365582,0.0,2.9563052662102898,False,0
1,379804.3824212742,1253.1769590972176,-2.7927916130354475,-1.6630049282430936,9.001939920710864,-4.382757401350559,2.177726017183675,-0.2281897425976585,0.45911471019764,1.0000736905719851,1,0.0,0.0,0.0,0.0,0.0,0,21631.995871976367,29850.49650376381,107186.91861028085,377993.5523798086,1255.5973636791055,2.6014568158096574e-05,2.9570300411790478,False,0
2,379805.7635964841,1268.1132355756336,-2.7760536003404033,-1.6633262782157066,8.974245900105362,-4.501415266314993,2.216338337009074,-0.2221723985348324,0.451122411742383,1.0000698971089426,1,0.0,0.0,0.0,0.0,0.0,0,21570.145669910882,29870.836077172706,106725.75261580439,377921.1190420216,1270.5906460789279,6.503642039535887e-05,2.958083518819865,False,0
3,379807.1495713948,1283.0490674422485,-2.7596106179210116,-1.6636487957489638,8.947418786695193,-4.607750360311197,2.248386105640885,-0.2170407906325536,0.4447071805766098,1.00005678506926,1,0.0,0.0,0.0,0.0,0.0,0,21512.968492640066,29894.454546495177,106281.19021664484,377849.4115352053,1285.583942720477,0.00010405827263269054,2.959098607270408,False,0
4,379808.54036330094,1297.9844515308366,-2.7434540162013814,-1.6639721409029646,8.92141844277822,-4.703267207323604,2.275058322487247,-0.2126241318701415,0.439526290279463,1.0000239505065778,1,0.0,0.0,0.0,0.0,0.0,0,21460.157819772954,29921.62890928317,105852.30639924678,377778.4060702707,1300.5772510696015,0.00014308012486993218,2.9600774861643027,False,0
5,379809.93598441844,1312.9193851328382,-2.727575501524119,-1.6642955459138975,8.896207283875373,-4.789223968377126,2.297287793744518,-0.2087933295259819,0.435330456199241,0.999962643135308,1,0.0,0.0,0.0,0.0,0.0,0,21411.432791145053,29952.98880932231,105438.24613404431,377708.0801719447,1315.5705688247426,0.0001821019771071681,2.961022165797972,False,0
6,379811.3364248016,1327.8538676057296,-2.711967121338697,-1.664617767013787,8.87175078850987,-4.866995729620674,2.31549385368044,-0.205456520560755,0.4319099261968483,0.9999592178602708,1,0.0,0.0,0.0,0.0,0.0,0,21366.539566688705,29986.993798813946,105038.2282353781,377638.4116087517,1330.5638944187847,0.00022112382934441654,2.9619344788862616,False,0
7,379812.7416773174,1342.7878980518974,-2.6966212396475426,-1.6649411732981756,8.84801618224485,-4.937576172472939,2.3301889801949565,-0.2025365017542118,0.4291165347074759,1.0000379788133331,1,0.0,0.0,0.0,0.0,0.0,0,21325.242463962582,30023.514905437223,104651.52276636446,377569.3799966832,1345.5572262626297,0.00026014568158168956,2.9628161347294784,False,0
8,379814.1517702121,1357.721472239867,-2.6815305140581196,-1.6652636967670476,8.82497118975575,-5.00122832893355,2.342409712705659,-0.1999579673895375,0.4268805305560479,1.0000354517489365,1,0.0,0.0,0.0,0.0,0.0,0,21287.316337080672,30062.41957373752,104277.43018481818,377500.9678992736,1360.5505617733443,0.00029916753381887515,2.9636687688839665,False,0
9,379815.5666794616,1372.654590863134,-2.6666879006824193,-1.665586768093911,8.802587325397552,-5.058938773922258,2.3522396384971525,-0.1976780316697161,0.4250912194423992,1.0000425297431088,1,0.0,0.0,0.0,0.0,0.0,0,21252.56371329876,30103.590871584038,103915.32703113115,377433.1562356442,1375.5438999925377,0.000338189386056216,2.964493835833239,False,0
10,379816.9864171334,1387.5872512069125,-2.6520866193544776,-1.6659068684427285,8.780836341115716,-5.111020351043713,2.3603109068694703,-0.1956493876044673,0.4237010780215485,0.999965725755903,1,0.0,0.0,0.0,0.0,0.0,0,21220.794454588147,30146.907365345243,103564.6119114662,377365.92869191134,1390.5372389344518,0.00037721123829340233,2.965292736866328,False,0
11,379818.41091995593,1402.5194577320483,-2.6377201635239564,-1.6662269678942672,8.759694080959955,-5.158654467651386,2.3662101241255,-0.1938522298846747,0.4226018968870829,1.0000184423069516,1,0.0,0.0,0.0,0.0,0.0,0,21191.845550127036,30192.26566008578,103224.75944118829,377299.26679766807,1405.5305789129736,0.00041623309053071477,2.966066693289891,False,0
12,379819.8402131889,1417.4512064861028,-2.6235822540021165,-1.6665472116917683,8.739134687804125,-5.201778157860774,2.370724709495457,-0.1922469563232837,0.421788449638283,1.000029684151024,1,0.0,0.0,0.0,0.0,0.0,0,21165.549893278396,30239.54726131572,102895.23481366021,377233.1566286313,1420.5239176361117,0.00045525494276797354,2.966816947944868,False,0
13,379821.2742881487,1432.38249675217,-2.6096668524650783,-1.6668640245723865,8.719134821937455,-5.240730325821305,2.374129055363833,-0.1908086864840166,0.4212282867760807,0.9999728175866424,1,0.0,0.0,0.0,0.0,0.0,0,21141.75807353604,30288.643264271886,102575.55339447818,377167.5835607577,1435.5172538784996,0.0004942767950052038,2.967544625042636,False,0
14,379822.7130827692,1447.313332965841,-2.595968152663215,-1.6671806991955638,8.699673991568877,-5.276336444650177,2.376103435859871,-0.1895264168958465,0.420852319634718,1.0000062166287884,1,0.0,0.0,0.0,0.0,0.0,0,21120.33916806098,30339.456418906226,102265.28373813526,377102.5319185531,1450.51058804806,0.0005332986472424199,2.9682507233358946,False,0
15,379824.15661088045,1462.2437122842862,-2.582480546110476,-1.6674954827711783,8.680730428999166,-5.308545801823928,2.377190222658145,-0.1883757009324339,0.4206637171028959,1.000001288305449,1,0.0,0.0,0.0,0.0,0.0,0,21101.159318359336,30391.877924979715,101963.98753993485,377037.98938316683,1465.5039183169065,0.0005723204994797228,2.968936257564716,False,0
16,379825.60483875824,1477.1736364640592,-2.569198634954715,-1.6678087083822586,8.662284898701733,-5.337763772547223,2.3773919278030053,-0.1873440968350189,0.4206304092164654,0.9999981274442644,1,0.0,0.0,0.0,0.0,0.0,0,21084.100730202626,30445.809373863372,101671.27295500682,376973.9426436091,1480.4972443206022,0.0006113423517169625,2.969602133125312,False,0
17,379827.0577429995,1492.1031062893753,-2.5561172119797018,-1.6681198598542977,8.644318818191687,-5.364242569313433,2.3768247841091794,-0.1864187891681144,0.4207336442074033,0.9999942425964012,1,0.0,0.0,0.0,0.0,0.0,0,21069.051760251285,30501.152436600067,101386.7668238006,376910.37935337867,1495.4905654179358,0.0006503642039541584,2.9702492115277463,False,0
18,379828.51529249694,1507.032123318745,-2.5432312549469906,-1.6684299478075029,8.62681473505576,-5.388262272576501,2.3755322992708456,-0.1855896294213345,0.420952762436494,1.0000075180359995,1,0.0,0.0,0.0,0.0,0.0,0,21055.90899005643,30557.81171390775,101110.12058164828,376847.2875081632,1510.4838812300793,0.0006893860561914653,2.9708782965794,False,0
19,379829.9774712326,1521.9606876617995,-2.530535914533964,-1.6687378271492126,8.609755633970739,-5.409943217751655,2.373693078604882,-0.1848454307492294,0.421281170031528,1.0000045182388693,1,0.0,0.0,0.0,0.0,0.0,0,21044.573545438645,30615.69115580628,100840.99975620897,376784.6560715246,1525.4771909566846,0.00072840790842869,2.971490159157386,False,0
20,379831.44424609543,1536.8888011227205,-2.518026511742069,-1.6690446449436718,8.593125781429933,-5.429522419786949,2.37132792827868,-0.1841786505306535,0.4217024988300135,1.0000029747824937,1,0.0,0.0,0.0,0.0,0.0,0,21034.954975900182,30674.69907141278,100579.09512297086,376722.4740052142,1540.4704943399056,0.0007674297606659804,2.9720855110254423,False,0
21,379832.91560109996,1551.8164638483486,-2.5056985249848407,-1.6694491782546843,8.576909743881147,-5.447079082694909,2.36860013980511,-0.1835803697671202,0.4222142136227423,0.999966564859887,1,0.0,0.0,0.0,0.0,0.0,0,21026.966252234415,30734.742850872262,100324.10834718855,376660.7312039242,1555.4637906361725,0.0008064516129031818,2.9726650386502964,False,0
22,379835.3779103768,1576.694908997236,-2.4855432411337417,-1.6699503282561483,8.550765092349833,-5.472612687188548,2.3630137868271257,-0.1827239711027695,0.4232121174878901,0.9999664114998812,1,0.0,0.0,0.0,0.0,0.0,0,21017.06391589821,30836.13802061975,99913.7735935423,376558.774395822,1580.4526027908246,0.0008714880332986657,2.9735974293253564,False,0
23,379837.85268725397,1601.5721170280292,-2.465860503167181,-1.6704456841152568,8.525668710086228,-5.493832729518936,2.356523577169422,-0.1820182796673339,0.4243777156078877,0.9999659277423572,1,0.0,0.0,0.0,0.0,0.0,0,21011.130521567073,30941.44293915739,99520.70903057152,376457.96522106347,1605.4413941922305,0.000936524453694032,2.974490333269016,False,0
24,379840.339786811,1626.4480961201825,-2.4466320389547724,-1.670935060661126,8.501562965417923,-5.511284609748341,2.3493042045806707,-0.181442054681181,0.4256814066179926,0.9999660804461992,1,0.0,0.0,0.0,0.0,0.0,0,21008.857589064864,31047.475767052838,99143.82563701061,376358.26242481323,1630.4301639761206,0.0010015608740894396,2.975346248405999,False,0
25,379842.83905999287,1651.3228550851054,-2.427840555050403,-1.671418374196622,8.478394553640141,-5.525440231516148,2.341495294244777,-0.1809776487035259,0.4270988387912477,0.9999688995706107,1,0.0,0.0,0.0,0.0,0.0,0,21009.966026519658,31157.25114223522,98782.12733468955,376259.62725930545,1655.4189115709705,0.001066597294484909,2.976167457224454,False,0
26,379845.35035655054,1676.196403074862,-2.4094696695956577,-1.6718950338145808,8.456114038531584,-5.536696398375675,2.33322305991824,-0.1806101062196639,0.4286110145234295,0.99997157414956,1,0.0,0.0,0.0,0.0,0.0,0,21014.202513392025,31266.98053065036,98434.70040812281,376162.0233240374,1680.407636598956,0.0011316337148802897,2.9769560516877247,False,0
27,379847.87351199874,1701.0687509050458,-2.391503852852627,-1.6723548602964824,8.434675791835492,-5.545458888990229,2.324521914337246,-0.1803277260662042,0.4301959976683703,0.999999984674718,1,0.0,0.0,0.0,0.0,0.0,0,21021.33795438637,31380.179142957357,98100.70891888361,376065.4160712892,1705.3963392581256,0.0011966701352757797,2.977713943967534,False,0
28,379847.87351199874,1701.0687509050458,-2.391503852852627,-1.6723548602964824,8.434675791835492,-5.545458888990229,2.324521914337246,-0.1803277260662042,0.4301959976683703,0.999999984674718,1,0.0,0.0,0.0,0.0,0.0,0,21021.33795438637,31380.179142957357,98100.70891888361,376065.4160712892,1705.3963392581256,0.0011966701352757797,2.977713943967534,False,0
29,379849.3942726301,1715.9914613526191,-2.3809124778689448,-1.7721852610799536,8.42217306141437,-5.54343632352684,2.326190201073185,-0.1801029235528515,0.4318214902041704,0.9971275148088647,1,0.0,0.0,0.0,0.0,0.0,0,21026.804052785737,31447.705208568874,97906.08842815683,376007.9428007303,1720.3895126718355,0.001235691987513043,2.9781555093803966,False,0
30,379852.4294131661,1745.6882666607023,-2.360241101196895,-1.6731086444551186,8.39819239522111,-5.5559390080790525,2.3079990513207065,-0.1800027178082998,0.4331719298136307,1.0001555197954746,1,0.0,0.0,0.0,0.0,0.0,0,21040.75378344831,31585.18869740998,97532.77663762373,375894.49302945303,1750.2275210218065,0.0013133493874731054,2.9790021959231225,False,0
31,379853.9614218672,1760.6098265436449,-2.3500521446181946,-1.6731086444551186,8.386524114481226,-5.557659309747086,2.3028267255586803,-0.1799318627867484,0.4342489214919949,0.9999999856312368,1,0.0,0.0,0.0,0.0,0.0,0,21048.981524662464,31655.058496119887,97351.20554806785,375837.99438977597,1765.2207053559778,0.0013523712397104078,2.9794139183037114,False,0
32,379855.4934305682,1775.5313864265488,-2.3399925330902485,-1.6739177527941516,8.375191946027105,-5.57698610102646,2.276491716194423,-0.1801420313539051,0.4333627361882475,1.008945582425387,1,0.0,0.0,0.0,0.0,0.0,0,21058.383048223506,31725.365088517254,97174.68141957994,375781.7360201009,1780.2140045209749,0.0013913930919475762,2.979814028110474,False,0
33,379857.0375119251,1790.451701864348,-2.3300581236906748,-1.6739177527941516,8.363948381702617,-5.559991733166296,2.29159766426575,-0.1798563810882286,0.4363767860086226,0.9999999844235544,1,0.0,0.0,0.0,0.0,0.0,0,21067.852460642403,31794.692699094594,96999.8963034441,375725.9539249936,1795.207052590579,0.0014304149441848413,2.9802103188086173,False,0
34,379858.58159328194,1805.372017302147,-2.3202477184883366,-1.6741843956178286,8.353025099915774,-5.560363803364543,2.285929195310048,-0.1798443460247132,0.4374588793413373,0.9999999840164756,1,0.0,0.0,0.0,0.0,0.0,0,21078.423041196424,31865.289872575428,96829.88626332245,375670.4019598073,1810.2002158461055,0.0014694367964220943,2.980595618803064,False,0
35,379860.12965297885,1820.2919204913578,-2.3105582921163927,-1.674448739470482,8.34233572750968,-5.560256276162752,2.280235443154167,-0.1798478233726969,0.4385512194481086,0.9999999771696482,1,0.0,0.0,0.0,0.0,0.0,0,21089.708888431254,31937.0244204405,96663.47974195372,375615.15478222776,1825.1933716651417,0.0015084586486593977,2.9809726825965672,False,0
36,379861.6816566063,1835.2114139391908,-2.3009873680502784,-1.6747107888908208,8.3318737369346,-5.559703484814568,2.274523110399701,-0.1798657060411283,0.4396526101361831,0.9999999850171256,1,0.0,0.0,0.0,0.0,0.0,0,21101.680807273136,32008.51177754771,96500.56358467536,375560.20705815597,1840.1865202143874,0.0015474805008966197,2.9813417682807897,False,0
37,379863.2375698251,1850.130500173153,-2.2915325403756097,-1.6749705410793756,8.321632850128184,-5.558736731959434,2.2687986262398683,-0.179896987611842,0.4407619124816067,0.9999999854693942,1,0.0,0.0,0.0,0.0,0.0,0,21114.31101786153,32079.684867435208,96341.02948016995,375505.5536132369,1855.1796616716547,0.0015865023531339358,2.981703122858791,False,0
38,379864.79735825653,1865.0491817519257,-2.2821914712207954,-1.6752279993085135,8.311607027985403,-5.557385455870994,2.2630674710866967,-0.1799407295147308,0.4418781296369155,0.9999999855160284,1,0.0,0.0,0.0,0.0,0.0,0,21127.573077292007,32151.296119811574,96184.77371991011,375451.18942653446,1870.1727962285381,0.0016255242053711606,2.982056982801208,False,0
39,379866.3609875737,1879.9674612558713,-2.2729618882888527,-1.675483166559306,8.301790457843666,-5.555676985055968,2.257334576705076,-0.1799960644281334,0.4430003570229801,0.9999999840611092,1,0.0,0.0,0.0,0.0,0.0,0,21141.441798841115,32224.278925457907,96031.69693857357,375397.1096237038,1885.165924087507,0.0016645460576083528,2.9824035746456934,False,0
40,379867.9284234962,1894.8853412871854,-2.263841582505056,-1.6757360463267656,8.292177543069496,-5.553636488713414,2.251604525307047,-0.1800621979993946,0.4441277368545923,0.9999999848662794,1,0.0,0.0,0.0,0.0,0.0,0,21155.893180450716,32296.789200708023,95881.70388732999,375343.3094709228,1900.159045461615,0.0017035679098456014,2.982743115519999,False,0
41,379869.4996317987,1909.8028244687057,-2.254828405765928,-1.6759866421363672,8.282762892720719,-5.5512878181577126,2.2458811174718822,-0.1801383797588163,0.4452595528124363,0.9999999848616818,1,0.0,0.0,0.0,0.0,0.0,0,21170.904337073094,32368.76447710542,95734.703218391,375289.78436932893,1915.1521605738762,0.00174258976208292,2.983075813638842,False,0
42,379871.07457831054,1924.7199134436055,-2.2459202687867617,-1.6762349600279007,8.273541312206978,-5.548652671233909,2.2401681033253418,-0.1802239305034499,0.4463950806931037,0.9999999853345642,1,0.0,0.0,0.0,0.0,0.0,0,21186.45343816612,32441.940623240964,95590.607284995,375236.5298496203,1930.1452696568902,0.0017816116143201826,2.983401868764508,False,0
43,379872.6532289537,1939.6366108712027,-2.237115139039081,-1.6764810025436792,8.264507793822425,-5.545751722016343,2.234468509803947,-0.1803182045622409,0.4475337275452711,0.9999999852788308,1,0.0,0.0,0.0,0.0,0.0,0,21202.519648354966,32515.551056319004,95449.33194799707,375183.54156647157,1945.138372951488,0.0018206334665574154,2.9837214726522863,False,0
44,379874.235549691,1954.5529194321102,-2.228411038781436,-1.6767247810766748,8.255657508894501,-5.542603920348321,2.2287852578900083,-0.1804206123358473,0.4486749087541844,0.9999999845318772,1,0.0,0.0,0.0,0.0,0.0,0,21219.08307379496,32588.471306095802,95310.7964067324,375130.81529449363,1960.1314707079716,0.001859655318794656,2.984034809439107,False,0
45,379875.82150665706,1969.468841813976,-2.2198060431630076,-1.6769662950728688,8.246985798448867,-5.53922731046038,2.2231206868046343,-0.1805305930487318,0.4498181473323837,0.9999999800306169,1,0.0,0.0,0.0,0.0,0.0,0,21236.124708185205,32661.374399143533,95174.92301515756,375078.34692205366,1975.1245631817726,0.001898677171031908,2.98434205606638,False,0
46,379877.41106598085,1984.3843807300107,-2.211298278424372,-1.6772055579236285,8.238488167424059,-5.53563818015199,2.2174772501409583,-0.180647643696986,0.4509629225397893,0.9999999849970792,1,0.0,0.0,0.0,0.0,0.0,0,21253.626389253186,32735.834049656536,95041.63715098934,375026.13244877197,1990.1176506385964,0.001937699023269126,2.9846433825804324,False,0
47,379879.0041939933,1999.2995388966538,-2.202885920150781,-1.6774425712194716,8.230160275379205,-5.531852108598512,2.2118568868896875,-0.1807712812314838,0.4521088270113212,0.999999984067934,1,0.0,0.0,0.0,0.0,0.0,0,21271.570748351514,32809.44979984213,94910.86703956412,374974.16797966225,2005.1107333478635,0.0019767208755063787,2.9849389525369405,False,0
48,379880.6008570521,2014.2143190518327,-2.194567191620313,-1.6776773480035376,8.221997931552929,-5.527883687928366,2.206261254881168,-0.1809010555137466,0.4532554875087553,0.9999999853905758,1,0.0,0.0,0.0,0.0,0.0,0,21289.94117351499,32882.39626563292,94782.54364111871,374922.44972240546,2020.1038115877336,0.002015742727743684,2.9852289232592213,False,0
49,379882.2010217105,2029.1287239365497,-2.186340362199779,-1.677909887255108,8.213997086704092,-5.523746389665137,2.200691938264764,-0.1810365512593299,0.4544025426685928,0.9999999912341324,1,0.0,0.0,0.0,0.0,0.0,0,21308.72176578449,32957.44337249983,94656.60049779373,374870.9739822186,2035.0968856396366,0.0020547645799808903,2.9855134461889614,False,0
50,379883.8046545105,2044.0427563169094,-2.178203745827117,-1.678140214074684,8.206153829221284,-5.519452907819514,2.1951502172820425,-0.1811773802541178,0.4555496609030807,1.0000000446089992,1,0.0,0.0,0.0,0.0,0.0,0,21327.897307826846,33031.49536984846,94532.97363949571,374819.7371596889,2050.089955794525,0.0020937864322181105,2.9857926671019204,False,0
51,379885.4117223696,2058.9564189420635,-2.1701556995174824,-1.6783683164106926,8.198464374819368,-5.515014904466069,2.189637530619718,-0.1813231716016112,0.4566966027128764,0.9999999847060588,1,0.0,0.0,0.0,0.0,0.0,0,21347.4532148781,33104.768266307474,94411.60140985568,374768.7357472116,2065.083022340685,0.00213280828445542,2.986066726507912,False,0
52,379887.02219202806,2073.869714603294,-2.1621946219963237,-1.678594215879062,8.190925068066155,-5.510443626993057,2.184154626032146,-0.181473591185392,0.4578430524711662,0.9999999848984096,1,0.0,0.0,0.0,0.0,0.0,0,21367.37552738533,33180.13319155989,94292.42444814902,374717.9663231655,2080.0760855803396,0.002171830136692681,2.986335759687843,False,0
53,379888.6360305509,2088.7826460797746,-2.1543189523060007,-1.678817916387404,8.183532370543723,-5.505749346362032,2.1787025135810536,-0.1816283171723881,0.4589887946606415,0.9999999707980494,1,0.0,0.0,0.0,0.0,0.0,0,21387.650855169166,33254.3552569926,94175.38550035059,374667.42555248714,2095.0691458142105,0.0022108519889299247,2.986599897131055,False,0
54,379890.2532050637,2103.6952161666313,-2.146527168529033,-1.6790399342172249,8.176282859600725,-5.500941823468535,2.1732818674583028,-0.1817870514630385,0.4601336049340934,0.9999999854115864,1,0.0,0.0,0.0,0.0,0.0,0,21408.266363302537,33328.20578138097,94060.42936942198,374617.11018090165,2110.0622033493246,0.002249873841167208,2.9868592646454672,False,0
55,379851.41047195497,1735.7403105024628,-2.3671066891970884,-1.672920442886664,8.406114431464228,-5.553899287592572,2.3120302439991613,-0.1800536776684355,0.4325203032442952,0.9999999855865264,1,0.0,0.0,0.0,0.0,0.0,0,21035.727037894598,31539.027079707503,97656.06810707544,375932.34291188145,1740.2320533089494,0.003212411353180836,2.9787225884828894,False,0
56,379852.9396723678,1750.6621584475768,-2.3568302911584835,-1.6731954894073269,8.39427322364167,-5.556366749262743,2.3065279651110115,-0.179973719715106,0.4335520914113154,0.99999998491073,1,0.0,0.0,0.0,0.0,0.0,0,21043.39974078798,31607.543170852623,97471.79065585142,375875.62497088674,1755.2252450140006,0.0032514332054180716,2.979140494033933,False,0
57,379854.4729769252,1765.5835852269836,-2.346684601707268,-1.673468247191834,8.382692221793691,-5.558204917901444,2.3009674496270387,-0.1799141998805566,0.4345998146399691,0.9999999822545376,1,0.0,0.0,0.0,0.0,0.0,0,21051.90842579247,31677.824096106477,97291.57796339401,375819.23286530137,1770.2184288011435,0.003290455057655236,2.9795491108282057,False,0
58,379856.010351361,1780.5045932306134,-2.3366668613174078,-1.67373871575604,8.371363862887398,-5.559459196669443,2.29535883554704,-0.1798736093842818,0.4356617396832373,0.9999999845070772,1,0.0,0.0,0.0,0.0,0.0,0,21061.2178744743,31748.38717547557,97115.29650117701,375763.1606098258,1785.211604781118,0.003329476909892501,2.9799487436720264,False,0
59,379857.551761404,1795.4251848770718,-2.3267743916114667,-1.6740955988198587,8.360280885244462,-5.5601712468570685,2.289711448109,-0.1798505744645887,0.4367362629875009,0.999999985979752,1,0.0,0.0,0.0,0.0,0.0,0,21071.294649162563,31818.856335169123,96942.8187219839,375707.40240719856,1800.2047730794377,0.003368498762129848,2.980339683645867,False,0
60,379860.12965282256,1820.291919198928,-2.3105582929540485,-1.6745361752931602,8.342335728767107,-5.56025649215891,2.280235267387974,-0.1798478188177459,0.4385512354598952,1.0000000041992991,1,0.0,0.0,0.0,0.0,0.0,0,21089.70888872922,31937.024410255846,96663.47976082326,375615.1547868791,1825.1933703647367,0.003433535182525248,2.980972682553481,False,0
61,379862.7184996888,1845.1575153490946,-2.2946713964254504,-1.6749703711323862,8.32502229031649,-5.55910306815754,2.2707078227681787,-0.1798851326075708,0.4403913231413912,0.9999999848097468,1,0.0,0.0,0.0,0.0,0.0,0,21110.02946195641,32055.38010841822,96393.83823703673,375523.7390477959,1850.181947455337,0.0034985716029206663,2.9815835155102235,False,0
62,379865.318142849,1870.0219850888275,-2.279102667235128,-1.6753981955939996,8.308311869103859,-5.556854278737115,2.261156531310051,-0.1799579298597094,0.4422515687433321,0.9999999842798268,1,0.0,0.0,0.0,0.0,0.0,0,21132.1297855578,32175.651683897406,96133.3997030732,375433.1314677838,1875.17050519892,0.0035636080233160208,2.982173310047404,False,0
63,379867.9284233995,1894.885340362165,-2.2638415830671574,-1.675819662686059,8.292177543649375,-5.553636487048802,2.25160452779104,-0.1800621979635296,0.4441277369832942,0.9999999839077974,1,0.0,0.0,0.0,0.0,0.0,0,21155.893179487786,32296.789194329474,95881.70389641092,375343.309474267,1900.1590445319634,0.0036286444437114663,2.9827431154994333,False,0
64,379870.5491828036,1919.7475932798984,-2.24887810378804,-1.6762347908314268,8.276594033542983,-5.549561599951116,2.242071077280906,-0.1801944126957142,0.4460161999308282,0.9999999849369048,1,0.0,0.0,0.0,0.0,0.0,0,21181.2119380011,32418.09775989352,95638.32178610814,375254.25156514434,1925.1475664713432,0.0036936808641068624,2.9832939098185216,False,0
65,379873.1802630028,1944.6087561043873,-2.234202643320308,-1.6766436047228237,8.26153757358058,-5.544728995477842,2.23257213393012,-0.1803514642763041,0.44791386871088,0.9999999849395588,1,0.0,0.0,0.0,0.0,0.0,0,21207.986499866587,32539.615722661067,95402.85291817722,375165.9372380553,1950.136072106831,0.0037587172845022984,2.98382660569209,False,0
66,379875.8215065705,1969.4688412292653,-2.219806043501813,-1.6770461333848778,8.246985799108002,-5.539227354445367,2.223120633109505,-0.1805305936031395,0.4498181418831659,1.000000005295072,1,0.0,0.0,0.0,0.0,0.0,0,21236.12470868329,32661.374385458603,95174.92302470654,375078.34692400554,1975.1245625921906,0.0038237537048977257,2.9843420560444622,False,0
67,379878.4727568207,1994.3278611639064,-2.2056795497661277,-1.6774424054237809,8.232917641533597,-5.533135079470403,2.213727681110786,-0.1807293657638923,0.4517267549234056,0.999999984759279,1,0.0,0.0,0.0,0.0,0.0,0,21265.5411489876,32784.13431765205,94954.18187021234,374991.461929032,2000.1130391381448,0.00388879012529315,2.984841058987956,False,0
68,379881.133857797,2019.1858285304318,-2.1918147885098853,-1.6778324591850746,8.21931323521111,-5.526522698220842,2.204401838543108,-0.1809456044777683,0.4536378148981588,0.9999999764749664,1,0.0,0.0,0.0,0.0,0.0,0,21296.156561646785,32907.746779080844,94740.30133488316,374905.2643773307,2025.1015030091048,0.003953826545688641,2.985324362221469,False,0
69,379883.80465451436,2044.0427560335297,-2.1782037459756847,-1.678216328446128,8.206153828848192,-5.519452814194912,2.195150335288335,-0.1811773789917667,0.4555496740507094,0.9999999859267524,1,0.0,0.0,0.0,0.0,0.0,0,21327.897305264836,33031.495362599526,94532.97363519702,374819.7371611846,2050.0899555122764,0.004018862966084048,2.985792667112367,False,0
70,379886.4849928449,2068.898656468493,-2.164838748573489,-1.6785940526882277,8.193421708188596,-5.511981548242718,2.185978883620274,-0.1814229574688049,0.4574609702871561,0.9999999848633622,1,0.0,0.0,0.0,0.0,0.0,0,21360.694882825017,33155.38831348114,94331.90976232273,374734.8638962225,2075.07839799813,0.0040838993864794225,2.986246632274068,False,0
71,379889.17471966037,2093.7535427015737,-2.15171244449428,-1.6789659756808544,8.181100123233296,-5.5041589798293264,2.176892076625415,-0.1816807977260363,0.4593705086125416,0.9999999852828751,1,0.0,0.0,0.0,0.0,0.0,0,21394.485512268788,33279.428528839046,94136.83803664967,374650.62887614244,2100.0668318529433,0.004148935806874907,2.9866868768737067,False,0
72,379891.8736903932,2118.60742684437,-2.138817785844572,-1.6795112135852028,8.16917311232189,-5.49601103061227,2.167917950925064,-0.1819492574162766,0.4612801671808516,0.9999873196371664,1,0.0,0.0,0.0,0.0,0.0,0,21429.209272159555,33403.613221039435,93947.50142443215,374567.01715508266,2125.055258265734,0.004213972227270319,2.987113986886232,False,0
73,379897.2987336144,2168.31224457912,-2.113696645718606,-1.680218538870662,8.14644393829229,-5.478967370947596,2.1502265203161293,-0.1825141423573247,0.4650861645536177,0.9999703654217376,1,0.0,0.0,0.0,0.0,0.0,0,21501.23964013433,33652.38595061572,93585.08910064535,374401.6058789168,2175.032096212795,0.004344045068061087,2.987930955652895,False,0
74,379902.7589151445,2218.0132145662005,-2.089424458477934,-1.6809023234218825,8.125123311717624,-5.461153751948048,2.132880781968498,-0.1831094520385393,0.468869297621687,0.9999688163423964,1,0.0,0.0,0.0,0.0,0.0,0,21576.385067160823,33901.5993803945,93242.90755920477,374238.5208017036,2225.0089231991947,0.004474117908851883,2.9887015632229,False,0
75,379908.2530801505,2267.7104393467716,-2.0659542964191275,-1.681562295130756,8.105110841700796,-5.442741669966614,2.1159521034001165,-0.1837275712209526,0.4726342311746553,0.99994690068432,1,0.0,0.0,0.0,0.0,0.0,0,21654.292595616367,34151.080509242995,92919.37613640436,374077.6613338905,2274.985750700781,0.004604190749642831,2.9894294153238032,False,0
76,379913.7800300696,2317.4040287179287,-2.0432427969726135,-1.6821987081951644,8.08631656996769,-5.4239928848093655,2.09932767410618,-0.1843639315031457,0.4763646250686527,0.9999659086753694,1,0.0,0.0,0.0,0.0,0.0,0,21734.655393184104,34400.606341147904,92613.0893557489,373918.93323267956,2324.9625923100875,0.004734263590433592,2.9901177185561734,False,0
77,379919.3386171653,2367.0940891878004,-2.021249814204606,-1.682813949981696,8.068658536078013,-5.405056390900874,2.082992637382598,-0.1850139378783007,0.4800572822622997,1.000033449772329,1,0.0,0.0,0.0,0.0,0.0,0,21817.201270065852,34649.90471508866,92322.77954659144,373762.24933440774,2374.9394607662434,0.004864336431224436,2.990769367057132,False,0
78,379924.9278102128,2416.780716373389,-1.9999381128253113,-1.6834069671155647,8.052061096685316,-5.385883379671707,2.067169629784245,-0.1856715446171413,0.4837424728018853,1.0000169657789466,1,0.0,0.0,0.0,0.0,0.0,0,21901.68474517588,34898.657973502006,92047.29044957102,373607.5298052325,2424.916365930396,0.004994409272015337,2.99138700345587,False,0
79,379930.5464672976,2466.464020335218,-1.97927311846124,-1.6839783406126496,8.036456838574956,-5.366648794107363,2.051739547475925,-0.1863346721987928,0.4874065517923602,0.999975958952104,1,0.0,0.0,0.0,0.0,0.0,0,21987.894327249145,35146.52581771945,91785.59551334118,373454.69826856494,2474.893321672621,0.005124482112806183,2.9919729736354683,False,0
80,379936.19345983677,2516.1441116723167,-1.9592226692702115,-1.6845274402803962,8.02178422768086,-5.347500206923593,2.036588112967599,-0.187001667965589,0.4910358321315159,0.9999708042817118,1,0.0,0.0,0.0,0.0,0.0,0,22075.642140608397,35394.923938920976,91536.76480040482,373303.6831885718,2524.8703419793346,0.005254554953597014,2.992529404010654,False,0
81,379941.8677464728,2565.8210929732422,-1.9397567982541557,-1.685054543373114,8.0079861817545,-5.328454315709541,2.0217657200080144,-0.1876697836219269,0.4946398215508136,0.9999642982836868,1,0.0,0.0,0.0,0.0,0.0,0,22164.757605590334,35642.88385819314,91299.94425902683,373154.41844753094,2574.847438674216,0.005384627794387883,2.993058249675272,False,0
82,379947.5682173288,2615.4950764255577,-1.9208475545819401,-1.6855633805726122,7.995011238541361,-5.309642746246378,2.007134377261325,-0.1883383676195696,0.4982009479268496,1.000034304743531,1,0.0,0.0,0.0,0.0,0.0,0,22255.092011374654,35889.16770725516,91074.36672998469,373006.8407953641,2624.824626119751,0.0055147006351787455,2.9935612670226144,False,0
83,379953.29399901367,2665.166148732259,-1.9024688120565303,-1.6860503966973344,7.98280987558129,-5.290884030112901,1.993012671011564,-0.1890029624451583,0.501770184204525,0.999972910296838,1,0.0,0.0,0.0,0.0,0.0,0,22346.503046440834,36135.05728041312,90859.30543145021,372860.89363660687,2674.8019119412893,0.005644773475969594,2.99404012377457,False,0
84,379959.04393157695,2714.8344311216897,-1.8845961521834647,-1.6865170231179014,7.971339494377402,-5.2724075529834735,1.979087465962456,-0.1896650644633021,0.5053041606643985,0.9999673520966268,1,0.0,0.0,0.0,0.0,0.0,0,22438.87531935377,36380.80110404466,90654.13104511844,372716.5196921392,2724.7793128556964,0.005774846316760392,2.994496261803813,False,0
85,379964.8170435044,2764.50002463139,-1.867206693654776,-1.6869637090262857,7.960559112097974,-5.254195260082039,1.9654072351948,-0.1903231198404221,0.5088134454631575,0.9999795392958202,1,0.0,0.0,0.0,0.0,0.0,0,22532.098264179658,36623.923446010805,90458.24659569489,372573.66712990083,2774.756840171648,0.005904919157551181,2.9949310518378485,False,0
86,379970.61233977554,2814.1630344186706,-1.8502789827304682,-1.6873911035656783,7.950431220430198,-5.236275022565103,1.951941742506916,-0.1909764680474743,0.512296570455018,1.0000216306609662,1,0.0,0.0,0.0,0.0,0.0,0,22626.073797415127,36868.66365769576,90271.10794462218,372432.2864735701,2824.7345062285713,0.006034991998342072,2.9953457438561637,False,0
87,379976.42889680853,2863.8235586233495,-1.8337928748778625,-1.687800680241812,7.940920588161463,-5.218608256438803,1.9387610496589835,-0.1916237414971515,0.5157685929287334,1.0000387038045584,1,0.0,0.0,0.0,0.0,0.0,0,22720.711342258786,37110.0150466467,90092.20827259326,372292.3316116045,2874.71232150831,0.006165064839132947,2.9957415035814465,False,0
88,379982.265803788,2913.4816950856825,-1.8177294370395745,-1.6881906991424052,7.931994576201887,-5.201164006916269,1.92592189404078,-0.1922638489837981,0.5192433962787047,0.999981964033134,1,0.0,0.0,0.0,0.0,0.0,0,22815.9291317343,37352.85026692068,89921.08056625444,372153.75883361214,2924.6902963966845,0.006295137679923752,2.9961194060082392,False,0
89,379988.12202225626,2963.1375578337015,-1.802070863726912,-1.6885610333954604,7.923624086000368,-5.1840542806074215,1.9132391750123312,-0.192897855882727,0.5226937788534592,0.9999688314893692,1,0.0,0.0,0.0,0.0,0.0,0,22911.65814829804,37592.5409670445,89757.30741743091,372016.5249375899,2974.668445299318,0.006425210520714548,2.9964804114449177,False,0
90,379993.9966390351,3012.7912473009005,-1.7868003778129224,-1.6889131588755488,7.915781103970121,-5.167266646639325,1.9007257724831783,-0.1935252268429413,0.5261251793821642,0.9999838624027692,1,0.0,0.0,0.0,0.0,0.0,0,23007.832002855837,37833.05408475754,89600.49151729599,371880.59024018724,3024.646779044084,0.006555283361505495,2.9968254357083044,False,0
91,379999.88873977837,3062.4428650875457,-1.771902162173099,-1.6892479379829843,7.908439657989615,-5.150802326645653,1.8883690426687687,-0.1941457288542676,0.5295386769414819,1.000029284747089,1,0.0,0.0,0.0,0.0,0.0,0,23104.39093346172,38071.61699562762,89450.26597726795,371745.916835223,3074.625308667959,0.0066853562022963255,2.9971553250575056,False,0
92,380005.7974981029,3112.0925033043704,-1.7573612851838134,-1.6895654824275563,7.901574933997722,-5.134596714020676,1.87627012321118,-0.1947582795467822,0.5329561695248762,1.000025040720026,1,0.0,0.0,0.0,0.0,0.0,0,23201.27819779882,38308.6250230704,89306.2834578496,371612.46953087207,3124.6040427835114,0.0068154290430871385,2.9974708819063918,False,0
93,380011.7220220964,3161.740262724603,-1.7431636460946225,-1.6898638555313057,7.89516437293996,-5.118658756549326,1.8644030074667104,-0.1953629064677699,0.5363772657531136,0.9999805611821152,1,0.0,0.0,0.0,0.0,0.0,0,23298.44466507592,38546.187525755115,89168.22808083602,371480.21388339094,3174.582992084772,0.006945501883877952,2.997772835979952,False,0
94,380017.661323796,3211.3862564735505,-1.7292959182867933,-1.6901457096209231,7.889187685553612,-5.103079853556514,1.852587709884551,-0.1959609168608212,0.5397717596019377,1.0000212656686176,1,0.0,0.0,0.0,0.0,0.0,0,23395.84893812053,38781.59956061231,89035.81485180107,371349.11579187214,3224.5621701252508,0.007075574724668803,2.9980618454053016,False,0
95,380023.6146537711,3261.0305699667374,-1.7157454780689168,-1.6904106505460144,7.883624193762769,-5.087764709616264,1.8409789571764337,-0.1965509683792472,0.5431721812083136,1.000026364536006,1,0.0,0.0,0.0,0.0,0.0,0,23493.446405849885,39015.19405339474,88908.75897799834,371219.1452946639,3274.541583586657,0.007205647565459695,2.998338570041316,False,0
96,380029.58113634755,3310.673304436788,-1.702500375970435,-1.690659587249414,7.878455520515227,-5.072731336002564,1.8295270768362355,-0.1971334030580881,0.5465727739379135,1.0000255203489126,1,0.0,0.0,0.0,0.0,0.0,0,23591.2004376853,39249.80333761433,88786.80597759833,371090.2722072161,3324.52124290999,0.007335720406250515,2.998603599078736,False,0
97,380035.5599766379,3360.314552092152,-1.689549280898627,-1.69089012437709,7.873663928000949,-5.057945372500799,1.81827949342537,-0.1977078343010396,0.5499867257113951,0.999974990125262,1,0.0,0.0,0.0,0.0,0.0,0,23689.075561854464,39482.642762370524,88669.71242888823,370962.4684432837,3374.5011562583977,0.007465793247041321,2.998857497008436,False,0
98,380041.5502253369,3409.9544243776936,-1.676881451137991,-1.691104930726285,7.869233885650815,-5.043487516443939,1.8070616474238856,-0.1982756200853266,0.5533823028421968,1.0000034494697978,1,0.0,0.0,0.0,0.0,0.0,0,23787.044030949124,39713.873726176316,88557.26318117433,370835.7052884713,3424.481336202102,0.00759586608783218,2.9991007621547205,False,0
99,380047.5511546484,3459.593006623754,-1.6644866773644211,-1.6913043695013124,7.865149355096583,-5.029289053525718,1.7959845176868507,-0.1988359256734985,0.5567850853743983,1.0000192629975897,1,0.0,0.0,0.0,0.0,0.0,0,23885.07461177255,39943.63417548976,88449.24060890455,370709.9575574649,3474.4617889987812,0.0077259389286230455,2.9993339002962607,False,0
100,380053.5620014897,3509.2303889102072,-1.6523552611072192,-1.6914871705139392,7.861395549737872,-5.015318412771735,1.7850919266792136,-0.1993884755551679,0.5602080454878006,0.9999804484428708,1,0.0,0.0,0.0,0.0,0.0,0,23983.139942191192,40173.35105886097,88345.44408271005,370585.20061370486,3524.4425219587647,0.007856011769413907,2.999557377810755,False,0
101,380059.5818864128,3558.8666758937197,-1.6404779862687169,-1.6916539851299783,7.857959347887306,-5.0016233982282685,1.7742674393376416,-0.199934225291994,0.5636300228098282,0.99997390419402,1,0.0,0.0,0.0,0.0,0.0,0,24081.218314895465,40402.35752772312,88245.69417990699,370461.40946096537,3574.423545610975,0.007986084610204667,2.999771611430986,False,0
102,380065.61005131016,3608.501957981866,-1.6288460778028977,-1.6918043663236009,7.85482765718939,-4.98817951571688,1.7635385457461203,-0.2004730471148149,0.5670600117072715,0.9999722654483626,1,0.0,0.0,0.0,0.0,0.0,0,24179.28692693042,40630.0524461742,88149.81428763768,370338.56129714026,3624.4048670348457,0.008116157450995507,2.999977012294404,False,0
103,380071.64567543037,3658.1363335846586,-1.6174511831680218,-1.6919412216697198,7.851988560899272,-4.975004940650881,1.752844148299163,-0.2010054851143657,0.5704875351583505,1.0000209812902812,1,0.0,0.0,0.0,0.0,0.0,0,24277.326704834762,40856.52643080611,88057.64308106597,370216.6334547918,3674.3864949770796,0.008246230291786338,3.000173955884747,False,0
104,380077.68813272554,3707.7698777844907,-1.606285334936234,-1.6920608867144908,7.849429674146078,-4.9620140083776025,1.742345094676006,-0.2015304705893585,0.5739520592891336,0.9999804271775916,1,0.0,0.0,0.0,0.0,0.0,0,24375.31549443188,41081.85177267129,87969.01628136687,370095.60609590786,3724.368432827471,0.0083763031325772,3.000362825745793,False,0
105,380083.736493798,3757.4027028938544,-1.5953409501828735,-1.69216746940978,7.847141141411125,-4.949294874039103,1.731829893636284,-0.2020496638999118,0.5774088749910068,1.00002268420399,1,0.0,0.0,0.0,0.0,0.0,0,24473.24063038791,41306.101678800784,87883.79929869906,369975.45688591804,3774.3506921245516,0.00850637597336802,3.000543935002677,False,0
106,380089.7901804157,3807.0348787310522,-1.5846107786658954,-1.692257560488198,7.8451116279310575,-4.936750122083272,1.7214905127951527,-0.2025618057003173,0.5809056771865815,0.9999793693682492,1,0.0,0.0,0.0,0.0,0.0,0,24571.082230283122,41529.32640468534,87801.84323511158,369856.16786733526,3824.3332748459948,0.008636448814158855,3.000717631952404,False,0
107,380095.848302846,3856.666513326554,-1.5740879124835132,-1.6923340784304763,7.843332229364057,-4.924450555052231,1.711147625513491,-0.203068314145686,0.5844037187907346,0.9999990919523806,1,0.0,0.0,0.0,0.0,0.0,0,24668.829594279116,41751.09486350294,87723.02736474923,369737.71847025916,3874.3161911935304,0.008766521654949762,3.000884197966228,False,0
108,380101.9102407585,3906.2976820488993,-1.5637657412502517,-1.6923942480778176,7.841793028924161,-4.912333575482597,1.7009213720485974,-0.203568473017236,0.5879349799695082,0.9999725831395913,1,0.0,0.0,0.0,0.0,0.0,0,24766.466833161307,41972.777894402214,87647.22156008994,369620.0915272645,3924.2994441002375,0.008896594495740628,3.001043937675943,False,0
109,380107.9751440232,3955.928488493964,-1.5536379564624008,-1.69244162795182,7.840485926207723,-4.90045264953837,1.6906649132449914,-0.2040634515747086,0.5914667604888322,1.0000246194378315,1,0.0,0.0,0.0,0.0,0.0,0,24863.98477020499,42193.412875786555,87574.31680716606,369503.26809041825,3974.283042381135,0.009026667336531409,3.001197105618984,False,0
110,380114.04243749846,4005.559002796027,-1.5436985133548728,-1.6924749204117635,7.83940178045924,-4.888735196285099,1.6805275075498871,-0.2045523568053469,0.5950393026304225,1.0000177780212602,1,0.0,0.0,0.0,0.0,0.0,0,24961.36898541794,42413.01571049896,87504.19427709587,369387.2325536269,4024.266987585574,0.009156740177322308,3.0013439804807294,False,0
111,380120.1113832923,4055.189315075441,-1.5339416344432706,-1.6924934662954048,7.838532815561355,-4.877190026633379,1.6704691153380242,-0.2050356229130623,0.5986465475135441,0.9999817365720864,1,0.0,0.0,0.0,0.0,0.0,0,25058.609954850283,42631.60065342359,87436.75113081258,369271.96816932247,4074.251285350875,0.009286813018113176,3.001484803061477,False,0
112,380126.18121394445,4104.819519143641,-1.5243617893974324,-1.6924982752869235,7.837871822060504,-4.865839827480422,1.660412134377133,-0.2055139259537566,0.6022719798136712,0.9999824508707807,1,0.0,0.0,0.0,0.0,0.0,0,25155.699745873862,42849.17602129118,87371.89176511027,369157.45839821326,4124.2359418463,0.009416885858903929,3.0016197972601075,False,0
113,380132.25128326786,4154.449694021542,-1.5149536755983437,-1.6924879427612136,7.837411350531911,-4.854657614249067,-0.2059871123972535,1.6504017352939255,0.6059306772894738,0.9999740558698728,1,0.0,0.0,0.0,0.0,0.0,0,25252.628644581535,43065.73979634107,87309.5191450832,369043.6883776467,4174.220960013207,0.009546958699694833,3.001749190858201,False,0
114,380138.3208397859,4204.079931615919,-1.505712214993,-1.692465223006088,7.837144870404447,-4.843663198595613,-0.2064558174376694,1.6403643203966014,0.6096063338309605,1.0000210759369117,1,0.0,0.0,0.0,0.0,0.0,0,25349.390080117446,43281.3992965167,87249.54706039543,368930.64265165897,4224.206345211969,0.009677031540485671,3.001873186042164,False,0
115,380144.38930429413,4253.71030274605,-1.496632531324657,-1.6924291609688549,7.8370653385942735,-4.832810142744262,-0.2069195388218216,1.6303993947509412,0.6133294159582203,1.0000252462064352,1,0.0,0.0,0.0,0.0,0.0,0,25445.974602264992,43496.641677700274,87191.8848824259,368818.307870758,4274.192098410822,0.009807104381276568,3.001991995986657,False,0
116,380150.45597902616,4303.340892685042,-1.487709950901261,-1.6923794931366711,7.837166651560292,-4.82210327222388,-0.2073786439446721,1.6204748619631129,0.6170953244431676,1.0000113018835437,1,0.0,0.0,0.0,0.0,0.0,0,25542.37605515134,43710.990479659085,87136.45286658515,368706.66992297105,4324.178223292512,0.009937177222067325,3.002105808065963,False,0
117,380156.5201887068,4352.971783881464,-1.4789399867067339,-1.6923166260943852,7.837442905415915,-4.811540506190802,-0.2078333856246815,1.6105759511456357,0.6209039507808509,0.9999882755707314,1,0.0,0.0,0.0,0.0,0.0,0,25638.588478109392,43924.42005208526,87083.17423985596,368595.71530189354,4374.164722772686,0.010067250062858215,3.002214802834562,False,0
118,380162.5812426489,4402.6030605637025,-1.470318330312088,-1.692239690311842,7.837888562596686,-4.801127211771457,-0.2082841445465262,1.600666080715267,0.6247487759939968,0.9999871513185034,1,0.0,0.0,0.0,0.0,0.0,0,25734.606840813707,44136.90064783835,87031.97688835242,368485.4307233172,4424.151599887784,0.010197322903649001,3.0023191499489097,False,0
119,380168.6384733416,4452.234803998105,-1.461840841417534,-1.6921504717132252,7.838498250424021,-4.790861792235195,-0.2087311820299906,1.5907265844613818,0.6286280382677099,1.000022423519706,1,0.0,0.0,0.0,0.0,0.0,0,25830.426213209343,44348.397604130194,86982.79119227605,368375.80347891536,4474.138856882046,0.010327395744439917,3.002419013345722,False,0
120,380174.69131632574,4501.867082726843,-1.4535035365324032,-1.692047334015291,7.839266392781062,-4.780710095668465,-0.2091741615525815,1.5808361142477687,0.6325693076204825,1.0000105679845197,1,0.0,0.0,0.0,0.0,0.0,0,25926.04021589813,44558.869434474924,86935.54617176016,368266.82215776114,4524.126493448883,0.010457468585230707,3.0025145604737022,False,0
121,380180.7390403188,4551.499985467902,-1.4453025910854453,-1.6919325206119604,7.840188429785748,-4.770696954915056,-0.2096138129159491,1.570899567508046,0.6365484770250903,1.0000422957278663,1,0.0,0.0,0.0,0.0,0.0,0,26021.44624594861,44768.27605287222,86890.1821005032,368158.47410180303,4574.114512801854,0.010587541426021545,3.0026059319876826,False,0
122,380186.7810802964,4601.133580470768,-1.437234319633966,-1.6918049580483858,7.841259286693434,-4.76079363507933,-0.2100498827354699,1.5609828771993712,0.640590224460305,1.0000454858189036,1,0.0,0.0,0.0,0.0,0.0,0,26116.638967741397,44976.56939926378,86846.6345738706,368050.74850926345,4624.1029141984745,0.010717614266812357,3.0026932799851758,False,0
123,380192.8167877038,4650.7679459456585,-1.4292951780764938,-1.6916646773971142,7.842474492949535,-4.751001234043131,-0.2104826591642227,1.5510626800513905,0.6446924412159012,1.0000382424745018,1,0.0,0.0,0.0,0.0,0.0,0,26211.61511089158,45183.700957081324,86804.84606359123,367943.6340896891,4674.091698501795,0.010847687107603286,3.002776740247825,False,0
124,380198.84552817594,4700.40315812732,-1.4214817534420343,-1.6915121138420204,7.843829726632016,-4.741317768767331,-0.2109123737207698,1.541124246581048,0.6488556160557001,1.0000302933977607,1,0.0,0.0,0.0,0.0,0.0,0,26306.37154921604,45391.547986249454,86764.76115122705,367837.1199616649,4724.08086598816,0.010977759948394106,3.002856443669904,False,0
125,380204.86669061345,4750.039290157348,-1.4137907573687711,-1.6913467435223464,7.845320767573025,-4.7317358177653,-0.211339146482618,1.5311708886187714,0.6530863196329626,1.0000122306796504,1,0.0,0.0,0.0,0.0,0.0,0,26400.905114268884,45598.361691342616,86726.3260240707,367731.19572701445,4774.0704161713475,0.011107832789184974,3.002932517457534,False,0
126,380210.87964078475,4799.676417695463,-1.4062190218865283,-1.691170010486739,7.846943685736044,-4.722256380595334,-0.2117632592614613,1.5211774313833877,0.6573819276304157,1.0000050456984555,1,0.0,0.0,0.0,0.0,0.0,0,26495.21342688799,45803.976337278946,86689.49036036355,367625.8510299863,4824.060348761402,0.011237905629975764,3.003005080588344,False,0
127,380216.8838005506,4849.314609297368,-1.3987634911318179,-1.6909791430616383,7.848694500540349,-4.712865853949075,-0.2121847053460948,1.5111695421236997,0.6617571573376101,0.9999746876864608,1,0.0,0.0,0.0,0.0,0.0,0,26589.29344760254,46008.32879813208,86654.20383202974,367521.07626622386,4874.05066204858,0.011367978470766635,3.003074252194649,False,0
128,380222.8784681021,4898.953948142151,-1.3914212222822933,-1.690778399517938,7.850569907269413,-4.70358643652635,-0.212604175514109,1.5010437746720482,0.6661826800439639,1.0000285199048446,1,0.0,0.0,0.0,0.0,0.0,0,26683.14462661522,46211.35766827685,86620.42343588156,367416.8609604385,4924.041356463813,0.011498051311557473,3.003140133962817,False,0
129,380228.8632063394,4948.594485087581,-1.3841893674430543,-1.690564843634327,7.852565698452119,-4.694369104202929,-0.2130209560972001,1.4909575572288232,0.6707200065172573,0.999985942857422,1,0.0,0.0,0.0,0.0,0.0,0,26776.762104340247,46414.63481996692,86588.09750478501,367313.1972230015,4974.032426991381,0.011628124152348322,3.00320284848267,False,0
130,380234.83730782743,4998.236303259469,-1.3770651871117587,-1.690337948472752,7.854678912597257,-4.68524022368453,-0.213435811798582,1.480791524407917,0.6753349488987492,0.9999716817804796,1,0.0,0.0,0.0,0.0,0.0,0,26870.146009250137,46617.62488745026,86557.18738833816,367210.07496974693,5024.023873547662,0.011758196993139167,3.003262487225108,False,0
131,380240.80014567374,5047.879475648226,-1.3700460338230027,-1.6901008540643918,7.856906403000921,-4.676204208068628,-0.2138490824470955,1.4705013060559542,0.6800185216117456,1.0000298975516324,1,0.0,0.0,0.0,0.0,0.0,0,26963.295293411007,46819.19999124855,86527.65294883936,367107.48505234584,5074.015694119817,0.01188826983393003,3.003319145333539,False,0
132,380246.75124881935,5097.524056131391,-1.3631293456843312,-1.689851708849187,7.8592445676977425,-4.667227537652789,-0.2142603292926688,1.4601969889286963,0.6848195296179302,1.000026876562636,1,0.0,0.0,0.0,0.0,0.0,0,27056.206565864442,47019.28467882504,86499.44989814621,367005.41988063615,5124.007883565947,0.012018342674720857,3.003372927993424,False,0
133,380252.68998307065,5147.17011776261,-1.3563126528855332,-1.6895916528017252,7.861690572858436,-4.65831966652749,-0.2146699803005706,1.4498179070551722,0.689725107167972,1.000022798191697,1,0.0,0.0,0.0,0.0,0.0,0,27148.879409977293,47218.77813760336,86472.54201547116,366903.87062829226,5174.000439406988,0.012148415515511652,3.0034239211313505,False,0
134,380258.61580636253,5196.817722118843,-1.3495935656033642,-1.689319318892527,7.86424136420867,-4.649468414180704,-0.2150780150727806,1.439393167961894,0.6947568680156927,0.9999732738840548,1,0.0,0.0,0.0,0.0,0.0,0,27241.312113403692,47418.970938515246,86446.89123491463,366802.8294490818,5223.99335720601,0.012278488356302492,3.0034722151725424,False,0
135,380264.52807312075,5246.466942674459,-1.3429697767270787,-1.6890343287143676,7.866894393026125,-4.640687104659312,-0.2154849415012608,1.4288384256626572,0.6998931217703467,0.9999676255969552,1,0.0,0.0,0.0,0.0,0.0,0,27333.50483285106,47617.55101522093,86422.46484493613,366702.2877888092,5273.9866339451655,0.012408561197093356,3.003517887783388,False,0
136,380270.4261900992,5296.117846151725,-1.3364390534996327,-1.6887396810481927,7.8696470272235475,-4.631976880959506,-0.215891018927488,1.418116434431086,0.7051300131928636,1.0000413332010656,1,0.0,0.0,0.0,0.0,0.0,0,27425.457050658646,47814.44093681902,86399.2296105389,366602.2377163407,5323.9802653245715,0.012538634037884204,3.003561017950267,False,0
137,380276.309720952,5345.770480167501,-1.3299992311668025,-1.6884330357092003,7.87249618487589,-4.623304748651254,-0.2162957701097705,1.4073567870076125,0.7105333924702967,1.000024747294902,1,0.0,0.0,0.0,0.0,0.0,0,27517.16596992832,48011.594099498005,86377.14820149125,366502.6728033078,5373.974244224425,0.012668706878675055,3.003601694532684,False,0
138,380282.17801771534,5395.424916959157,-1.3236482214475764,-1.6881159645099644,7.875439657021697,-4.614686858222496,-0.2166997598209925,1.396454463195776,0.7160755123988484,1.0000316219587768,1,0.0,0.0,0.0,0.0,0.0,0,27608.632314148592,48208.6357891831,86356.1921736259,366403.5849692722,5423.968566564014,0.012798779719465872,3.0036399851518643,False,0
139,380288.0305770853,5445.081211110262,-1.3173839985476876,-1.6877865504502203,7.878474820036144,-4.606107960440346,-0.2171028763861162,1.385459031118784,0.721794121885509,0.9999845283249555,1,0.0,0.0,0.0,0.0,0.0,0,27699.854703354067,48403.83496350575,86336.32930167421,366304.96751890756,5473.9632256595,0.012928852560256714,3.00367596654022,False,0
140,380293.86673617107,5494.739435475688,-1.3112046057738282,-1.6874477923944031,7.881599704341839,-4.597587770625395,-0.2175057686816661,1.3742309358921423,0.7276473540358286,1.000042635429174,1,0.0,0.0,0.0,0.0,0.0,0,27790.834354053542,48597.75521879736,86317.53400491647,366206.81255625363,5523.958216814406,0.013058925401047607,3.003709699560688,False,0
141,380299.6861083916,5544.3996298667425,-1.3051081397346327,-1.687096390419831,7.88481148130079,-4.5890888528199065,-0.2179078225410886,1.3629473516310964,0.7337344119049956,0.9999602687709884,1,0.0,0.0,0.0,0.0,0.0,0,27881.568436969595,48793.15170516988,86299.77262084442,366109.11464619247,5573.953531011007,0.013188998241838406,3.003741264472483,False,0
142,380305.48799396894,5594.061870288879,-1.299092765630511,-1.686734037020322,7.888108484681266,-4.580639490622773,-0.2183098782601674,1.3514097615107183,0.7399907337509142,0.9999704503407538,1,0.0,0.0,0.0,0.0,0.0,0,27972.058976427536,48986.54094946001,86283.0230140857,366011.865871538,5623.949163264045,0.013319071082629214,3.003770713973373,False,0
143,380311.27188388444,5643.726209783606,-1.2931566997502588,-1.6863617382174445,7.891488479946918,-4.572229093244913,-0.2187119126572512,1.3396366125123642,0.7464505771127079,1.000026508108858,1,0.0,0.0,0.0,0.0,0.0,0,28062.305248082033,49177.93347296687,86267.25777283956,365915.06004224153,5673.945105542251,0.013449143923420117,3.00379811343058,False,0
144,380317.03731902124,5693.392695039572,-1.2872982115685476,-1.685977685317358,7.894949157815634,-4.563838914310824,-0.2191137019417851,1.3277099100545002,0.7531847651417023,0.9999894837540678,1,0.0,0.0,0.0,0.0,0.0,0,28152.305950657523,49371.51939781716,86252.44902123259,365818.6914986567,5723.941348876991,0.0135792167642109,3.003823529350166,False,0
145,380322.783661377,5743.0613929239635,-1.2815156282450137,-1.685583674948057,7.8984888766526,-4.555485489036214,-0.2195158309291431,1.3154717559266682,0.7601545503760673,1.000036977838117,1,0.0,0.0,0.0,0.0,0.0,0,28242.062498245912,49562.917404406406,86238.57551338861,365722.753232087,5773.937886154837,0.013709289605001737,3.0038470124026686,False,0
146,380328.5104511041,5792.732349019279,-1.2758073221926267,-1.6851796586460237,7.902105486929361,-4.54715188316473,-0.2199181082081576,1.3029913145736598,0.7674371549956571,1.000035013942401,1,0.0,0.0,0.0,0.0,0.0,0,28331.57383123593,49752.42048812834,86225.61135272031,365627.23981780326,5823.934707701984,0.01383936244579262,3.0038686244135384,False,0
147,380334.2171724881,5842.405614777075,-1.2701717159815105,-1.6847642151523143,7.905797098869546,-4.538832924920261,-0.2203206083026001,1.2902608559241464,0.7750826132121058,0.9999428164297413,1,0.0,0.0,0.0,0.0,0.0,0,28420.83981877193,49943.973918280026,86213.53334280384,365532.14548032323,5873.931804174409,0.013969435286583445,3.003888420769037,False,0
148,380339.90321386367,5892.081251999722,-1.2646072815415037,-1.684337852702036,7.9095621932662015,-4.530541137201287,-0.2207238260121077,1.2771134953990029,0.7830675800782658,0.9999354562310055,1,0.0,0.0,0.0,0.0,0.0,0,28509.861763955152,50133.14889694052,86202.32199313435,365437.463779357,5923.929166844254,0.014099508127374313,3.00390644801542,False,0
149,380345.56808157905,5941.75930825968,-1.2591125323375267,-1.6839007051138064,7.913398941704616,-4.522268080324791,-0.2211277580519227,1.2635398612009776,0.7914625231379124,0.9999565533896956,1,0.0,0.0,0.0,0.0,0.0,0,28598.63939146785,50321.33819280799,86191.95506501653,365343.1893424134,5973.926785293171,0.014229580968165165,3.003922759291662,False,0
150,380351.2112329113,5991.4398360652585,-1.253686026437936,-1.6834542957632497,7.917305733794285,-4.514014597507254,-0.2215326226428363,1.2494338196682415,0.8003038116340848,1.00007186457873,1,0.0,0.0,0.0,0.0,0.0,0,28687.173195838637,50510.59557707618,86182.41256388987,365249.31650395266,6023.924649203696,0.014359653808955977,3.0039374023883365,False,0
151,380356.83224143344,6041.122874048004,-1.2483263603251575,-1.6829967599309972,7.921280666423975,-4.505762478962783,-0.2219381631362805,1.2348832375148655,0.8097643889591463,1.0000348828613077,1,0.0,0.0,0.0,0.0,0.0,0,28775.462170173356,50697.274723992996,86173.67193357593,365155.8406304576,6073.922746798949,0.014489726649746853,3.0039504312335428,False,0
152,380362.4305175976,6090.808478643216,-1.2430321750862436,-1.6825301623107636,7.925322395266146,-4.497521823672317,-0.2223448174778381,1.2196535648203293,0.8198709774420221,1.0000407723709257,1,0.0,0.0,0.0,0.0,0.0,0,28863.50761393929,50884.66343493401,86165.71602913222,365062.75587573834,6123.92106738211,0.014619799490537743,3.003961886834677,False,0
153,380368.0056099677,6140.496689972072,-1.2378021466418248,-1.6820522082948268,7.92942921434349,-4.489280139990401,-0.222752460851675,1.2037486246771776,0.8308447305786033,0.9998736158186576,1,0.0,0.0,0.0,0.0,0.0,0,28951.309027740208,51071.31763409523,86158.52449054341,364970.0575929857,6173.9195986569375,0.014749872331328498,3.0039718178955086,False,0
154,380373.5569058217,6190.187565536313,-1.232634992515628,-1.6815634572705265,7.933599952925557,-4.481051617767425,-0.2231616386121743,1.1867422461079449,0.8427259278868251,0.9999027273391408,1,0.0,0.0,0.0,0.0,0.0,0,29038.868134772405,51255.61216087482,86152.0820886007,364877.73994202743,6223.918329162502,0.01487994517211933,3.0039802608707884,False,0
155,380379.08392614167,6239.8811470774335,-1.2275294624845916,-1.6810661253779051,7.937833092631715,-4.472829027661624,-0.2235723574312258,1.168389859013806,0.8557982187058024,1.000093118564669,1,0.0,0.0,0.0,0.0,0.0,0,29126.184931403724,51442.238988024714,86146.37050946057,364785.7982352351,6273.917245959259,0.015010018012910197,3.003987259595177,False,0
156,380384.5862671854,6289.577467293691,-1.2224843389673978,-1.6805583415961884,7.942126951130734,-4.464594312190281,-0.2239843347056448,1.14860063112582,0.8707151805835974,0.99989681803871,1,0.0,0.0,0.0,0.0,0.0,0,29213.258501832257,51625.95795999178,86141.37010182976,364694.2284681119,6323.916335273437,0.015140090853701002,3.003992861107938,False,0
157,380390.0633329608,6339.276579463771,-1.2174984429094777,-1.6800396507001776,7.946480455369518,-4.456359896246592,-0.2243980718456858,1.1263658588971188,0.888031912372973,0.9997526656662378,1,0.0,0.0,0.0,0.0,0.0,0,29300.09051464178,51810.25582184075,86137.06696323573,364603.02519132115,6373.915584129051,0.015270163694491905,3.003997098719843,False,0
158,380395.5146193316,6388.978525873364,-1.212570625012111,-1.679511824649942,7.950892309477082,-4.448124051177818,-0.2248137098370783,1.1001146632863696,0.9091757375892618,0.9998032086903208,1,0.0,0.0,0.0,0.0,0.0,0,29386.681481352483,51993.79626982478,86133.44526706905,364512.183763785,6423.914978501241,0.015400236535282701,3.0040000103447704,False,0
159,380400.9396751192,6438.683342236574,-1.2076997656965678,-1.6789733906226372,7.955361112853729,-4.439877667319928,-0.2252311866254367,1.066012568009481,0.9386942881653232,0.9993416102894151,1,0.0,0.0,0.0,0.0,0.0,0,29473.031283250428,52175.569617073466,86130.48837553966,364421.7000438415,6473.914503688187,0.015530309376073524,3.004001635841763,False,0
160,380406.33796419867,6488.39107277232,-1.2028847776393492,-1.6784250477659166,7.959885749805285,-4.431624668548355,-0.2256507867368407,0.9989993998755616,0.9989993998755616,1.0010098008820727,1,0.0,0.0,0.0314932285272513,-0.0314932285272513,0.0,0,29559.140944855753,52358.895077928864,86128.182372082,364331.5692931366,6523.914144948912,0.015660382216864367,3.004002008573657,False,1
161,380411.7090165565,6538.101753682658,-1.1981246007955275,-1.6778670164953609,7.964464960081276,-4.4233596240638775,-0.226072543078853,0.9970210536116136,0.9970210536116136,0.9999347473937874,1,0.0,0.0,0.0775507339773924,-0.0775507339773924,0.0,0,29645.010691519594,52538.971383065786,86126.51215253318,364241.78736746224,6573.913886811926,0.015790455057655216,3.004001164743932,False,1
162,380417.052327965,6587.815424068108,-1.193418204024636,-1.677299574059386,7.969097619889137,-4.415082453724487,-0.2264966314816445,0.9946214969641743,0.9946214969641743,0.9997078570088116,1,0.0,0.0,0.1049714355398438,-0.1049714355398438,0.0,0,29730.641229293135,52721.42045527731,86125.46396717052,364152.34992311883,6623.913713486794,0.015920527898446085,3.0039991373238184,False,1
163,380422.3674466776,6637.532116567418,-1.1887645819209636,-1.6767232067172186,7.973782500756645,-4.406786125021218,-0.226923032985464,0.9920659730458794,0.9920659730458794,0.9998032338922078,1,0.0,0.0,0.1264936223643186,-0.1264936223643186,0.0,0,29816.032650667476,52901.09661339229,86125.02324714162,364063.2530960247,6673.913608598102,0.016050600739236923,3.0039959612429423,False,1
164,380427.6539094308,6687.251864269509,-1.1841627555633665,-1.6761356816693505,7.978518446796302,-4.3984658411493625,-0.2273517858845611,0.989410879160953,0.989410879160953,1.0001105553282077,1,0.0,0.0,0.1447636171508784,-0.1447636171508784,0.0,0,29901.18524648703,53081.516258439355,86125.17619679114,363974.4929931484,6723.9135553960405,0.016180673580027772,3.0039916695841105,False,1
165,380432.9111240546,6736.974713085695,-1.1796117745359227,-1.6755392151739028,7.983304681117166,-4.390134191307895,-0.2277834214338534,0.9869534594225312,0.9869534594225312,1.0000204244729682,1,0.0,0.0,0.160943027861163,-0.160943027861163,0.0,0,29986.10090569494,53260.73221007472,86125.91250613335,363886.06480046833,6773.913536823332,0.016310746420818575,3.003986287118769,False,1
166,380438.13869754324,6786.700686936613,-1.1751107079011451,-1.6749325004439408,7.988139929457188,-4.381777474859959,-0.2282177251915225,0.984437171644518,0.984437171644518,1.000057379077132,1,0.0,0.0,0.1755756009587835,-0.1755756009587835,0.0,0,30070.779128195543,53439.31206235539,86127.21753572777,363797.96529577364,6823.9135351116765,0.01644081926160945,3.003979848943674,False,1
167,380443.33607909596,6836.429825527552,-1.1706586523124933,-1.6743165536589737,7.993023370579058,-4.373403099524913,-0.2286550870236415,0.9819980039072098,0.9819980039072098,0.9999397438238412,1,0.0,0.0,0.1890484429113596,-0.1890484429113596,0.0,0,30155.22136084002,53617.997729686685,86129.08077248263,363710.190105621,6873.913532132901,0.016570892102400335,3.0039723803127822,False,1
168,380448.50287483376,6886.162151250389,-1.1662547234329608,-1.6736920171971743,7.997953802696314,-4.364998451557333,-0.2290953119659544,0.9794958821744691,0.9794958821744691,0.9999582245378614,1,0.0,0.0,0.2015661479338868,-0.2015661479338868,0.0,0,30239.42718850699,53794.916517603866,86131.48844611604,363622.73612598504,6923.913509309084,0.01670096494319114,3.003963914250843,False,1
169,380453.63860633096,6935.89769449652,-1.1618980611949452,-1.6730568483122603,8.002930281245698,-4.3565623891682925,-0.2295385362203046,0.9769580878210472,0.9769580878210472,1.0000573185745742,1,0.0,0.0,0.2132993800553287,-0.2132993800553287,0.0,0,30323.39726148185,53972.99133847069,86134.42915747924,363535.5996514596,6973.913447609981,0.016831037783981956,3.003954478120871,False,1
170,380458.74270791624,6985.636493708095,-1.1575878290629567,-1.6724120631709372,8.007952112504874,-4.348104550819219,-0.2299852205120018,0.9744918129712128,0.9744918129712128,1.0000107105422544,1,0.0,0.0,0.2243996704407303,-0.2243996704407303,0.0,0,30407.133268935664,54148.42031143831,86137.89378927955,363448.77637790027,7023.9133273321095,0.016961110624772856,3.003944093848083,False,1
171,380463.8147554192,7035.378571812309,-1.1533232078194111,-1.6717587708387318,8.013018267817483,-4.3396172111439455,-0.2304353090760112,0.9720325344499728,0.9720325344499728,0.9999532200058244,1,0.0,0.0,0.2349436119185661,-0.2349436119185661,0.0,0,30490.635255388275,54325.799690815715,86141.87038102171,363362.2631331551,7073.913128520431,0.017091183465563653,3.0039327901339026,False,1
172,380468.8543235392,7085.123951026519,-1.1491033984139172,-1.6710956627295603,8.018127754283462,-4.331093423762602,-0.2308887617109327,0.9695418501455404,0.9695418501455404,0.999966752333991,1,0.0,0.0,0.2449919429259904,-0.2449919429259904,0.0,0,30573.903322703613,54499.90094829862,86146.34738661171,363276.0567834726,7123.912830822118,0.01722125630635453,3.0039205946866816,False,1
173,380473.86090615,7134.87266086465,-1.1449276232009873,-1.6704236611492371,8.023279809623475,-4.322536110426494,-0.2313458393529245,0.9670573074513732,0.9670573074513732,0.9999712253937943,1,0.0,0.0,0.2546138152508154,-0.2546138152508154,0.0,0,30656.938528714993,54676.48862969201,86151.31535070788,363190.1536412944,7173.912413150954,0.01735132914714532,3.0039075302319524,False,1
174,380478.83405425935,7184.624724117162,-1.1407951220493096,-1.6697419624725676,8.028473556026244,-4.313941742059473,-0.2318066035667146,0.9645663679012147,0.9645663679012147,0.9999933988271684,1,0.0,0.0,0.2638524965159311,-0.2638524965159311,0.0,0,30739.741303471324,54849.41742460843,86156.76389543034,363104.5504924932,7223.911854129889,0.01748140198793614,3.0038936216862826,False,1
175,380483.7732674823,7234.380167766476,-1.13670515431102,-1.6690507829591916,8.033708266759938,-4.305312805330276,-0.2322713060443076,0.9620940121582569,0.9620940121582569,0.9999787904039584,1,0.0,0.0,0.2727557397708988,-0.2727557397708988,0.0,0,30822.3126732324,55025.11272663495,86162.68402640324,363019.2437950113,7273.911131645326,0.01761147482872702,3.003878890671172,False,1
176,380488.6781119812,7284.1390112060335,-1.132656995505899,-1.6683507346657112,8.038983077406664,-4.296644478048611,-0.2327399675265004,0.9596197312841876,0.9596197312841876,0.9999715170682856,1,0.0,0.0,0.2813495312930711,-0.2813495312930711,0.0,0,30904.65293718851,55197.016772168456,86169.06564253119,362934.23054629687,7323.910223420672,0.017741547669517885,3.003863361436988,False,1
177,380493.5481251911,7333.90127573786,-1.1286499390032205,-1.667641508115669,8.044297217190186,-4.287935370962103,-0.2332127156766751,0.9571449034117449,0.9571449034117449,0.99996840466446,1,0.0,0.0,0.2896621785218904,-0.2896621785218904,0.0,0,30986.76272993459,55371.711721855965,86175.899529309,362849.50758461055,7373.909106543714,0.017871620510308744,3.0038470561231234,False,1
178,380498.38284760434,7383.666981391309,-1.1246832947722445,-1.6669234444480967,8.049649932528803,-4.279184039772672,-0.2336896765669062,0.954670226680815,0.954670226680815,0.9999677293336752,1,0.0,0.0,0.2977178122566507,-0.2977178122566507,0.0,0,31068.642678965814,55542.73029438347,86183.17668940018,362765.0718092345,7423.907757619623,0.01800169335109955,3.003829996344023,False,1
179,380503.1818364863,7433.4361455968055,-1.1207563885593648,-1.6661967521810552,8.055040452628173,-4.270387454798222,-0.2341709229496802,0.9521888704600792,0.9521888704600792,0.9999845363759662,1,0.0,0.0,0.3055343633386305,-0.3055343633386305,0.0,0,31150.293243723223,55716.31142852964,86190.88805488007,362680.920288615,7473.906152882696,0.018131766191890473,3.003812203877976,False,1
180,380507.9446433494,7483.208785377929,-1.1168685619202219,-1.6654601517584036,8.060468042249578,-4.261543391558124,-0.2346565542364801,0.9496987805609616,0.9496987805609616,1.0000235180272194,1,0.0,0.0,0.3131287606021385,-0.3131287606021385,0.0,0,31231.714960277197,55886.57628602224,86199.02493509611,362597.0500962237,7523.904268038049,0.01826183903268122,3.003793699602958,False,1
181,380512.67074947926,7532.984923444799,-1.1130191732189816,-1.664714260819764,8.065932153190673,-4.252657224705186,-0.2351469240638896,0.9472295085340224,0.9472295085340224,1.000018103272588,1,0.0,0.0,0.3205290777970922,-0.3205290777970922,0.0,0,31312.909155135916,56058.925809333516,86207.58026846648,362513.45782096504,7573.90207763663,0.01839191187347214,3.0037745005107253,False,1
182,380517.3597279814,7582.7645727063755,-1.1092075934877925,-1.6639604700677713,8.071432040583868,-4.243724748084531,-0.2356420695107969,0.9447675186252322,0.9447675186252322,0.999998064722866,1,0.0,0.0,0.3277440906561386,-0.3277440906561386,0.0,0,31393.87615968025,56228.56369276247,86216.5454072081,362430.1407735127,7623.899556510749,0.018521984714262953,3.003754627364706,False,1
183,380522.0111995391,7632.547740668529,-1.105433207019754,-1.663196438300096,8.076966868619278,-4.234737134878694,-0.2361418614603859,0.9422837729198192,0.9422837729198192,1.0000292254133198,1,0.0,0.0,0.3347735904618391,-0.3347735904618391,0.0,0,31474.615792391996,56399.55771285633,86225.911034623,362347.0966708805,7673.896679538169,0.018652057555053805,3.003734102523687,False,1
184,380526.624609965,7682.334450182648,-1.1016954159806762,-1.6624244687408982,8.08253623112317,-4.225703794473628,-0.2366468014953771,0.9398204134912592,0.9398204134912592,1.0000155257770629,1,0.0,0.0,0.3416471539638198,-0.3416471539638198,0.0,0,31555.129812687985,56568.685774640566,86235.67144581601,362264.3219477105,7723.893419221374,0.018782130395844678,3.0037129397288984,False,1
185,380531.1995912294,7732.124705719536,-1.0979936318399948,-1.6616428108242949,8.08813930529509,-4.216615175889421,-0.2371567341645973,0.9373464342713792,0.9373464342713792,1.0000275878132554,1,0.0,0.0,0.3483610063293011,-0.3483610063293011,0.0,0,31635.41794592963,56738.198244593135,86245.81756333535,362181.8144811245,7773.889749587461,0.01891220323663546,3.003691160760027,False,1
186,380535.73564092506,7781.918523138575,-1.0943272822046357,-1.660852080413288,8.09377559798333,-4.207475466058704,-0.2376719858525201,0.9348818450083238,0.9348818450083238,1.0000192277247817,1,0.0,0.0,0.3549333163535234,-0.3549333163535234,0.0,0,31715.48139173258,56906.13624713015,86256.34308184462,362099.5711791968,7823.885642575749,0.019042276077426368,3.0036687807854765,False,1
187,380540.2323269506,7831.715910768714,-1.0906958058652263,-1.660053526896491,8.099444472788225,-4.198282052195542,-0.2381926429212032,0.9324214675606116,0.9324214675606116,1.00000199896473,1,0.0,0.0,0.3613700459790512,-0.3613700459790512,0.0,0,31795.320609076996,57075.40110825686,86267.24057213393,362017.5895020525,7873.881070435058,0.019172348918217164,3.0036458176426963,False,1
188,380544.6892634946,7881.516871769913,-1.087098652979137,-1.6592451095663,8.105145205437468,-4.1890279955117045,-0.2387186352440319,0.9299472304319014,0.9299472304319014,1.000018027180254,1,0.0,0.0,0.3676697915970555,-0.3676697915970555,0.0,0,31874.93556703691,57242.78289320145,86278.50196270963,361935.8672977733,7923.876005568864,0.019302421759008027,3.0036222906995658,False,1
189,380549.10592079954,7931.321421142923,-1.0835352889098857,-1.658428737215308,8.110877414222394,-4.179720415056502,-0.2392504014143344,0.9274861611155636,0.9274861611155636,1.0000038979042591,1,0.0,0.0,0.3738525591017229,-0.3738525591017229,0.0,0,31954.327783108514,57410.15549901358,86290.12201151965,361854.40137497894,7973.870417811391,0.01943249459979881,3.003598212575662,False,1
190,380553.4819354087,7981.129557989666,-1.0800051870697636,-1.6576033967008796,8.116640358824077,-4.17035064330572,-0.239787806709114,0.9250152470537758,0.9250152470537758,1.0000135951981832,1,0.0,0.0,0.379913100235798,-0.379913100235798,0.0,0,32033.497014951892,57577.462429903644,86302.09263310568,361773.1898124416,8023.864278887328,0.019562567440589745,3.0035736026615707,False,1
191,380557.8168220302,8030.941291125321,-1.0765078349167532,-1.6567688646269745,8.12243358892373,-4.16092177243249,-0.2403311479069059,0.9225478830834224,0.9225478830834224,1.00001539874911,1,0.0,0.0,0.3858638347568572,-0.3858638347568572,0.0,0,32112.444326158846,57742.802767418005,86314.40813138049,361692.2298125625,8073.857558142688,0.019692640281380555,3.003548474647725,False,1
192,380562.11013765854,8080.756624516895,-1.0730427300248973,-1.6559255250540617,8.128256572413832,-4.15143287161892,-0.2408805772667244,0.920084676786146,0.920084676786146,1.000007588788238,1,0.0,0.0,0.391710418810677,-0.391710418810677,0.0,0,32191.17032661871,57910.12058425858,86327.06220476552,361611.51893387333,8123.850225010174,0.01982271312217135,3.0035228436675303,False,1
193,380566.36144052394,8130.575560916117,-1.0696093807112623,-1.65507389969324,8.134108791469856,-4.141883158081941,-0.2414362528612295,0.9176264849169268,0.9176264849169268,0.9999878020740484,1,0.0,0.0,0.3974582780158902,-0.3974582780158902,0.0,0,32269.67563720967,58074.003626723825,86340.04870840772,361531.0547615235,8173.84224838878,0.019952785962962273,3.0034967244694024,False,1
194,380570.5703504449,8180.398096753599,-1.0662073044189515,-1.6542140163880212,8.139989605632548,-4.132266330594907,-0.2419981204104685,0.9151595354973032,0.9151595354973032,0.9999891478500944,1,0.0,0.0,0.4031044427985257,-0.4031044427985257,0.0,0,32347.96022849949,58240.695879844876,86353.36059022522,361450.8353827628,8223.833597764753,0.02008285880375311,3.0034701339671885,False,1
195,380574.7364172476,8230.224233342686,-1.0628360302900015,-1.6533446426182083,8.145898544569318,-4.122582690684639,-0.242566378343801,0.912688391998462,0.912688391998462,1.0000007312208326,1,0.0,0.0,0.4086553746000941,-0.4086553746000941,0.0,0,32426.024822503387,58404.75649039935,86366.9921913535,361370.8583850979,8273.824240835536,0.020212931644543932,3.0034430857444763,False,1
196,380578.85914711264,8280.053974446344,-1.0594950982841858,-1.6524675973785696,8.15183524496034,-4.112836372064943,-0.2431413827377908,0.9102267048297452,0.9102267048297452,0.9999891299770796,1,0.0,0.0,0.4141225585161437,-0.4141225585161437,0.0,0,32503.87059448083,58569.11878936946,86380.93873053786,361291.12106178043,8323.8141438334,0.02034300448533472,3.0034155912876663,False,1
197,380582.938190293,8329.887310745793,-1.0561840549331576,-1.651581178537311,8.157799044297763,-4.103019017434324,-0.2437229934611149,0.907756225650075,0.907756225650075,0.9999988673387394,1,0.0,0.0,0.4194993328966959,-0.4194993328966959,0.0,0,32581.497235421324,58733.43006895822,86395.19313593552,361211.62180516927,8373.80327530899,0.020473077326125588,3.0033876675411757,False,1
198,380586.97304083453,8379.724244651341,-1.0529024594582197,-1.6506872560017716,8.163789630284445,-4.093135934984653,-0.2443116200201083,0.9052930146522712,0.9052930146522712,0.999990374832882,1,0.0,0.0,0.4247982010756996,-0.4247982010756996,0.0,0,32658.906051332247,58895.314554839315,86409.75111087438,361132.3578773011,8423.791600052715,0.020603150166916398,3.003359324827849,False,1
199,380590.9633576271,8429.56476402963,-1.0496498767233413,-1.6497841105335298,8.169806347824723,-4.083178357473041,-0.2449071017420301,0.902818844955272,0.902818844955272,1.000008725429251,1,0.0,0.0,0.4300116631104225,-0.4300116631104225,0.0,0,32736.09665212652,59059.943101055615,86424.60575134016,361053.3277984058,8473.779085819191,0.020733223007707306,3.00333057968842,False,1
200,380594.90862350794,8479.408869770738,-1.0464258842122889,-1.6488724602333595,8.175848934609961,-4.073152773174932,-0.2455099048881768,0.9003518143035678,0.9003518143035678,1.0000089070513465,1,0.0,0.0,0.4351532529584932,-0.4351532529584932,0.0,0,32813.070483254385,59221.38308392596,86439.75321656701,360974.5287852159,8523.765695914079,0.02086329584849818,3.003301441341109,False,1
201,380598.8084473623,8529.256551501207,-1.043230065386982,-1.6479514816989822,8.181916866992834,-4.0630549049387215,-0.2461200550948422,0.8978844361695546,0.8978844361695546,1.0000094232365362,1,0.0,0.0,0.4402213296433059,-0.4402213296433059,0.0,0,32889.827678496484,59384.2099352957,86455.18770372825,360895.9590381799,8573.75139589645,0.02099336868928895,3.003271923690907,False,1
202,380602.66236092505,8579.107803744762,-1.0400620137683416,-1.6470236620569607,8.188009799076811,-4.052887106278782,-0.2467378590290841,0.8954243020856987,0.8954243020856987,0.9999909796139638,1,0.0,0.0,0.4452231487786707,-0.4452231487786707,0.0,0,32966.369179883855,59546.11304073254,86470.90480190376,360817.6161941922,8623.736148928077,0.02112344153007979,3.0032420373094757,False,1
203,380606.4700555377,8628.962607542753,-1.0369213277528695,-1.646086682419223,8.194127056282776,-4.042638649764704,-0.247363062981223,0.8929504243857925,0.8929504243857925,1.0000066971153754,1,0.0,0.0,0.450148157367683,-0.450148157367683,0.0,0,33042.69428844773,59706.13895855583,86486.89766433217,360739.4991267169,8673.719921570386,0.02125351437087061,3.003211798590998,False,1
204,380610.2309998755,8678.820959879029,-1.0338076183914873,-1.645140423706858,8.200268448701163,-4.032317273526433,-0.2479962083616662,0.8904821069642996,0.8904821069642996,1.000007624287989,1,0.0,0.0,0.4550105473469527,-0.4550105473469527,0.0,0,33118.80460055033,59868.55890808017,86503.1631393211,360661.6050461471,8723.702674217095,0.02138358721166147,3.00318121508976,False,1
205,380613.94476363703,8728.682848719329,-1.0307205024166695,-1.6441875365782028,8.206433582513599,-4.021922443810321,-0.2486374880531159,0.8880201418912648,0.8880201418912648,0.999991433335058,1,0.0,0.0,0.4598131150331521,-0.4598131150331521,0.0,0,33194.700682925526,60027.943250038814,86519.69656331802,360583.9319435823,8773.684369177485,0.021513660052452272,3.003150297967012,False,1
206,380617.6110486441,8778.5482510966,-1.0276596014125383,-1.643224198177892,8.212621794075371,-4.011443077442527,-0.2492866244834996,0.8855440540775203,0.8855440540775203,1.0000108547300175,1,0.0,0.0,0.4645446906212218,-0.4645446906212218,0.0,0,33270.38173605077,60188.621186857454,86536.49132458886,360506.4788565861,8823.664971841541,0.021643732893243124,3.0031190630531377,False,1
207,380621.2292590228,8828.417164797003,-1.0246245505509293,-1.6422546966927332,8.218833059831356,-4.000892129331588,-0.2499444157963148,0.8830823044116256,0.8830823044116256,0.9999923205291732,1,0.0,0.0,0.4692256144283156,-0.4692256144283156,0.0,0,33345.850035664975,60348.65337288758,86553.5455814652,360429.2425548773,8873.644438762045,0.021773805734034042,3.0030875147444385,False,1
208,380624.7991554015,8878.289560366546,-1.0216149848385219,-1.6412757367257016,8.225066614439466,-3.990254211235368,-0.2506103861177572,0.8806063467420246,0.8806063467420246,1.0000099417979569,1,0.0,0.0,0.4738389724224823,-0.4738389724224823,0.0,0,33421.104193715204,60506.19450680028,86570.85206191635,360352.22256956715,8923.62273601088,0.021903878574824866,3.0030556704474787,False,1
209,380628.3201913188,8928.165429342122,-1.0186305526711887,-1.6402880580450927,8.231322348655876,-3.979538371831343,-0.2512851713066078,0.8781361681608884,0.8781361681608884,1.0000116806590629,1,0.0,0.0,0.4783996322607169,-0.4783996322607169,0.0,0,33496.145982208836,60666.91744341106,86588.40834925954,360275.4160898765,8973.599820183068,0.022033951415615708,3.003023535926912,False,1
210,380631.79196419514,8978.04475164198,-1.0156709063192355,-1.6392931323443405,8.237599858459436,-3.968742266272393,-0.2519688936472773,0.8756690250976891,0.8756690250976891,1.0000045307757948,1,0.0,0.0,0.4829074753233526,-0.4829074753233526,0.0,0,33570.9756887969,60824.75231164591,86606.20989736426,360198.82143923704,9023.575651462144,0.022164024256406505,3.0029911220513137,False,1
211,380635.21410914237,9027.927503410112,-1.0127357039923213,-1.638287908238274,8.243898672688855,-3.9578608746555366,-0.2526615485114472,0.873197451472489,0.873197451472489,1.0000082271074664,1,0.0,0.0,0.4873589296549689,-0.4873589296549689,0.0,0,33645.593230811006,60982.62373881286,86624.25171374473,360122.43724521564,9073.55019067232,0.022294097097197367,3.0029584407545524,False,1
212,380638.5861090251,9077.813669997564,-1.0098246135298599,-1.6372765638906015,8.250218644523864,-3.946900823329443,-0.253363688303665,0.8707355261504468,0.8707355261504468,0.9999852921059964,1,0.0,0.0,0.4917651895218985,-0.4917651895218985,0.0,0,33720.000074762735,61141.26700226244,86642.53117695331,360046.2609838514,9123.523393176156,0.02242416993798822,3.002925498279114,False,1
213,380641.9077048183,9127.703218015005,-1.006937303883938,-1.6362570882688992,8.256559101335931,-3.935849323828049,-0.2540749343808504,0.868261821681702,0.868261821681702,0.999992940015346,1,0.0,0.0,0.4961126992467074,-0.4961126992467074,0.0,0,33794.195063607534,61297.087571172095,86661.04192891915,359970.2921450837,9173.495222160569,0.022554242778779012,3.0028923098343028,False,1
214,380645.1784236792,9177.596127312156,-1.0040734545770449,-1.6352284710819822,8.26291982165982,-3.924709830723746,-0.2547956904251866,0.8657847470565985,0.8657847470565985,1.000008959347908,1,0.0,0.0,0.5004084945805444,-0.5004084945805444,0.0,0,33868.1792148783,61455.13855400099,86679.78088567952,359894.5285900788,9223.465633216894,0.022684315619569868,3.002858882769373,False,1
215,380648.3977742416,9227.492377491477,-1.001232751576882,-1.6341917016550442,8.26930063276344,-3.913487229119823,-0.2555264457794058,0.8633146569343522,0.8633146569343522,1.0000053772724822,1,0.0,0.0,0.5046612166753071,-0.5046612166753071,0.0,0,33941.95375863771,61611.87629926494,86698.74531019581,359818.96802983386,9273.434580540588,0.022814388460360734,3.002825223583136,False,1
216,380651.56540236564,9277.391937931092,-0.9984148839464471,-1.6331465447429765,8.2757010814884,-3.9021760667620704,-0.2562671810634958,0.8608436608237897,0.8608436608237897,1.000003472037695,1,0.0,0.0,0.508866445100864,-0.508866445100864,0.0,0,34015.518492582836,61766.24660485876,86717.9305263585,359743.60929356574,9323.402022482658,0.022944461301151558,3.0027913434474653,False,1
217,380654.6808758995,9327.29478178454,-0.9956195481379703,-1.6320940329519502,8.28212088813877,-3.890776933104064,-0.2570181815479256,0.8583744804291378,0.8583744804291378,0.9999958471215944,1,0.0,0.0,0.5130272820112459,-0.5130272820112459,0.0,0,34088.87404269498,61923.92881621056,86737.33310145955,359668.45059322665,9373.36791403806,0.023074534141942455,3.0027572505292768,False,1
218,380657.7438600736,9377.200874878972,-0.9928464442624623,-1.6310320685688964,8.288559578284989,-3.879283335716219,-0.2577793723201764,0.855897981491197,0.855897981491197,1.0000077128582368,1,0.0,0.0,0.5171379981612945,-0.5171379981612945,0.0,0,34162.02002709126,62078.928939185964,86756.94828843258,359593.4909396114,9423.332213213549,0.023204606982733317,3.0027229561657425,False,1
219,380660.75380834856,9427.110194763927,-0.9900952822081213,-1.6299635118118447,8.29501712134361,-3.867704181719056,-0.2585514784638521,0.8534306009694141,0.8534306009694141,0.9999937896638708,1,0.0,0.0,0.5212118429712077,-0.5212118429712077,0.0,0,34234.95823515515,62233.1149039406,86776.77443693992,359518.7276809899,9473.294869399731,0.023334679823524076,3.0026884642258933,False,1
220,380663.7104638906,9477.022700090805,-0.9873657714021321,-1.6288865099870156,8.301492898888442,-3.856027615986057,-0.2593341481563916,0.8509545188160863,0.8509545188160863,1.000003501544234,1,0.0,0.0,0.5252363927946858,-0.5252363927946858,0.0,0,34307.68749773997,62389.155588078436,86796.8058729108,359444.1604767451,9523.255842475808,0.023464752664314907,3.002653788277064,False,1
221,380666.61332195177,9526.938363114341,-0.9846576314987334,-1.627801085983694,8.307986807112309,-3.844259537129428,-0.2601279637023961,0.8484810077332865,0.8484810077332865,1.0000056613559427,1,0.0,0.0,0.5292210434674013,-0.5292210434674013,0.0,0,34380.20916904637,62542.57897554173,86817.04049331255,359369.7870460622,9573.215082059096,0.02359482550510582,3.0026189332769944,False,1
222,380669.4619986556,9576.857147565055,-0.981970584863525,-1.6267066847791856,8.314498503996486,-3.832397382955589,-0.260933067903131,0.8460075129147522,0.8460075129147522,1.0000074532362817,1,0.0,0.0,0.5331647290928863,-0.5331647290928863,0.0,0,34452.52338922961,62696.40327792728,86837.47457950494,359295.60606669553,9623.172541888685,0.023724898345896656,3.0025839080699885,False,1
223,380672.2560424873,9626.77901971611,-0.979304360217212,-1.625604974145093,8.321027792163642,-3.820443352546056,-0.2617498678327212,0.8435389705195713,0.8435389705195713,0.9999949709021811,1,0.0,0.0,0.5370721476111032,-0.5370721476111032,0.0,0,34524.63098719163,62850.95716798916,86858.1054185752,359221.61569411797,9673.128172283768,0.02385497118668749,3.002548719069879,False,1
224,380674.99512250925,9676.703937749438,-0.9766586887471436,-1.6244958742260172,8.327574232386024,-3.808391240587028,-0.262578313126833,0.8410672356755011,0.8410672356755011,0.999991329955724,1,0.0,0.0,0.5409377297830856,-0.5409377297830856,0.0,0,34596.531544461846,63002.95585605057,86878.92870466292,359147.81507964066,9723.081928001004,0.023985044027478367,3.0025133765452905,False,1
225,380677.6788359328,9726.6318626238,-0.9740333078752204,-1.6233776791930594,8.334137541124859,-3.7962400576729576,-0.263418637333058,0.8385923872917485,0.8385923872917485,0.9999965403296156,1,0.0,0.0,0.5447622276551028,-0.5447622276551028,0.0,0,34668.22539227095,63156.233651994895,86899.94120859863,359074.2028038431,9773.03376019232,0.0241151168682692,3.00247788815685,False,1
226,380680.30671009223,9776.562757642834,-0.9714279610804278,-1.6222531439297652,8.340717583773523,-3.7839935491201495,-0.2642713582989988,0.8361216648463285,0.8361216648463285,0.9999900524201024,1,0.0,0.0,0.5485520888856856,-0.5485520888856856,0.0,0,34739.71358000231,63309.4451464643,86921.14070766362,359000.7768940686,9822.983616251155,0.02424518970906003,3.002442259124254,False,1
227,380682.87844365154,9826.496575707351,-0.9688423929797083,-1.621118745217551,8.347313880246658,-3.7716438365701217,-0.2651363280173799,0.8336447131962959,0.8336447131962959,1.0000017858395818,1,0.0,0.0,0.5522996549950935,-0.5522996549950935,0.0,0,34810.99538507144,63460.16278373821,86942.52272861905,358927.53679471946,9872.93145057695,0.02437526254985089,3.002406500123528,False,1
228,380685.39350275917,9876.433280421248,-0.9662763573076631,-1.619977905104558,8.353926435921007,-3.759198984237893,-0.266014328351043,0.8311749511602182,0.8311749511602182,0.999993095433406,1,0.0,0.0,0.5560164676006647,-0.5560164676006647,0.0,0,34882.07250844082,63612.70126213948,86964.08599946479,358854.480042326,9922.877206360668,0.02450533539064167,3.0023706140547466,False,1
229,380687.8516082929,9926.372821039726,-0.9637296070506369,-1.6188278628537556,8.36055473607045,-3.7466497088477095,-0.2669051369488844,0.8287001786140862,0.8287001786140862,0.9999995387390086,1,0.0,0.0,0.5596931494870918,-0.5596931494870918,0.0,0,34952.943987943,63764.70820513218,86985.82588653747,358781.6063045034,9972.820837899626,0.024635408231432503,3.002334611987859,False,1
230,380690.25226178474,9976.315156415762,-0.9612019038593752,-1.6176708075862964,8.367198725995642,-3.734001719354506,-0.2678094204447143,0.826230126415425,0.826230126415425,0.999992885143792,1,0.0,0.0,0.5633383146100285,-0.5633383146100285,0.0,0,35023.61116660084,63914.283474554315,87007.74075698336,358708.9134263912,10022.76228854663,0.024765481072223355,3.002298497689285,False,1
231,380692.59514548694,10026.260235211968,-0.9586930099258346,-1.6165064964093174,8.373857982265998,-3.72124854583712,-0.2687271241748941,0.823756896119705,0.823756896119705,0.9999964667018943,1,0.0,0.0,0.5669459315863994,-0.5669459315863994,0.0,0,35094.073484111344,64065.880453708276,87029.82663189062,358636.40078733873,10072.701509655695,0.024895553913014224,3.002262280639106,False,1
232,380697.1059126258,10126.158431030643,-0.953730727307035,1.5262612297255091,8.38722149758073,-3.695429323977175,-0.2706043236144266,0.8188105343190184,0.8188105343190184,1.0000069713205215,1,0.0,0.0,0.5740585204732837,-0.5740585204732837,0.0,0,35234.385719173646,64365.375876786486,87074.50135395903,358491.9102736049,10172.573045060471,0.02515569954969486,3.0021895618861967,False,1
233,380699.2729411797,10176.111448829823,-0.9512768874269663,1.5274418197209338,8.39392539436048,-3.6823653588274734,-0.271564659638407,0.8163429645633395,0.8163429645633395,0.9999975975182502,1,0.0,0.0,0.5775692784070872,-0.5775692784070872,0.0,0,35304.2368510089,64515.824876999664,87097.08543617203,358419.9293502501,10222.505248039286,0.025285772390485666,3.0021530713444045,False,1
234,380701.3806322069,10226.067005463037,-0.9488409513919185,1.5286303680977829,8.400643534316858,-3.6691909618699774,-0.272539495044349,0.8138705780243458,0.8138705780243458,1.00000441403448,1,0.0,0.0,0.5810428695369804,-0.5810428695369804,0.0,0,35373.88401478756,64665.80967415191,87119.82915071002,358348.1238129984,10272.43500623471,0.025415845231276525,3.002116504892488,False,1
235,380703.428506848,10276.025049954924,-0.9464227041278064,1.5298277302004648,8.407375856710736,-3.655910647574116,-0.2735294938430073,0.8114009665767477,0.8114009665767477,1.000004870707069,1,0.0,0.0,0.5844862802338909,-0.5844862802338909,0.0,0,35443.32836848567,64813.480952435995,87142.73091812985,358276.49172306707,10322.36225956723,0.02554591807206734,3.0020798661426094,False,1
236,380705.4161952121,10325.985525282587,-0.9440219320288233,1.531032437208045,8.414122079286834,-3.642521854606296,-0.2745348730155605,0.8089319581210609,0.8089319581210609,1.0000057206807524,1,0.0,0.0,0.5878980282903487,-0.5878980282903487,0.0,0,35512.569910093735,64962.56734096326,87165.78780324565,358205.0320918256,10372.286953047398,0.025675990912858153,3.0020431620243486,False,1
237,380707.34325539926,10375.948375872165,-0.9416384264969611,1.5322452189359663,8.42088207490979,-3.629026687489189,-0.2755561699150998,0.8064676792830625,0.8064676792830625,0.9999945749306592,1,0.0,0.0,0.591282177004743,-0.591282177004743,0.0,0,35581.60940979299,65111.72096291508,87188.99783947624,358133.74331399717,10422.209027067607,0.025806063753649033,3.002006397089637,False,1
238,380709.2093709048,10425.913539865898,-0.9392719799145922,1.5334649904565167,8.427655458119755,-3.615419204114072,-0.2765933897013982,0.8040015295782581,0.8040015295782581,0.9999918562055508,1,0.0,0.0,0.5946331906601457,-0.5946331906601457,0.0,0,35650.44628054835,65258.61798535425,87212.35751516995,358062.624902747,10472.128428330156,0.025936136594439888,3.0019695796888906,False,1
239,380711.01413563447,10475.880957492504,-0.936922389882397,1.534692833588459,8.4344420360899,-3.60169932542199,-0.2776469344769551,0.8015347710512764,0.8015347710512764,0.9999940506210452,1,0.0,0.0,0.5979524927568651,-0.5979524927568651,0.0,0,35719.0809035782,65406.12350570547,87235.8645135478,357991.6755943015,10522.045097898517,0.026066209435230758,3.001932715236628,False,1
240,380712.75718389166,10525.850566083827,-0.9345894565295337,1.5359288154465844,8.441241534261168,-3.587864363419497,-0.27871703921303,0.7990653005856976,0.7990653005856976,1.0000081017648623,1,0.0,0.0,0.601238397994884,-0.601238397994884,0.0,0,35787.51321130723,65554.55423937994,87259.51605263384,357920.8945039504,10571.95897848933,0.026196282276021526,3.0018958102968565,False,1
241,380714.4379697299,10575.82230768811,-0.9322729869453406,1.5371739196247431,8.44805407445705,-3.573923472507717,-0.2798047815128649,0.7966062348665972,0.7966062348665972,0.9999934114877812,1,0.0,0.0,0.6045032826669213,-0.6045032826669213,0.0,0,35855.745185829466,65700.78670216366,87283.31168722315,357850.2790692107,10621.870001477642,0.026326355116812347,3.001858865635697,False,1
242,380716.0562739247,10625.796111741198,-0.9299727847555842,1.538424233161218,8.454879075125854,-3.559864515426984,-0.2809097527947314,0.7941432043705026,0.7941432043705026,0.9999950753192164,1,0.0,0.0,0.6077341809056791,-0.6077341809056791,0.0,0,35923.775111282244,65846.48828034331,87307.24686856836,357779.8297820313,10671.778116914407,0.026456427957603276,3.001821892193667,False,1
243,380717.6116272552,10675.771914646377,-0.927688661833812,1.5396837209320813,8.461716500897579,-3.545691679697678,-0.2820327077176864,0.791682929911629,0.791682929911629,0.999992430666843,1,0.0,0.0,0.6109375440374317,-0.6109375440374317,0.0,0,35991.604102955724,65994.30201697478,87331.32026549749,357709.5448134826,10721.683259248288,0.026586500798394124,3.0017848929325206,False,1
244,380719.1036910243,10725.749647145032,-0.9254204304592084,1.5409506206853154,8.468566036724399,-3.531400757251981,-0.2831738043848391,0.7892213507995163,0.7892213507995163,0.9999986292995968,1,0.0,0.0,0.6141097971083228,-0.6141097971083228,0.0,0,36059.23178937059,66139.97108227889,87355.52894337964,357639.423572208,10771.58537017892,0.026716573639184917,3.00174787479758,False,1
245,380720.5320105229,10775.729242015444,-0.923167908306572,1.5422256939752828,8.475427626899908,-3.5169950405795296,-0.2843337713449547,0.7867639647442917,0.7867639647442917,0.9999966360089948,1,0.0,0.0,0.6172563196050134,-0.6172563196050134,0.0,0,36126.659140405594,66283.64189829954,87379.87146975251,357569.4643651233,10821.484383491405,0.02684664647997578,3.0017108409911293,False,1
246,380721.8962748656,10825.710626378066,-0.9209309130389186,1.5435080094423,8.482300902382637,-3.5024686067937725,-0.2855126563897021,0.784304639891046,0.784304639891046,1.000006361696551,1,0.0,0.0,0.6203714647988455,-0.6203714647988455,0.0,0,36193.885454293224,66430.93475116309,87404.34465057391,357499.6668965464,10871.380241360903,0.026976719320766646,3.001673799112333,False,1
247,380723.1959625737,10875.693731642326,-0.918709269583188,1.5447992021631252,8.4891859703698,-3.48782921277087,-0.2867115663978477,0.7818543407989145,0.7818543407989145,0.9999930297599128,1,0.0,0.0,0.623465943843385,-0.623465943843385,0.0,0,36260.91252804757,66576.13883016838,87428.94797866406,357430.02879928786,10921.272871702604,0.0271067921615574,3.0016367500306167,False,1
248,380724.4308825673,10925.678479042013,-0.9165027987910838,1.5460958973918528,8.49608219412194,-3.4730631418422235,-0.28792995955469,0.7793973589621037,0.7793973589621037,1.0000075735858678,1,0.0,0.0,0.626524742804684,-0.626524742804684,0.0,0,36327.73818933184,66719.24622753654,87453.67683094711,357360.55102699046,10971.16222329881,0.027236865002348273,3.001599704950613,False,1
249,380725.60048171284,10975.66479754858,-0.914311331889992,1.5474026132505607,8.502989766339827,-3.458180367260536,-0.2891691543709334,0.7769473544620655,0.7769473544620655,1.000006371634735,1,0.0,0.0,0.6295612315984198,-0.6295612315984198,0.0,0,36394.36465580674,66864.41221520712,87478.53118666074,357291.23087588773,11021.048220364957,0.027366937843139143,3.001562663504357,False,1
250,380726.70445031446,11025.652608596123,-0.9121346976942633,1.548715785262338,8.50990832583178,-3.443174954051224,-0.2904292357940153,0.7744983216587016,0.7744983216587016,1.0000092601101678,1,0.0,0.0,0.6325696950523717,-0.6325696950523717,0.0,0,36460.79117552907,67009.23982269273,87503.50799353492,357222.06813334196,11070.93080260111,0.027497010683929946,3.00152563295716,False,1
251,380727.7423503577,11075.641835070432,-0.9099727304063375,1.5500368348905336,8.516837813573472,-3.4280494301519195,-0.2917109826356605,0.7720546603976155,0.7720546603976155,1.0000022976230505,1,0.0,0.0,0.6355545892726834,-0.6355545892726834,0.0,0,36527.018591909844,67152.02610144032,87528.6058574498,357153.06125804636,11120.809900301856,0.027627083524720774,3.00148861638602,False,1
252,380728.713833536,11125.632396383886,-0.9078252649454756,1.551365084189137,8.523777967616972,-3.412800556192541,-0.2930147207333727,0.7696137396145905,0.7696137396145905,0.9999944997625786,1,0.0,0.0,0.6385134220739799,-0.6385134220739799,0.0,0,36593.046645761584,67294.67720044064,87553.82230191295,357084.2096426258,11170.685449217459,0.02775715636551162,3.001451619602156,False,1
253,380729.618586468,11175.624209935042,-0.9056921379825391,1.552700636894604,8.530728437120908,-3.397422638090678,-0.2943405707554637,0.7671700423869173,0.7671700423869173,1.0000046409609578,1,0.0,0.0,0.6414406961903181,-0.6414406961903181,0.0,0,36658.87456765515,67439.21313817234,87579.15442728534,357015.5131224409,11220.557386972907,0.0278872292063025,3.0014146495203136,False,1
254,380730.45610542496,11225.617195062941,-0.9035731928474969,1.554045164262316,8.537689337704377,-3.381922737305226,-0.2956897540343911,0.7647334161803392,0.7647334161803392,1.000000660222729,1,0.0,0.0,0.6443463661701729,-0.6443463661701729,0.0,0,36724.50409179006,67581.76027800601,87604.60178940678,356946.9694266564,11270.425636885782,0.028017302047093382,3.0013777067865486,False,1
255,380731.22610175295,11275.61126576792,-0.9014682706470512,1.5553962671064168,8.544660267860154,-3.3662936533666685,-0.2970622939053013,0.7622965741876366,0.7622965741876366,1.000007283706516,1,0.0,0.0,0.6472230949925121,-0.6472230949925121,0.0,0,36789.93413956149,67722.31261339391,87630.1612563846,356878.5786683407,11320.290137011756,0.028147374887884213,3.001340798908938,False,1
256,380731.9281400988,11325.60633694659,-0.8993772180995718,1.5567557923184034,8.551641187014075,-3.350537961149456,-0.2984590750911209,0.7598639583216809,0.7598639583216809,1.000010257061575,1,0.0,0.0,0.6500754163429261,-0.6500754163429261,0.0,0,36855.165566817916,67865.9805727571,87655.83158746987,356810.33933236013,11370.150814018663,0.02827744772867504,3.0013039285623173,False,1
257,380732.5618082956,11375.602321431523,-0.8972998838264232,1.5581226235794627,8.558632010111035,-3.334656884025123,-0.299880898985321,0.7574383670178879,0.7574383670178879,1.0000006345624917,1,0.0,0.0,0.6529062577554156,-0.6529062577554156,0.0,0,36920.19898071594,68008.36644025943,87681.61130145036,356742.25011831644,11420.00759544893,0.028407520569465914,3.001267099016089,False,1
258,380733.1268184964,11425.599128964328,-0.8952361159405765,1.559496238735416,8.565632333413694,-3.3186431028826986,-0.3013278090421913,0.7550125096185558,0.7550125096185558,1.0000035816198982,1,0.0,0.0,0.6557080703523287,-0.6557080703523287,0.0,0,36985.033223145874,68148.80884490475,87707.49734244667,356674.31123573723,11469.860417540041,0.02853759341025674,3.0012303176201285,False,1
259,380733.62270960247,11475.596669823972,-0.8931857687609548,1.5608779855902464,8.572642205258513,-3.302501253901175,-0.3028009588421642,0.7525932595991075,0.7525932595991075,0.9999964305429648,1,0.0,0.0,0.658487971658527,-0.658487971658527,0.0,0,37049.669596201216,68289.45416971247,87733.48892740242,356606.5208079075,11519.709202618134,0.028667666251047604,3.0011935858417558,False,1
260,380734.04915734543,11525.5948512141,-0.891148695668263,1.56226691202256,8.579661313861587,-3.286226373419651,-0.3043006394229917,0.7501761710884224,0.7501761710884224,0.9999948968156585,1,0.0,0.0,0.6612412788222214,-0.6612412788222214,0.0,0,37114.107400733454,68431.74996278147,87759.58351170093,356538.8786708202,11569.553882800234,0.028797739091838387,3.001156909733018,False,1
261,380734.4058109712,11575.59357917986,-0.8891247528972549,1.5636635636811491,8.586689429151496,-3.2698156895210846,-0.3058273544102556,0.747759443193776,0.747759443193776,1.0000059195652118,1,0.0,0.0,0.663965973405891,-0.663965973405891,0.0,0,37178.34637955064,68572.1525660432,87785.77896661988,356471.384292327,11619.394387508713,0.028927811932629305,3.001120294254662,False,1
262,380734.6921947892,11625.592759016201,-0.8871138016956194,1.565068619118378,8.593726656081254,-3.25327494580644,-0.3073824636091326,0.745351230774866,0.745351230774866,1.000002129459351,1,0.0,0.0,0.6666706425861755,-0.6666706425861755,0.0,0,37242.388102767465,68710.6590954524,87812.07479650021,356404.0355826625,11669.230635420327,0.02905788477342009,3.001083740108521,False,1
263,380734.90796870977,11675.592293430174,-0.885115702299597,1.5664804726925867,8.60077274484461,-3.2366006384692887,-0.3089664663819231,0.7429488830928683,0.7429488830928683,0.9999932337623754,1,0.0,0.0,0.6693524191567057,-0.6693524191567057,0.0,0,37306.23217236163,68851.80366597671,87838.46879185544,356336.83214145823,11719.062555276747,0.029187957614210905,3.0010472524628,False,1
264,380735.0528087228,11725.592083643473,-0.8831303165207366,1.5678991658955244,8.607827386402693,-3.219787790418213,-0.3105797201305715,0.7405480632455754,0.7405480632455754,0.9999949950628664,1,0.0,0.0,0.6720065328191738,-0.6720065328191738,0.0,0,37369.877828602504,68992.23266695713,87864.9585148942,356269.7738891871,11768.890076508485,0.029318030455001833,3.0010108371277617,False,1
265,380735.1263119536,11775.59202961619,-0.8811575101663329,1.5693262616495771,8.614890509807438,-3.2028373949139977,-0.3122232138794902,0.7381514897472181,0.7381514897472181,0.9999988362945044,1,0.0,0.0,0.6746357216414424,-0.6746357216414424,0.0,0,37433.32563250535,69130.81408822408,87891.54264708045,356202.8596187634,11818.713121329498,0.029448103295792664,3.0009744969426144,False,1
266,380735.1280732169,11825.592029585154,-0.8791971510700266,1.5707607448960657,8.621962052681313,-3.185750571381149,-0.3138979817482943,0.7357619208882646,0.7357619208882646,0.9999957787080964,1,0.0,0.0,0.6772428976114498,-0.6772428976114498,0.0,0,37496.5761745685,69268.40999651384,87918.21991546912,356136.0881022859,11868.531610927212,0.029578176136583464,3.0009382346273634,False,1
267,380735.0577789984,11875.591980172361,-0.8772491067382002,1.572202568280454,8.629041683553911,-3.1685216851466125,-0.3156043863360347,0.7333743993067484,0.7333743993067484,1.0000040928197471,1,0.0,0.0,0.6798224441722381,-0.6798224441722381,0.0,0,37559.62852204265,69408.9247442297,87944.987835609,356069.45943113975,11918.345473533092,0.029708248977374316,3.0009020561335222,False,1
268,380734.91500389663,11925.591776324642,-0.8753132493842336,1.5736521893849365,8.636129409207125,-3.151153402695104,-0.3173436972704942,0.7309935760358192,0.7309935760358192,1.000008221333955,1,0.0,0.0,0.6823792926500842,-0.6823792926500842,0.0,0,37622.483624854765,69547.64041638997,87971.84547193555,356002.97207968414,11968.154627048643,0.02983832181816514,3.0008659632826427,False,1
269,380734.699340025,11975.591311213426,-0.8733894527838992,1.575109260906188,8.643225208227719,-3.133647523870525,-0.3191171526328094,0.72862313120053,0.72862313120053,0.9999958442806964,1,0.0,0.0,0.6849173769434254,-0.6849173769434254,0.0,0,37685.14227641234,69684.55381476277,87998.79173448835,355936.6246597798,12017.958990009458,0.02996839465895599,3.000829958269165,False,1
270,380734.41051166994,12025.590476988298,-0.8714775889960436,1.576572926021584,8.650328622774243,-3.115995291207479,-0.3209248476197302,0.7262545654142516,0.7262545654142516,0.999998077363728,1,0.0,0.0,0.6874270251006789,-0.6874270251006789,0.0,0,37747.60277160921,69822.09778975433,88025.8236533443,355870.4179521128,12067.758491886249,0.030098467499746883,3.0007940483973234,False,1
271,380734.04808883707,12075.589163467917,-0.869577535997112,1.5780444901882826,8.65743970324379,-3.0982001404460227,-0.3227682693029024,0.7238935137917201,0.7238935137917201,0.9999957522471906,1,0.0,0.0,0.6899142926262927,-0.6899142926262927,0.0,0,37809.86627676227,69961.0020136504,88052.94048995631,355804.35025877185,12117.553047720083,0.03022854034053765,3.0007582349301134,False,1
272,380733.6117194121,12125.5872592489,-0.8676891714516844,1.5795234693251876,8.6645582459875,-3.080259344595606,-0.3246482552029835,0.721538519370143,0.721538519370143,0.9999950194463576,1,0.0,0.0,0.6923772987637195,-0.6923772987637195,0.0,0,37871.93249985471,70098.1503207498,88080.14041503934,355738.42115006136,12167.342578735976,0.030358613181328476,3.000722522093758,False,1
273,380733.1010493168,12175.58465134144,-0.8658123748096742,1.5810099062755762,8.671684054724386,-3.062170353616296,-0.3265656914453643,0.7191883485183954,0.7191883485183954,1.0000013347748686,1,0.0,0.0,0.6948143678179789,-0.6948143678179789,0.0,0,37933.801175317494,70233.53891922637,88107.42165163244,355672.63018022804,12217.12700525932,0.030488686022119352,3.0006869139820145,False,1
274,380732.51565312647,12225.581224337004,-0.8639470293138872,1.5825041612906037,8.678817201488968,-3.04393671642552,-0.328522253913823,0.7168489182736127,0.7168489182736127,0.9999942901012728,1,0.0,0.0,0.6972319466606814,-0.6972319466606814,0.0,0,37995.4735677868,70370.75059234358,88134.78354107148,355606.9755782952,12266.90624020344,0.030618758862910204,3.0006514115984,False,1
275,380731.85526422155,12275.576863011736,-0.8620930151227336,1.5840051011015066,8.68595714929483,-3.025547926024818,-0.330517947064152,0.7145098802504259,0.7145098802504259,1.0000126183849722,1,0.0,0.0,0.6996178410537834,-0.6996178410537834,0.0,0,38056.94740922068,70508.18153120883,88162.22295500604,355541.45865257323,12316.680210592309,0.030748831703701053,3.000616022820048,False,1
276,380731.11938705825,12325.571447566452,-0.8602502211143368,1.5855147582812965,8.693104279882824,-3.007014474490254,-0.3325554068875637,0.7121851832129156,0.7121851832129156,1.0000064156239528,1,0.0,0.0,0.701987839737741,-0.701987839737741,0.0,0,38118.22574494663,70643.90043276204,88189.7404780937,355476.07609050727,12366.448821014801,0.03087890454449185,3.000580745148544,False,1
277,380730.3077016383,12375.564858800137,-0.8584185324110557,1.5870303914263555,8.700258283799537,-2.9883308686978847,-0.3346353739961479,0.7098704251090083,0.7098704251090083,0.999992784183258,1,0.0,0.0,0.7043365513322345,-0.7043365513322345,0.0,0,38179.307602665795,70777.90321775523,88217.33391277584,355410.8280821792,12416.211991930837,0.031008977385282726,3.0005455838564647,False,1
278,380729.41993473464,12425.556976878162,-0.8565978339038499,1.5885529547971124,8.70741860214861,-2.969486230364249,-0.3367578845784442,0.7075549098508944,0.7075549098508944,1.0000123860405454,1,0.0,0.0,0.7066510895882278,-0.7066510895882278,0.0,0,38240.19051778596,70914.4894566603,88245.00016237951,355345.71612981654,12465.969647745427,0.031139050226073633,3.0005105468405118,False,1
279,380728.45559191104,12475.547676442346,-0.8547880196349411,1.5900847361130184,8.714585692637645,-2.9504921915588223,-0.3389259801989258,0.7052541768856208,0.7052541768856208,1.0000090630834162,1,0.0,0.0,0.7089492399880657,-0.7089492399880657,0.0,0,38300.877971930604,71050.58021112703,88272.74005492864,355280.7365490492,12515.721690390283,0.03126912306686442,3.000475630822138,False,1
280,380727.4143682493,12525.536833799573,-0.8529889787544898,1.59162266238396,8.721759159825138,-2.9313413534705663,-0.341140278528961,0.7029616944255737,0.7029616944255737,1.0000081587941794,1,0.0,0.0,0.711222954949277,-0.711222954949277,0.0,0,38361.368438427045,71184.99964900235,88300.55113643239,355215.89003304497,12565.468039650817,0.03139919590765525,3.0004408418629698,False,1
281,380726.29585108487,12575.524321427527,-0.8512006057712938,1.59316817934573,8.728939131643907,-2.912037661792416,-0.3434029990786819,0.7006842366833298,0.7006842366833298,0.9999856127593408,1,0.0,0.0,0.7134798675429823,-0.7134798675429823,0.0,0,38421.6634547874,71317.74572408343,88328.43294079296,355151.1746011243,12615.20860375582,0.031529268748446145,3.000406180325831,False,1
282,380725.0997649519,12625.51001315986,-0.8494227913408648,1.5947199745851108,8.73612500247342,-2.8925692633693805,-0.3457142188497453,0.698410093459432,0.698410093459432,0.9999864979622912,1,0.0,0.0,0.7157056100051084,-0.7157056100051084,0.0,0,38481.760202217905,71453.40763292923,88356.3823211962,355086.5920907163,12664.943304081173,0.03165934158923692,3.000371654370148,False,1
283,380723.825703108,12675.49377818833,-0.847655432755169,1.5962799649348596,8.74331688549577,-2.872939689962392,-0.348076233854285,0.6961456814802631,0.6961456814802631,0.999988259330484,1,0.0,0.0,0.7179073084805913,-0.7179073084805913,0.0,0,38541.6601116574,71588.28087174016,88384.39877798651,355022.1406248612,12714.672047836379,0.031789414430027856,3.0003372644591875,False,1
284,380722.4733325618,12725.475485781262,-0.8458984254243564,1.5978473936512916,8.750514426778686,-2.853142513097209,-0.3504899828626143,0.6938857204686715,0.6938857204686715,1.0000122907303204,1,0.0,0.0,0.720078083133675,-0.720078083133675,0.0,0,38601.36180676386,71721.523157583,88412.48016603329,354957.8207905059,12764.394749038258,0.03191948727081869,3.0003030159271398,False,1
285,380721.0421977212,12775.4550001153,-0.8441516728116658,1.5994225762220864,8.757718248339255,-2.8331914104507816,-0.3529595210705711,0.69164894997508,0.69164894997508,0.9999891644334712,1,0.0,0.0,0.7222400448121443,-0.7222400448121443,0.0,0,38660.869795940176,71853.1343957635,88440.62767426994,354893.6280175195,12814.111307971034,0.03204956011160949,3.000268904065045,False,1
286,380719.5320720944,12825.43219011827,-0.8424150669360801,1.6010037900449836,8.764927088248474,-2.813061168214316,-0.3554830826552199,0.6894077920107243,0.6894077920107243,1.000024914947197,1,0.0,0.0,0.7243592521134766,-0.7243592521134766,0.0,0,38720.177175619,71987.56064677575,88468.83613029352,354829.5677518951,12863.82164840929,0.032179632952400374,3.0002349434069595,False,1
287,380717.9424526237,12875.406914829231,-0.8406885181821949,1.6025940743724447,8.772142220707455,-2.792778266034024,-0.3580669928954366,0.6871966669734335,0.6871966669734335,0.9999901907703658,1,0.0,0.0,0.7264770021612408,-0.7264770021612408,0.0,0,38779.29243379459,72121.33470062457,88497.10881564928,354765.6319363447,12913.525663723298,0.03230970579319117,3.0002011227298846,False,1
288,380716.27306758193,12925.37903859423,-0.8389719237946391,1.6041897423853386,8.77936276153402,-2.772325125596391,-0.3607108363183581,0.6849972854990423,0.6849972854990423,0.9999560140508432,1,0.0,0.0,0.7285705126205794,-0.7285705126205794,0.0,0,38838.21092838544,72253.51898783888,88525.44186309095,354701.824042691,12963.223271395138,0.032439778633982064,3.000167452641268,False,1
289,380714.5236027857,12975.348422950312,-0.8372651820860829,1.60579276593164,8.78658773737157,-2.7516830345026824,-0.363413893061916,0.6827896810388958,0.6827896810388958,1.0000008870732906,1,0.0,0.0,0.7306144813472292,-0.7306144813472292,0.0,0,38896.9273688746,72384.10788149027,88553.83134642578,354638.1481232854,13012.914383654183,0.03256985147477288,3.000133944277594,False,1
290,380712.6936451242,13025.314924278293,-0.8355682009937409,1.6074040128794684,8.793817462380694,-2.7308588367928524,-0.3661797018057213,0.6805849079224267,0.6805849079224267,1.0000846582036849,1,0.0,0.0,0.7326216325642483,-0.7326216325642483,0.0,0,38955.444349333586,72516.98170729665,88582.27745198132,354574.60130821896,13062.59890096537,0.032699924315563775,3.000100595973656,False,1
291,380710.7827869625,13075.278397146814,-0.8338808959086567,1.609023156369398,8.801053300427633,-2.709878912559618,-0.3690154939310254,0.678418497945317,0.678418497945317,1.0000718330231972,1,0.0,0.0,0.7346354249669244,-0.7346354249669244,0.0,0,39013.77104116761,72649.76402690502,88610.78335905436,354511.1749446485,13112.276723417044,0.032829997156354554,3.0000673961787974,False,1
292,380708.7907021208,13125.238697365941,-0.8322030180678198,1.6106480341993072,8.808268920445231,-2.6882467525864526,-0.3718346344343765,0.6756735257408947,0.6756735257408947,1.002356337455074,1,0.0,0.0,0.7358875142032233,-0.7358875142032233,0.0,0,39071.74313056364,72780.91692118008,88639.27238828021,354448.01294730767,13161.947759430404,0.032960069997145444,3.000034595466342,False,1
293,380706.71708131774,13175.195679828474,-0.830534913317724,1.612279943087133,8.815537716021732,-2.6673440825750943,-0.3748896815383455,0.674081084181426,0.674081084181426,1.000226645892497,1,0.0,0.0,0.7385311884040254,-0.7385311884040254,0.0,0,39129.82149833144,72910.66938014037,88667.95426046729,354384.7094233738,13211.611918644663,0.0330901428379362,3.0000015022201514,False,1
294,380704.5616432946,13225.149199093177,-0.8288760832159131,1.6139188076768105,8.822791051242175,-2.645876741416413,-0.3779505267308423,0.6720274287878626,0.6720274287878626,0.9999409187299204,1,0.0,0.0,0.7405590530956133,-0.7405590530956133,0.0,0,39187.57667080057,73041.682122805,88696.63063843916,354321.6414850801,13261.269113285241,0.033220215678727065,2.9999687669220267,False,1
295,380702.3238505096,13275.099096825345,-0.8272265388893466,1.6155674949160292,8.830045418047465,-2.624157233645417,-0.3810760685131491,0.6699056346851557,0.6699056346851557,0.9999802350944024,1,0.0,0.0,0.7424571934432732,-0.7424571934432732,0.0,0,39245.11238678434,73173.57461586701,88725.34869855888,354258.71733359416,13310.919224735602,0.03335028851951797,2.999936234240652,False,1
296,380700.0034160132,13325.045223639601,-0.8255862127491356,1.6172213344844049,8.837304178374781,-2.60224744072042,-0.384281253214022,0.6677974377685054,0.6677974377685054,1.0000285311914312,1,0.0,0.0,0.7443273096668338,-0.7443273096668338,0.0,0,39302.45050218294,73303.95536352272,88754.11695282799,354195.917177587,13360.562162828224,0.03348036136030876,2.9999038743009407,False,1
297,380697.6000995948,13374.98743094159,-0.8239550244679656,1.6188815402916836,8.844568416596523,-2.58016561663475,-0.3875735488574592,0.6657307973894828,0.6657307973894828,0.9999779330417264,1,0.0,0.0,0.7462041463974939,-0.7462041463974939,0.0,0,39359.59866045974,73432.82525835966,88782.93721470765,354133.23373016773,13410.197842393529,0.03361043420109965,2.999871678967672,False,1
298,380695.1134165671,13424.925556732584,-0.8223328793944685,1.6205508697533413,8.8518363414243,-2.5578787323013565,-0.3909503091312519,0.6636675589659771,0.6636675589659771,0.9999805528197016,1,0.0,0.0,0.7480383262671527,-0.7480383262671527,0.0,0,39416.546045083785,73561.62635970014,88811.80396446075,354070.67594348587,13459.826148040496,0.033740507041890425,2.999839665901674,False,1
299,380692.54303974536,13474.859444654461,-0.8207196953658625,1.6222265329467125,8.859108257869844,-2.5353911266050746,-0.3944165388897508,0.6616178799346333,0.6616178799346333,0.9999989210166316,1,0.0,0.0,0.7498417613393052,-0.7498417613393052,0.0,0,39473.29524388153,73692.72779602945,88840.71712286994,354008.24098423176,13509.446982453748,0.03387057988268127,2.999807833803936,False,1
300,380689.8886582832,13524.78893753244,-0.819115390651254,1.623908923828885,8.86638438132103,-2.512704976732784,-0.3979771965699157,0.6595897311139319,0.6595897311139319,1.0000039995308316,1,0.0,0.0,0.7516236456105135,-0.7516236456105135,0.0,0,39529.848297375196,73822.35592582339,88869.6763045492,353945.92650476034,13559.060249570997,0.03400065272347209,2.999776182286942,False,1
301,380687.1499067744,13574.713873588247,-0.8175198820714423,1.6255984268614596,8.873664442056242,-2.489813942001792,-0.4016356826379414,0.6575800090482027,0.6575800090482027,1.000010457634469,1,0.0,0.0,0.7533790227494234,-0.7533790227494234,0.0,0,39586.20410455635,73950.50809201787,88898.67994703123,353883.7329240776,13608.665845766527,0.03413072556426302,2.9997447152150603,False,1
302,380684.3264834314,13624.634092744653,-0.815933089359326,1.627294846849359,8.880948557705244,-2.4667178954070867,-0.4053971109768161,0.6555943914191024,0.6555943914191024,0.999998283969604,1,0.0,0.0,0.7551141645993453,-0.7551141645993453,0.0,0,39642.36408858339,74077.18262658101,88927.72737971181,353821.6584466036,13658.263674556914,0.03426079840505379,2.999713433108405,False,1
303,380681.4179978087,13674.549428177588,-0.8143549310005257,1.628999251756666,8.888236361974592,-2.4434084625893964,-0.4092650264170098,0.6536276447516758,0.6536276447516758,0.9999909340675172,1,0.0,0.0,0.7568212067781057,-0.7568212067781057,0.0,0,39698.32647986879,74207.17482321628,88956.8168720702,353759.7040856393,13707.853627422084,0.034390871245844626,2.999682340568687,False,1
304,380678.4240314965,13724.459709340119,-0.8127853268382096,1.6307111366005116,8.895527516981508,-2.419877692429349,-0.4132433284675321,0.651675224044705,0.651675224044705,1.000009386553531,1,0.0,0.0,0.7584930479460701,-0.7584930479460701,0.0,0,39754.089626884845,74336.13758182953,88985.94686940727,353697.8707501741,13757.435591231413,0.03452094408663551,2.9996514417964035,False,1
305,380675.34438201145,13774.364776808761,-0.8112242008430721,1.6324279697675856,8.902822455982422,-2.396129641124148,-0.4173392735511064,0.6497498672533892,0.6497498672533892,1.000005537932264,1,0.0,0.0,0.7601450968983461,-0.7601450968983461,0.0,0,39809.65707339987,74463.66201380613,89015.11730062615,353636.15479727054,13807.009479887114,0.034651016927426365,2.999620734735995,False,1
306,380672.1786737605,13824.264459084994,-0.8096714750618293,1.6341532269522947,8.910120927769828,-2.3721569307803927,-0.4215578175935845,0.6478489556728577,0.6478489556728577,0.999992780522314,1,0.0,0.0,0.7617727032569805,-0.7617727032569805,0.0,0,39865.027764412516,74589.74574635152,89044.32673783963,353574.5566221887,13856.575184123825,0.03478108976821719,2.999590222922508,False,1
307,380668.92643529974,13874.158576423568,-0.8081270716400423,1.6358864885446882,8.917422427311804,-2.347948209127189,-0.4259032263808316,0.6459642815417118,0.6459642815417118,1.0000071298907611,1,0.0,0.0,0.7633638054545906,-0.7633638054545906,0.0,0,39920.19888830464,74716.83809929299,89073.5733578278,353513.0781607265,13906.132580975423,0.03491116260900806,2.9995599118025464,False,1
308,380665.58747568127,13924.046965339894,-0.8065909169973967,1.6376247471615784,8.924727328278163,-2.3235051209646094,-0.4303837657088605,0.6441071735955706,0.6441071735955706,1.0000062093826425,1,0.0,0.0,0.7649319289764567,-0.7649319289764567,0.0,0,39975.17360009253,74845.21882317889,89102.85691399584,353451.716124729,13955.681583786372,0.03504123544979892,2.9995297998659023,False,1
309,380662.16140327667,13973.929447514272,-0.8050629360549498,1.6393710510706117,8.932035366836558,-2.2988191222803427,-0.4350055886874022,0.6422747995569447,0.6422747995569447,1.00000464364745,1,0.0,0.0,0.7664719646857008,-0.7664719646857008,0.0,0,40029.950714333216,74972.19695147067,89132.17602317924,353390.4710324906,14005.222078370969,0.035171308290589724,2.999499890624678,False,1
310,380658.6478759576,14023.805845998697,-0.8035430552330404,1.6411244764577897,8.939346433542797,-2.273883543185629,-0.4397759973013052,0.6404677829884846,0.6404677829884846,1.0000033224758214,1,0.0,0.0,0.7679832638367179,-0.7679832638367179,0.0,0,40084.53008761455,75097.77053862004,89161.5295865564,353329.34249277157,14054.753956262526,0.03530138113138054,2.999470186350586,False,1
311,380655.04655019013,14073.675981878989,-0.8020312019088052,1.6428849070317009,8.946660426959118,-2.248691338564416,-0.4447028946944999,0.6386868935199221,0.6386868935199221,1.000002521736688,1,0.0,0.0,0.7694653876435527,-0.7694653876435527,0.0,0,40138.91161375592,75221.93774464598,89190.91653887238,353268.3300842103,14104.277107916185,0.03543145397217144,2.999440689220084,False,1
312,380651.35711402376,14123.539676695682,-0.800527304443701,1.644652532955266,8.953977296833674,-2.2232355078174386,0.6369340951284336,0.6369340951284336,-0.4497950669081445,0.9999979687995848,1,0.0,0.7709193379835476,-0.7709193379835476,0.0,0.0,0,40193.09555306245,75349.49538414869,89220.33587229645,353207.4330703847,14153.791427287704,0.035561526812962235,2.99941140103875,False,1
313,380647.5791997213,14173.396746039221,-0.7990312917728396,1.646427050324704,8.961296879425143,-2.1975068281461696,-0.4550615161110545,0.6352088426024184,0.6352088426024184,0.999995591156626,1,0.0,0.0,0.7723427647474203,-0.7723427647474203,0.0,0,40247.081352963985,75476.00289321232,89249.78644147176,353146.6514267434,14203.296799702313,0.03569159965375317,2.9993823244137268,False,1
314,380643.7124250198,14223.247002341544,-0.7975430937530822,1.6482087590036656,8.96861900557509,-2.171495321251312,0.63351048317028,0.63351048317028,-0.4605120049263789,1.0000018862255962,1,0.0,0.7737331047657554,-0.7737331047657554,0.0,0.0,0,40300.86839412735,75601.14125664787,89279.26713451411,353085.98518765095,14252.793107436868,0.035821672494543995,2.999353461931274,False,1
315,380639.75653787504,14273.090266248497,-0.7960626414998238,1.6499964863884544,8.975943721069916,-2.145192996029065,-0.4661581774837154,0.6318431312869635,0.6318431312869635,1.0000041643382176,1,0.0,0.0,0.7750940818648467,-0.7750940818648467,0.0,0,40354.45761327172,75724.90884520409,89308.7770588059,353025.43303916085,14302.280250352693,0.03595174533533484,2.9993248146846327,False,1
316,380635.71123457194,14322.926352784109,-0.794589866783163,1.651791407368446,8.983270983794643,-2.11858961081195,0.6302089443344421,0.6302089443344421,-0.4720123221687566,0.999997741863804,1,0.0,0.7764267787098275,-0.7764267787098275,0.0,0.0,0,40407.84929618146,75848.84272217695,89338.3152384416,352964.99423643283,14351.758120243934,0.03608181817612566,2.9992963843625358,False,1
317,380631.57607103226,14372.755063609276,-0.7931247017170873,1.6535941683592728,8.990600512403143,-2.091670853524581,0.6286048806234714,0.6286048806234714,-0.4780867559061003,0.9999992523987996,1,0.0,0.7777252206750731,-0.7777252206750731,0.0,0.0,0,40461.0419977596,75974.94932152482,89367.88046037522,352904.66954131814,14401.226587668556,0.03621189101691645,2.999268174276768,False,1
318,380627.35073468165,14422.576209046973,-0.7916670796964984,1.6554032586355825,8.99793225394216,-2.0644240985580504,-0.4843961602520292,0.6270329173072701,0.6270329173072701,1.0000050444572488,1,0.0,0.0,0.7789900960234817,-0.7789900960234817,0.0,0,40514.035909478494,76099.72142132744,89397.47176062013,352844.45829615794,14450.685541236906,0.03634196385770729,2.999240186140141,False,1
319,380623.03497805493,14472.389603277239,-0.7902169349513587,1.6572183945928811,9.005266234508287,-2.0368361142359457,-0.4909571303286314,0.625496807125794,0.625496807125794,1.0000044519087454,1,0.0,0.0,0.7802243772070443,-0.7802243772070443,0.0,0,40566.83181454579,76223.15742074409,89427.08821607963,352784.35933661537,14500.134878383613,0.03647203669849816,2.999212421163872,False,1
320,380618.6284330147,14522.19504836921,-0.7887742022381193,1.6590413565329771,9.012602300517578,-2.00888986380247,0.6239963694654759,0.6239963694654759,-0.4977871152272621,1.000002893686868,1,0.0,0.7814257143856078,-0.7814257143856078,0.0,0.0,0,40619.42916755908,76345.25569536921,89456.72876652419,352724.372652201,14549.574477874803,0.03660210953928903,2.9991848817269857,False,1
321,380614.13078992406,14571.99234956747,-0.7873388172004662,1.660871299613271,9.019940383721588,-1.9805673913892368,0.62253331290124,0.62253331290124,-0.5049059748294961,0.9999982376133024,1,0.0,0.7825942289914349,-0.7825942289914349,0.0,0.0,0,40671.82804343273,76468.88738030316,89486.39242552781,352664.4976985097,14599.004226271587,0.03673218238007989,2.999157569631154,False,1
322,380609.5416148204,14621.781298862148,-0.7859107161575261,1.6627088291271293,9.027280261858158,-1.95184680001889,0.621106015662669,0.621106015662669,-0.5123350976840921,1.0000021670124477,1,0.0,0.7837254170599164,-0.7837254170599164,0.0,0.0,0,40724.02734735422,76593.35633984637,89516.0781415894,352604.7349417368,14648.423990362284,0.036862255220870735,2.9991304876108176,False,1
323,380604.8607372205,14671.56171052066,-0.7844898363034742,1.6645516296131109,9.034622029422016,-1.9227070054081827,0.6197198234683294,0.6197198234683294,-0.5201002199810428,0.9999980694262924,1,0.0,0.7848241424088406,-0.7848241424088406,0.0,0.0,0,40776.02838181099,76716.52293461512,89545.78500126347,352545.082787608,14697.833676132894,0.036992328061661486,2.999103636448189,False,1
324,380600.0876748117,14721.333367869443,-0.7830761155029528,1.6664028020638446,9.04196541949563,-1.8931199037718471,0.6183721958467862,0.6183721958467862,-0.5282283977469737,1.0000017660984248,1,0.0,0.785884449390116,-0.785884449390116,0.0,0.0,0,40827.8296799509,76838.38571182429,89575.51197633192,352485.5420255384,14747.233140881164,0.037122400902452404,2.999077019083032,False,1
325,380595.22221484565,14771.096077796823,-0.7816694923309868,1.668259287515509,9.049310464576909,-1.8630568670588183,0.617067163921792,0.617067163921792,-0.536752058080399,1.0000022698939743,1,0.0,0.7869092943923277,-0.7869092943923277,0.0,0.0,0,40879.43207339378,76958.94316366964,89605.25812034821,352426.111474749,14796.622282577171,0.03725247374324319,2.9990506366680845,False,1
326,380590.26400210237,14820.849631703988,-0.7802699061001219,1.6701232041630916,9.056657040604032,-1.8324830579011269,0.6158054159492097,0.6158054159492097,-0.5457073843478835,1.000002695694859,1,0.0,0.7878968572139635,-0.7878968572139635,0.0,0.0,0,40930.83517811692,77081.87375029428,89635.02245872936,352366.79100052203,14846.000976204976,0.037382546584034046,2.9990244912601303,False,1
327,380585.2127491893,14870.593825777363,-0.7788772967696688,1.671994023793704,9.0640050891452,-1.8013589589251433,0.6145890499585608,0.6145890499585608,-0.5551364130071794,1.0000002865025186,1,0.0,0.7888472996546222,-0.7888472996546222,0.0,0.0,0,40982.039122433984,77204.8276815607,89664.80402036353,352307.58003354893,14895.369106503083,0.037512619424824936,2.9989985845343514,False,1
328,380580.06809713005,14920.328447070655,-0.7774916050721729,1.6738721509749188,9.071354484795398,-1.7696376783763648,0.6134187715955548,0.6134187715955548,-0.5650875816985512,0.9999983779624804,1,0.0,0.7897586698097836,-0.7897586698097836,0.0,0.0,0,41033.04349438718,77326.51073280523,89694.6018505431,352248.4784680046,14944.726545930649,0.037642692265615715,2.998972918513905,False,1
329,380574.8296644925,14970.053278126203,-0.7761127724948923,1.67575723930744,9.078705089189173,-1.737263997603704,0.6122950220332434,0.6122950220332434,-0.5756176029159066,1.0000015482384368,1,0.0,0.7906285599599986,-0.7906285599599986,0.0,0.0,0,41083.84775946417,77446.92161040725,89724.41502224647,352189.4863027789,14994.073162255121,0.03777276510640659,2.9989474952533786,False,1
330,380569.49728148064,15019.76812189961,-0.7747407408442648,1.6776475505155108,9.086056939615188,-1.7041737408828566,0.6112221908106787,0.6112221908106787,-0.5867947775935936,0.9999985069151084,1,0.0,0.7914598380733017,-0.7914598380733017,0.0,0.0,0,41134.45280890714,77566.05882166626,89754.24253843949,352130.602331173,15043.40885662128,0.03790283794719741,2.998922315896837,False,1
331,380564.0705106162,15069.472751040032,-0.7733754530342416,1.679546329955958,9.093409848707118,-1.670287521592789,0.6101997081275363,0.6101997081275363,-0.5986994827448946,0.9999983519244556,1,0.0,0.7922485020914003,-0.7922485020914003,0.0,0.0,0,41184.857699888875,77687.87777293385,89784.08350042568,352071.82690454565,15092.733485743089,0.03803291078798831,2.9988973827230776,False,1
332,380558.5490603764,15119.166951780631,-0.7720168524043265,1.6814513694498785,9.100763753766024,-1.6355096320720977,0.6092298150309424,0.6092298150309424,-0.6114303177104078,0.9999989522884158,1,0.0,0.7929942662034144,-0.7929942662034144,0.0,0.0,0,41235.0624920128,77809.43169424207,89813.93697128328,352013.15952635603,15142.046929183549,0.03816298362877908,2.998872697350073,False,1
333,380552.9326002912,15168.850504150732,-0.7706648829950508,1.6833627471496844,9.108118557328408,-1.5997209431262505,0.6083140738334982,0.6083140738334982,-0.625108886001157,1.0000013543214268,1,0.0,0.793695695204272,-0.793695695204272,0.0,0.0,0,41285.06696113071,77929.74557560826,89843.8020287305,351954.5999437704,15191.349059145918,0.03829305646956996,2.998848261563984,False,1
334,380547.22092144506,15218.523200119022,-0.7693194891832142,1.685280177290553,9.115474246100549,-1.5627715215841262,0.6074559104919118,0.6074559104919118,-0.6398889137551365,0.9999989531307126,1,0.0,0.7943539464775429,-0.7943539464775429,0.0,0.0,0,41334.871591810894,78048.81801523025,89873.67767848006,351896.1473124067,15240.639767343835,0.0384231293103608,2.998824076755193,False,1
335,380541.41359905695,15268.184805073757,-0.7679806165119263,1.687205866864817,9.122830657122607,-1.524466056838067,0.6066555384242437,0.6066555384242437,-0.6559674967244329,0.9999988724848402,1,0.0,0.7949654093523154,-0.7949654093523154,0.0,0.0,0,41384.475589183334,78166.64796658378,89903.56307277275,351837.80186402507,15289.918908221525,0.03855320215115163,2.9988001449743464,False,1
336,380535.51034656115,15317.83509822469,-0.7666482107991426,1.6891377618588963,9.130187723510168,-1.4845456952392,0.6059152763782648,0.6059152763782648,-0.6736068039909775,0.9999994954153774,1,0.0,0.7955294471511838,-0.7955294471511838,0.0,0.0,0,41433.87896908034,78286.93461820204,89933.45728087866,351779.563152728,15339.186358572546,0.03868327499194254,2.9987764678220707,False,1
337,380529.5108867401,15367.473858098952,-0.7653222184333386,1.6910756853952138,9.137545381655274,-1.4426533200155858,0.6052376608189098,0.6052376608189098,-0.6931673445104486,0.9999989293866186,1,0.0,0.7960453967299136,-0.7960453967299136,0.0,0.0,0,41483.08177529776,78407.19592537325,89963.35936627652,351721.43071339687,15388.441995953324,0.03881334783273335,2.99875304687919,False,1
338,380523.41489456285,15417.100855583922,-0.7640025865361253,1.6930206124268057,9.144903536649416,0.6046245548201796,0.6046245548201796,-0.7151680700507289,-1.3982731158724884,0.9999981943954884,1,0.796511561517498,-0.796511561517498,0.0,0.0,0.0,0,41532.08377585246,78526.24722759254,89993.26843313119,351663.40431399597,15437.68568876131,0.03894342067352416,2.9987298838466026,False,1
339,380517.22198674426,15466.715852235662,-0.7626892630264922,1.69497301245836,9.15226206373986,0.6040771673794781,0.6040771673794781,-0.7404049154092514,-1.3506120779282542,1.00000114064619,1,0.7969252247824824,-0.7969252247824824,0.0,0.0,0.0,0,41580.884456523636,78644.08753257901,90023.1836496872,351605.48395700095,15486.917294149293,0.03907349351431504,2.9987069805118938,False,1
340,380510.9320085366,15516.318636171125,-0.7613821956631825,1.69693008388301,9.159620965926326,0.60359976182827,0.60359976182827,-0.7702166492829113,-1.2983360378236144,0.9999998024223242,1,0.7972875845027636,-0.7972875845027636,0.0,0.0,0.0,0,41629.484446724935,78760.71546511125,90053.1039842859,351547.66870263213,15536.136708520971,0.03920356635510591,2.9986843381676773,False,1
341,380504.5445288892,15565.908958853606,-0.7600813336529385,1.698895616162334,9.16698008521215,0.6031929154512361,0.6031929154512361,-0.8071981995008155,-1.2388528923514064,1.0000011512983062,1,0.7975947161946009,-0.7975947161946009,0.0,0.0,0.0,0,41677.88294224627,78879.04029055039,90083.02864570274,351489.95880092215,15585.343778550703,0.03933363919589674,2.998661958722724,False,1
342,380498.0593623307,15615.486601140321,-0.758786625979117,1.7008664768463737,9.17433940355041,0.6028605540964722,0.6028605540964722,-0.8579567439685022,-1.1655600641786472,0.9999992238522832,1,0.7978469846394882,-0.7978469846394882,0.0,0.0,0.0,0,41726.08037990355,78998.1090463219,90112.95663640587,351432.35347916855,15634.538393691459,0.03946371203668759,2.9986398435325605,False,1
343,380491.4760501169,15665.051306327521,-0.7574980231629249,1.7028456389284836,9.18169876456323,0.6026033798169749,0.6026033798169749,-0.969599459884307,-1.0313535499177795,1.00000103420394,1,0.798040279359895,-0.798040279359895,0.0,0.0,0.0,0,41774.07590855821,79115.9973660616,90142.88723586296,351374.85302302416,15683.720393297068,0.03959378487747839,2.998617994406592,False,1
344,380484.7944334852,15714.60285523556,-0.7562154751421846,1.7048292176694564,9.189058151998667,0.6024255361911046,0.6024255361911046,-0.9891823085261228,-0.9891823085261228,1.0000004399313371,1,0.7981748546120305,-0.7981748546120305,0.1466911564342527,-0.1466911564342527,0.0,0,41821.870008291735,79232.70390926934,90172.81940814733,351317.45663558005,15732.889670035378,0.039723857718269195,2.998596412714208,True,2
345,380478.0141589295,15764.141000910886,-0.7549389331444946,1.7068208999749863,9.19641745919074,0.602329069608635,0.602329069608635,-0.9778778438073988,-0.9778778438073988,0.9999998534913492,1,0.7982479670855456,-0.7982479670855456,0.2091768248288577,-0.2091768248288577,0.0,0,41869.46228910505,79348.2277858938,90202.75233273827,351260.1642315179,15782.046080248678,0.039853930559060044,2.998575100082664,True,2
346,380471.1348911517,15813.665496615975,-0.753668348874854,1.7088191391063712,9.20377658969156,0.6023163471057791,0.6023163471057791,-0.9665652849645684,-0.9665652849645684,1.0000007795203865,1,0.7982570709908103,-0.7982570709908103,0.2564204301592233,-0.2564204301592233,0.0,0,41916.85244806908,79464.15359199212,90232.68517762332,351202.97565579007,15831.189482492915,0.039984003399850955,2.998554058087638,True,2
347,380464.156442244,15863.176114172646,-0.7524036739703274,1.7108231483936107,9.2111355087684,0.6023912922288603,0.6023912922288603,-0.9552472274914574,-0.9552472274914574,0.9999988759763218,1,0.7982015380370955,-0.7982015380370955,0.2958088810666071,-0.2958088810666071,0.0,0,41964.04078533803,79582.12283423415,90262.61694967696,351145.89026998385,15880.319761814273,0.0401140762406418,2.9985332881301687,True,2
348,380457.0783450843,15912.67258415382,-0.7511448617440446,1.7128350383768192,9.21849406744028,0.6025551704708217,0.6025551704708217,-0.9439257341806508,-0.9439257341806508,1.0000007504798496,1,0.7980768265714592,-0.7980768265714592,0.3301576945959647,-0.3301576945959647,0.0,0,42011.026458988665,79698.94031681729,90292.5469818213,351088.90835683385,15929.436750011497,0.040244149081432645,2.998512791883203,True,2
349,380449.9005049816,15962.154688105247,-0.7498918644491774,1.7148512003397516,9.225852262067145,0.602812864857194,0.602812864857194,-0.9326037298302564,-0.9326037298302564,0.9999990991531816,1,0.7978830908092174,-0.7978830908092174,0.3609022129565978,-0.3609022129565978,0.0,0,42057.810094296,79814.60464615842,90322.47417329514,351032.0290265282,15978.540348086235,0.04037422192222347,2.998492570674678,True,2
350,380442.62243789283,16011.622149526396,-0.748644636533327,1.7168762563004052,9.233209943268816,0.6031657353458497,0.6031657353458497,-0.9212834800018398,-0.9212834800018398,1.0000006958031804,1,0.7976155052585463,-0.7976155052585463,0.3888915724805208,-0.3888915724805208,0.0,0,42104.39081054507,79929.11535133193,90352.39789792008,350975.252593437,16027.630382205265,0.04050429476301435,2.998472626122118,True,2
351,380435.24402625434,16061.07474340872,-0.7474031313287995,1.7189059024753868,9.240567093042456,0.603618550414077,0.603618550414077,-0.9099679948238596,-0.9099679948238596,0.9999996271684758,1,0.7972734591791801,-0.7972734591791801,0.4146785479269414,-0.4146785479269414,0.0,0,42150.7690973265,80042.47115614891,90382.31708538804,350918.5782859465,16076.70674760511,0.040634367603805115,2.9984529595831755,True,2
352,380427.76485855907,16110.512199356463,-0.7461673039868546,1.7209431990579342,9.247923592246298,-0.8986598903663139,-0.8986598903663139,0.6041735730252287,0.6041735730252287,0.9999998488749032,1,0.438646124859463,-0.438646124859463,0.796852824162996,-0.796852824162996,0.0,0,42196.94436181168,80159.15432547631,90412.23103788412,350862.00619159284,16125.769282002739,0.04076444044459595,2.9984335725710607,True,2
353,380420.18470543664,16159.934272144254,-0.7449371092978506,1.7229862068128263,9.25527937868251,-0.8873621529809846,-0.8873621529809846,0.6048346426924089,0.6048346426924089,0.999999768929176,1,0.4610731398465601,-0.4610731398465601,0.796351213496883,-0.796351213496883,0.0,0,42242.91663953487,80274.98609242817,90442.13882515368,350805.5359072975,16174.81785738293,0.04089451328538681,2.998414466521566,True,2
354,380412.5032755712,16209.340705280236,-0.7437125028388185,1.7250361101758365,9.262634373286938,-0.8760777834843971,-0.8760777834843971,0.6056052469477947,0.6056052469477947,0.999999494942972,1,0.4821698668526616,-0.4821698668526616,0.7957654973114318,-0.7957654973114318,0.0,0,42288.68575987418,80389.6928835774,90472.03960864774,350749.1671927809,16223.852332733673,0.04102458612617759,2.998395642860162,True,2
355,380404.72021923854,16258.731231032923,-0.7424934409541557,1.727092437552884,9.26998848228999,-0.8648098197379981,-0.8648098197379981,0.606488555863566,0.606488555863566,1.0000006502087146,1,0.5020994877535926,-0.5020994877535926,0.7950918572577681,-0.7950918572577681,0.0,0,42334.251366724784,80503.27403701971,90501.93263517146,350692.8999524566,16272.87255440882,0.04115465896696855,2.998377102998077,True,2
356,380396.8354122813,16308.105615274571,-0.7412798793431459,1.7291540582281468,9.277341670846612,-0.8535616527846599,-0.8535616527846599,0.6074894570690387,0.6074894570690387,0.9999989781391369,1,0.5209919654726755,-0.5209919654726755,0.7943283063182703,-0.7943283063182703,0.0,0,42379.61380763864,80615.72837457286,90531.81685034162,350636.733552657,16321.878412777247,0.04128473180775929,2.9983588483258674,True,2
357,380388.8483546185,16357.463562050052,-0.7400717760165889,1.73122429041783,9.284693802673065,-0.8423363459904398,-0.8423363459904398,0.608610151409215,0.608610151409215,1.0000004105628724,1,0.5389521610707497,-0.5389521610707497,0.7934691684871549,-0.7934691684871549,0.0,0,42424.772227520705,80729.08732469703,90561.69170718532,350580.66828825674,16370.869721853409,0.04141480464855013,2.9983408802593816,True,2
358,380380.75897203974,16406.80484182163,-0.7388690873416179,1.7332985880868323,9.292044855270715,-0.8311375373151645,-0.8311375373151645,0.6098560722781123,0.6098560722781123,0.9999994924714218,1,0.5560669495865916,-0.5560669495865916,0.7925124732629103,-0.7925124732629103,0.0,0,42469.727114407346,80844.01193251925,90591.55609611465,350524.70342454995,16419.84638053514,0.04154487748934102,2.9983232001627966,True,2
359,380372.56685959216,16456.12916942624,-0.7376717717860359,1.7353806128584,9.299394720216313,-0.8199686133759558,-0.8199686133759558,0.6112303645408057,0.6112303645408057,0.9999994462170207,1,0.5724085396223351,-0.5724085396223351,0.7914530510952553,-0.7914530510952553,0.0,0,42514.477920082165,80957.83890844336,90621.40935642843,350468.83902319515,16468.808219677245,0.041674950330131875,2.9983058094025234,True,2
360,380364.2717717913,16505.436283703755,-0.7364797874495682,1.7374690549096596,9.30674332693771,-0.8088332201154262,-0.8088332201154262,0.6127373284656858,0.6127373284656858,0.9999996961350835,1,0.5880381404836464,-0.5880381404836464,0.7902868071429671,-0.7902868071429671,0.0,0,42559.02456821484,81070.56741599581,90651.25061205684,350413.07478989527,16517.75510160373,0.041805023170922724,2.9982887093500468,True,2
361,380355.87340382783,16554.72591157361,-0.7352930932048789,1.7395632216505643,9.314090596551662,-0.7977350648176116,-0.7977350648176116,0.6143811125368079,0.6143811125368079,1.0000005727175,1,0.6030080479317572,-0.6030080479317572,0.7890090850754127,-0.7890090850754127,0.0,0,42603.366833886656,81182.19682823392,90681.07908404927,350357.41054071917,16566.686875412473,0.04193509601171353,2.998271901318498,True,2
362,380347.3715696137,16603.997798233217,-0.7341116477135671,1.741662696237538,9.32143647044146,-0.7866780318324421,-0.7866780318324421,0.6161665828995498,0.6161665828995498,1.0000003100478752,1,0.6173634605675811,-0.6173634605675811,0.7876156828408645,-0.7876156828408645,0.0,0,42647.50479355425,81292.72623484052,90710.89382458168,350301.8458736692,16615.60341399245,0.042065168852504414,2.9982553866710093,True,2
363,380338.76593341527,16653.251661285973,-0.732935410859756,1.7437699379480496,9.3287808596815,-0.7756659948509423,-0.7756659948509423,0.618097777759455,0.618097777759455,1.00000030450402,1,0.6311435923772591,-0.6311435923772591,0.7861010513028402,-0.7861010513028402,0.0,0,42691.43810610281,81405.86422556234,90740.69410122733,350246.38070006954,16664.504557956967,0.042195241693295235,2.998239166712529,True,2
364,380330.0562233619,16702.4872271991,-0.7317643426087272,1.7458832113306548,9.336123687596327,-0.7647029675954421,-0.7647029675954421,0.6201792072197708,0.6201792072197708,1.000000719601575,1,0.6443828825905304,-0.6443828825905304,0.7844597525077649,-0.7844597525077649,0.0,0,42735.16659866611,81518.88257839724,90770.47909493656,350191.01480906736,16713.390160257102,0.04232531453408606,2.998223242760597,True,2
365,380321.2422463652,16751.704234518744,-0.7305984029539474,1.7480021994348516,9.343464898820956,-0.7537931238366734,-0.7537931238366734,0.6224161039033165,0.6224161039033165,0.9999995285074192,1,0.6571118416623559,-0.6571118416623559,0.7826867950176207,-0.7826867950176207,0.0,0,42778.69033832027,81630.82884310735,90800.24789529483,350135.74781046755,16762.260089728945,0.04245538737487693,2.99820761610261,True,2
366,380312.3236060122,16800.90238340926,-0.7294375533361596,1.75012881575282,9.35080438754244,-0.7429405687147272,-0.7429405687147272,0.624812267959748,0.624812267959748,0.9999999890193774,1,0.6693573882145338,-0.6693573882145338,0.7807750245658525,-0.7807750245658525,0.0,0,42822.008781391254,81741.70268064068,90829.99985510606,350080.5797761209,16811.114170587585,0.04258546021566774,2.998192288027269,True,2
367,380303.30014502263,16850.081415036286,-0.728281754360804,1.752260169200579,9.358142102276725,-0.7321496673396987,-0.7321496673396987,0.6273732328414895,0.6273732328414895,0.999999706323648,1,0.6811438097502045,-0.6811438097502045,0.7787188808846905,-0.7787188808846905,0.0,0,42865.12206448382,81851.50320456263,90859.73401946823,350025.51027301216,16859.95227754603,0.04271553305645866,2.9981772598291565,True,2
368,380294.17154774483,16899.2410398491,-0.7271309678845593,1.7543984178532113,9.365477960190349,-0.7214247650722656,-0.7214247650722656,0.630103641185888,0.630103641185888,0.9999996066521012,1,0.6924928451148874,-0.6924928451148874,0.7765112764891337,-0.7765112764891337,0.0,0,42908.029892648105,81960.35990102771,90889.44965335964,349970.5391881754,16908.774250039543,0.04284560589724943,2.998162532747985,True,2
369,380284.93755751813,16948.380977013254,-0.7259851558340645,1.7565427389036277,9.372811887825552,-0.7107703183166556,-0.7107703183166556,0.6330084944609178,0.6330084944609178,0.9999996511607891,1,0.703424183418007,-0.703424183418007,0.7741450558907542,-0.7741450558907542,0.0,0,42950.732112890575,82072.63441391104,90919.14594213256,349915.6663089227,16957.579939300762,0.04297567873804036,2.998148108043381,True,2
370,380275.59791150846,16997.500942530452,-0.724844280566839,1.7586932752061557,9.380143811441185,-0.7001908461550723,-0.7001908461550723,0.6360928951590137,0.6360928951590137,0.9999998587510136,1,0.7139557335188238,-0.7139557335188238,0.7716125708607596,-0.7716125708607596,0.0,0,42993.228556567745,82183.86279912411,90948.82208594552,349860.89143567707,17006.369194197596,0.04310575157883112,2.998133986955208,True,2
371,380266.1523517066,17046.600651287557,-0.7237083047967717,1.7608492271230411,9.387473657047789,-0.6896909467565293,-0.6896909467565293,0.6393619057110067,0.6393619057110067,1.0000003023679325,1,0.7241038422551316,-0.7241038422551316,0.7689057645426218,-0.7689057645426218,0.0,0,43035.51905707811,82294.04445373607,90978.47728104396,349806.2143710391,17055.141863652338,0.04323582441962205,2.9981201707208847,True,2
372,380256.6006733937,17095.679826519077,-0.7225771913317097,1.763011323708782,9.394801360461528,-0.6792752846054312,-0.6792752846054312,0.64282108637875,0.64282108637875,1.0000000075858,1,0.7338835646197553,-0.7338835646197553,0.7660163474938185,-0.7660163474938185,0.0,0,43077.60358048917,82403.17867944311,91008.11065885064,349751.6348246105,17103.897807589685,0.04336589726041287,2.998106660580726,True,2
373,380246.9425392228,17144.7381636733,-0.7214509040970621,1.7651804876245087,9.402126836379386,-0.6689485271346142,-0.6689485271346142,0.6464752406852483,0.6464752406852483,1.0000003233508257,1,0.7433087164125542,-0.7433087164125542,0.7629347678398898,-0.7629347678398898,0.0,0,43119.4817658026,82511.26517191685,91037.72153547063,349697.1527409908,17152.63685500887,0.04349597010120375,2.9980934577038587,True,2
374,380237.17776601936,17193.7753863137,-0.7203294065165565,1.767354673472023,9.409450020950633,-0.658715439256087,-0.658715439256087,0.6503299730719678,0.6503299730719678,1.0000002936376635,1,0.7523921540064357,-0.7523921540064357,0.759651663041505,-0.759651663041505,0.0,0,43161.15360584052,82618.87876808093,91067.30901730564,349642.767819432,17201.358868808675,0.043626042941994535,2.998080563337359,True,2
375,380227.3061121849,17242.791204684632,-0.7192126627163099,1.7695354491820463,9.41677084208392,-0.6485807891297994,-0.6485807891297994,0.6543906637520492,0.6543906637520492,0.9999998796924254,1,0.7611458245944817,-0.7611458245944817,0.7561567120464847,-0.7561567120464847,0.0,0,43202.61895260186,82729.44697987162,91096.87229754849,349588.4798609326,17250.06369770055,0.04375611578278539,2.9980679786820987,True,2
376,380217.32727254793,17291.785314121378,-0.7181006375617344,1.7717226921217952,9.424089221550748,-0.6385493528819141,-0.6385493528819141,0.6586624283917373,0.6586624283917373,0.9999997365192316,1,0.7695808835834083,-0.7695808835834083,0.752438739342078,-0.752438739342078,0.0,0,43243.87752297969,82838.99352716985,91126.41066452579,349534.28875970613,17298.75117466609,0.04388618862357622,2.998055704876049,True,2
377,380207.2409599238,17340.757411254806,-0.7169932961777566,1.773916054842231,9.431405084310652,-0.6286259206537448,-0.6286259206537448,0.6631505220190715,0.6631505220190715,1.0000002022256655,1,0.7777078136350041,-0.7777078136350041,0.7484859326773438,-0.7484859326773438,0.0,0,43284.92907581461,82947.518036577,91155.92338550638,349480.19438186695,17347.421135627905,0.04401626146436702,2.9980437430545988,True,2
378,380197.0470450601,17389.707223305028,-0.715890603100117,1.7761137692352431,9.43871836763057,-0.618815319250326,-0.618815319250326,0.6678606535319025,0.6678606535319025,1.0000003112052849,1,0.7855364930587045,-0.7855364930587045,0.7442861378486556,-0.7442861378486556,0.0,0,43325.773675398086,83055.01970863849,91185.40950533302,349426.19639594835,17396.07345246369,0.04414633430515786,2.998032094484256,True,2
379,380186.7452755756,17438.634450341633,-0.7147925239723185,1.7783186005881395,9.446029002396514,-0.6091223304890138,-0.6091223304890138,0.672798277512271,0.672798277512271,0.999999748546042,1,0.793076283058558,-0.793076283058558,0.7398261451045706,-0.7398261451045706,0.0,0,43366.41115703387,83161.49812675302,91214.86825863984,349372.29461983155,17444.707967351962,0.04427640714594879,2.9980207602848945,True,2
380,380176.3352373176,17487.538755913454,-0.7136990257289405,1.780530827479239,9.453336901492404,-0.5995516634791425,-0.5995516634791425,0.677968125230892,0.677968125230892,1.0000002380363056,1,0.8003360527632447,-0.8003360527632447,0.7350911430561444,-0.7350911430561444,0.0,0,43406.841009988566,83267.334182451,91244.29910091619,349318.4891059007,17493.324482820844,0.04440647998673951,2.9980097414624733,True,2
381,380165.8169465986,17536.419892974216,-0.7126100730647776,1.7827458189480931,9.460642012119418,-0.5901080854209889,-0.5901080854209889,0.6833761878248037,0.6833761878248037,0.999999846298512,1,0.8073242536324842,-0.8073242536324842,0.7300665289100317,-0.7300665289100317,0.0,0,43447.0635597902,83376.29693933616,91273.70088753794,349264.779364346,17541.92290301073,0.04453655282753043,2.997999039379872,True,2
382,380155.1899826449,17585.277519166328,-0.7115256336621372,1.7849695669854295,9.467944250808436,-0.580796207628625,-0.580796207628625,0.6890272198547718,0.6890272198547718,0.9999998857550916,1,0.8140489947007925,-0.8140489947007925,0.724735540714837,-0.724735540714837,0.0,0,43487.07829845144,83484.26197773402,91303.07309806152,349211.16544482094,17590.503026434293,0.04466662566832128,2.997988654989955,True,2
383,380144.4541608192,17634.111340742376,-0.7104456741060076,1.787198172075121,9.475243550807631,-0.5716206200582483,-0.5716206200582483,0.694926548609397,0.694926548609397,0.9999999326703028,1,0.820518047445653,-0.820518047445653,0.719080774257394,-0.719080774257394,0.0,0,43526.88516291365,83591.22873440743,91332.41488240013,349157.6471130767,17639.06470727705,0.04479669850911201,2.9979785894488886,True,2
384,380133.60925914143,17682.92105399296,-0.7093701615278831,1.7894324174469909,9.482539840009885,-0.5625858151710984,-0.5625858151710984,0.7010791486916483,0.7010791486916483,1.0000002338160934,1,0.8267388844229346,-0.8267388844229346,0.7130833128082026,-0.7130833128082026,0.0,0,43566.48400100664,83697.19676572325,91361.72544359678,349104.2241988397,17687.607789756737,0.044926771349902944,2.9979688438843244,True,2
385,380122.6550344431,17731.706348511467,-0.7082990635556583,1.7916727569737154,9.489833053336888,-0.5536961798977574,-0.5536961798977574,0.7074902943804741,0.7074902943804741,1.0000000190658127,1,0.832718761843337,-0.832718761843337,0.7067230492418685,-0.7067230492418685,0.0,0,43605.874662630085,83802.16575179533,91391.00403292454,349050.89652074553,17736.132111876548,0.0450568441906938,2.997959419340716,True,2
386,380111.59124113614,17780.46691124061,-0.7072323481054551,1.7939185407788747,9.49712311497867,-0.5449559762869343,-0.5449559762869343,0.7141645762702518,0.7141645762702518,1.0000000458631035,1,0.8384646603243398,-0.8384646603243398,0.6999777921011041,-0.6999777921011041,0.0,0,43645.056933164014,83906.13539725708,91420.24989021683,348997.6639563247,17784.637509952187,0.04518691703148469,2.997950316918204,True,2
387,380100.4176816063,17829.20243798888,-0.7061699831450843,1.7961699188071667,9.504409957388829,-0.5363693428575054,-0.5363693428575054,0.7211068179139172,0.7211068179139172,1.000000053953622,1,0.8439833741854408,-0.8439833741854408,0.692823855928619,-0.692823855928619,0.0,0,43684.03071030701,84013.12895051838,91449.46220360415,348944.5263074822,17833.123831194283,0.04531698987227547,2.9979415377141616,True,2
388,380089.13420206454,17877.912632911837,-0.7051119366777138,1.7984269893651668,9.511693512735231,-0.5279402725794693,-0.5279402725794693,0.7283216549064887,0.7283216549064887,0.9999999959386048,1,0.8492814969731117,-0.8492814969731117,0.6852354183359043,-0.6852354183359043,0.0,0,43722.79595086048,84119.60467587381,91478.64010346503,348891.4833472999,17881.59093294512,0.04544706271306637,2.997933082869002,True,2
389,380077.74042776803,17926.5971469515,-0.7040581784096509,1.800691890827168,9.5189737072836,-0.5196725575744362,-0.5196725575744362,0.7358133925191167,0.7358133925191167,1.0000000143642456,1,0.8543655119365889,-0.8543655119365889,0.6771843485646961,-0.6771843485646961,0.0,0,43761.352249712916,84225.10555632414,91507.7830322478,348838.5350637584,17930.038615794223,0.045577135553857125,2.997924953278249,True,2
390,380066.2361847804,17975.255675425764,-0.7030086770929648,1.802960847942933,9.52625047352309,-0.5115698414075953,-0.5115698414075953,0.7435863701222329,0.7435863701222329,0.9999999574949544,1,0.8592417035064269,-0.8592417035064269,0.6686399217722263,-0.6686399217722263,0.0,0,43799.69952965615,84329.63112789027,91536.8901564544,348785.6812530712,17978.466729884574,0.04570720839464794,2.9979171500370123,True,2
391,380054.6213618553,18023.887926951058,-0.7019634013821046,1.805234751460308,9.533523743478684,-0.503635581608936,-0.503635581608936,0.7516445778152736,0.7516445778152736,1.0000000862010678,1,0.8639161943299501,-0.8639161943299501,0.6595683077211997,-0.6595683077211997,0.0,0,43837.83779817959,84433.18078720912,91565.96056054524,348732.9216698912,18026.875140638225,0.04583728123543882,2.9979096743037594,True,2
392,380042.895567568,18072.49354132152,-0.7009223220183672,1.8075165024081927,9.540793445186418,-0.4958729856087246,-0.4958729856087246,0.7599918881984278,0.7599918881984278,1.0000001572489456,1,0.8683950613286163,-0.8683950613286163,0.6499324366629392,-0.6499324366629392,0.0,0,43875.766627431265,84535.75475046203,91594.99371995867,348680.2563175664,18075.263640429963,0.0459673540762296,2.997902526919612,True,2
393,380031.0587157356,18121.07222943367,-0.6998854081096607,1.8098020051507795,9.548059514404493,-0.4882850862609313,-0.4882850862609313,0.7686320648077359,0.7686320648077359,0.9999999274876044,1,0.8726841838776855,-0.8726841838776855,0.6396911842480887,-0.6396911842480887,0.0,0,43913.48607469455,84639.83902915173,91623.9886993849,348627.6849220298,18123.632099308157,0.046097426917020436,2.997895709027716,True,2
394,380019.1106188471,18169.62367617569,-0.6988526296798956,1.812093003711705,9.555321879246742,-0.4808746682510237,-0.4808746682510237,0.7775682371249659,0.7775682371249659,1.0000001763400297,1,0.8767893375382348,-0.8767893375382348,0.6287984345468063,-0.6287984345468063,0.0,0,43950.99600406387,84744.91047959578,91652.9446990504,348575.20733313594,18171.980360289024,0.04622749975781133,2.9978892216857327,True,2
395,380007.05095225776,18218.147530533683,-0.6978239579460208,1.8143919847236083,9.562580471550556,-0.4736442554586873,-0.4736442554586873,0.786803791482259,0.786803791482259,1.0000002360904774,1,0.8807162467794319,-0.8807162467794319,0.6172030213361486,-0.6172030213361486,0.0,0,43988.296097310726,84849.02961944697,91681.86111556544,348522.82349393243,18220.308229268256,0.04635757259860221,2.997883065764395,True,2
396,379994.87950404786,18266.643466945636,-0.6967993636917279,1.8166953461143311,9.56983522491644,-0.466596136870084,-0.466596136870084,0.7963418431499749,0.7963418431499749,0.9999996121500532,1,0.8844704987732257,-0.8844704987732257,0.6048471199856285,-0.6048471199856285,0.0,0,44025.38620701892,84952.19619007218,91710.73719624057,348470.533253888,18268.615540525065,0.04648764543939301,2.997877242244356,True,2
397,379982.59624376456,18315.11120381061,-0.695778816790224,1.8190025555685911,9.577086067432758,-0.4597323673216045,-0.4597323673216045,0.8061842844497782,0.8061842844497782,1.000000363386769,1,0.8880575070117037,-0.8880575070117037,0.591664221325681,-0.591664221325681,0.0,0,44062.26641447673,85054.40945514708,91739.57194290608,348418.3363553502,18316.902175798405,0.04661771828018384,2.997871752325698,True,2
398,379970.2007445364,18363.55035738377,-0.6947622900085224,1.8213182624419184,9.584332937357232,-0.4530546824969508,-0.4530546824969508,0.8163346598657972,0.8163346598657972,0.9999994779009196,1,0.8914827360094484,-0.8914827360094484,0.5775796319690587,-0.5775796319690587,0.0,0,44098.93627999484,85155.66983867806,91768.364906565,348366.2327997482,18365.16790988489,0.04674779112097467,2.9978665967041915,True,2
399,379957.69294482766,18411.960634665025,-0.693749753968658,1.8236373349959665,9.591575760575552,-0.4465646000867739,-0.4465646000867739,0.826794152215327,0.826794152215327,0.9999994924841336,1,0.8947514023473485,-0.8947514023473485,0.5625050429344362,-0.5625050429344362,0.0,0,44135.395822038,85256.27848875152,91797.11513642292,348314.2223729532,18413.412614487825,0.04687786396176557,2.9978617765373943,True,2
400,379945.07264753524,18460.341706338273,-0.6927411804872532,1.8259625927354803,9.598814471169998,-0.4402633437825419,-0.4402633437825419,0.8375646578972067,0.8375646578972067,1.0000002019855745,1,0.8978686888757688,-0.8978686888757688,0.5463380341098572,-0.5463380341098572,0.0,0,44171.644903189386,85360.02320065159,91825.82188021438,348262.30493024294,18461.636123937922,0.047007936802556445,2.997857292774684,True,2
401,379932.3395819939,18508.693221742848,-0.6917365421361051,1.8282937774829424,9.606049004473082,-0.4341518567727941,-0.4341518567727941,0.84864838471269,0.84864838471269,1.0000001712341016,1,0.9008396979062104,-0.9008396979062104,0.5289572306206194,-0.5289572306206194,0.0,0,44207.68328515469,85462.83748833746,91854.48448557011,348210.48037918797,18509.838251338962,0.047138009643347266,2.997853146273205,True,2
402,379919.4936082106,18557.01486241822,-0.6907358108857584,1.830630012688568,9.613279290884714,-0.4282308243480496,-0.4282308243480496,0.8600461422834156,0.8600461422834156,1.0000006458174389,1,0.9036693799242508,-0.9036693799242508,0.5102156408713149,-0.5102156408713149,0.0,0,44243.51088722871,85564.72096893031,91883.10212740033,348158.74855792837,18558.01884450151,0.04726808248413815,2.997849338045406,True,2
403,379906.5344862852,18605.306281520618,-0.6897389596456033,1.8329719461042224,9.62050526566797,-0.422500647620698,-0.422500647620698,0.8717595558284233,0.8717595558284233,1.000000315065566,1,0.9063626191612684,-0.9063626191612684,0.4899336354031841,-0.4899336354031841,0.0,0,44279.12750905112,85665.67358279435,91911.67411995912,348107.1093592925,18606.177722664273,0.04739815532492899,2.997845868963044,True,2
404,379893.4620369428,18653.56714628895,-0.6887459611839428,1.835319067356605,9.627726861832844,-0.4169614650876801,-0.4169614650876801,0.8837894343612984,0.8837894343612984,0.9999991412237836,1,0.9089241712330728,-0.9089241712330728,0.4678857574984296,-0.4678857574984296,0.0,0,44314.53302155982,85765.69513591213,91940.19970023731,348055.562646487,18654.314720758888,0.047528228165719756,2.9978427399637733,True,2
405,379880.2761717012,18701.79714688852,-0.6877567879023587,1.837670702707073,9.634944003658362,-0.4116131645718504,-0.4116131645718504,0.8961339007540086,0.8961339007540086,1.0000025815081142,1,0.9113586431166826,-0.9113586431166826,0.4437808882600855,-0.4437808882600855,0.0,0,44349.72737557907,85864.78521114463,91968.67798460793,348004.1082632144,18702.429698285498,0.047658301006510695,2.9978399521122268,True,2
406,379866.9765099932,18749.995891669423,-0.6867714144914473,1.8400297637396936,9.642156644057598,-0.4064553378719662,-0.4064553378719662,0.908798544074981,0.908798544074981,0.9999987542053318,1,0.9136706587674897,-0.9136706587674897,0.4172366686988342,-0.4172366686988342,0.0,0,44384.710255912214,85964.74451402157,91997.10849786925,347952.7461309683,18750.522431376754,0.04778837384730157,2.997837506015012,True,2
407,379853.56307128555,18798.163096923934,-0.6857898131226786,1.8423918072313588,9.64936469902463,-0.4014873763782552,-0.4014873763782552,0.9217781046144904,0.9217781046144904,0.9999994522477258,1,0.915864558898182,-0.915864558898182,0.3877185447803195,-0.3877185447803195,0.0,0,44419.48171583802,86066.3236350441,92025.49021987704,347901.4760646927,18798.592808299138,0.047918446688092274,2.997835402868032,True,2
408,379840.0355430566,18846.298385226994,-0.6848119585015668,1.8447608445327448,9.656568109497082,-0.3967083894551552,-0.3967083894551552,0.935075235350491,0.935075235350491,0.9999983818569288,1,0.9179446954490276,-0.9179446954490276,0.3544515653971581,-0.3544515653971581,0.0,0,44454.041469026124,86166.99340029496,92053.82257887142,347850.2980009594,18846.640621925933,0.048048519528883206,2.9978336433964703,True,2
409,379826.393837921,18894.40144002597,-0.6838378240604713,1.8471343593684368,9.663766804896262,-0.3921172795922615,-0.3921172795922615,0.9486865108528952,0.9486865108528952,1.0000019227040495,1,0.9199152299711736,-0.9199152299711736,0.3162151010572417,-0.3162151010572417,0.0,0,44488.389481981634,86266.75343274686,92082.10471675411,347799.21177623054,18894.665728491615,0.04817859236967406,2.997832228593105,True,2
410,379812.63766328024,18942.47188478418,-0.6828673848859144,1.8495141158967736,9.670960729076612,-0.3877127031168664,-0.3877127031168664,0.9626176482227852,0.9626176482227852,0.9999966407300578,1,0.9217802722186286,-0.9217802722186286,0.270870102079141,-0.270870102079141,0.0,0,44522.52550664492,86365.60394208398,92110.33604565897,347748.21730565897,18942.667923953562,0.048308665210464896,2.997831159171529,True,2
411,379798.7669765215,18990.50941228969,-0.6819006145834497,1.8518974644827848,9.678149805756076,-0.3834931361250949,-0.3834931361250949,0.976859503158736,0.976859503158736,0.999999893968446,1,0.9235437255332593,-0.9235437255332593,0.2138822542725937,-0.2138822542725937,0.0,0,44556.44953632902,86463.54445648319,92138.51565559075,347697.3144304992,18990.647075794295,0.04843873805125575,2.997830436176046,True,2
412,379784.78149793507,19038.51364531871,-0.6809374886276444,1.8542879198987987,9.685333974805651,-0.3794568292844706,-0.3794568292844706,0.991417755198262,0.991417755198262,0.9999977482010314,1,0.925209444827987,-0.925209444827987,0.1307405231439422,-0.1307405231439422,0.0,0,44590.161315707956,86560.57524092343,92166.64294307318,347646.5030825709,19038.60298127,0.0485688108920465,2.997830060338296,True,2
413,379770.6811547846,19086.484264691808,-0.6799779813388226,1.8566819183996768,9.69251316794486,-0.3756018667129831,-0.3756018667129831,1.118606228698914,0.8939951177589012,0.9999715063101542,1,0.9267811095780456,-0.9267811095780456,0.0,0.0,0.0,0,44623.660831450135,86659.24330544728,92194.71705574976,347595.78309494,19086.535497379344,0.04869888373283738,2.9978300326075376,False,1
414,379756.4656796449,19134.42089230115,-0.6790220685966569,1.8590824591779849,9.699687326689812,-0.3719261422953571,-0.3719261422953571,1.2297836168563283,0.8131530204045918,0.9999977410420728,1,0.9282623234554732,-0.9282623234554732,0.0,0.0,0.0,0,44656.94784882263,86758.76157776298,92222.7373830111,347545.1543900895,19134.444422492226,0.048828956573628284,2.997830353702084,False,1
415,379742.1349490968,19182.323190387528,-0.6780697255244743,1.86148722538486,9.70685638254077,-0.368427402469212,-0.368427402469212,1.3113285002902426,0.7625821918665098,1.0000042287336286,1,0.929656527103222,-0.929656527103222,0.0,0.0,0.0,0,44690.022278152755,86857.3909434269,92250.70313794703,347494.61684395565,19182.329596634987,0.04895902941441909,2.997831024510634,False,1
416,379727.6888649884,19230.19082719917,-0.6771209272996236,1.863896619065688,9.714020263762752,-0.3651032546388542,-0.3651032546388542,1.3818380374425294,0.7236744285273684,0.9999991504503604,1,0.9309670299959676,-0.9309670299959676,0.0,0.0,0.0,0,44722.88404486672,86955.13113856733,92278.61350661726,347444.1703355326,19230.190866604833,0.049089102255209925,2.9978320459483294,False,1
417,379713.1271776569,19278.02342342873,-0.6761756504062132,1.866312201318028,9.721178916654608,-0.3619511519158477,-0.3619511519158477,1.446300381435669,0.6914184539345429,1.0000012221314754,1,0.9321970649157308,-0.9321970649157308,0.0,0.0,0.0,0,44755.532956033945,87051.98237187948,92306.46787345667,347393.8147631676,19278.028032435563,0.04921917509600075,2.9978334186976707,False,1
418,379698.44980601076,19325.82064888756,-0.6752338703515927,1.8687323414310777,9.72833226616896,-0.3589684478033421,-0.3589684478033421,1.5069420401108764,0.6635966478290288,0.9999983204637762,1,0.9333496915574612,-0.9333496915574612,0.0,0.0,0.0,0,44787.968938339036,87147.94439880778,92334.26540898066,347343.5500178221,19325.840944183565,0.049349247936791636,2.9978351436868023,False,1
419,379683.65650830074,19373.582122303516,-0.6742955640353016,1.8711578977673853,9.735480261638118,-0.3561523715549352,-0.3561523715549352,1.5649651919157872,0.6389909420991574,1.000001411351844,1,0.934427896925292,-0.934427896925292,0.0,0.0,0.0,0,44820.191820789536,87243.01750096162,92362.00549807076,347293.3759847421,19373.629401817445,0.04947932077758247,2.997837221572808,False,1
420,379668.74725055747,19421.30752469618,-0.6733607070670192,1.8735874349380643,9.742622819976324,-0.3535000811912333,-0.3535000811912333,1.6211230254627025,0.6168576685279558,0.9999978405810556,1,0.935434488425756,-0.935434488425756,0.0,0.0,0.0,0,44852.20154802082,87339.7381278556,92389.68725827962,347243.292570043,19421.393268111842,0.04960939361837328,2.997839653343648,False,1
421,379653.72178262594,19468.996468000067,-0.6724292768626536,1.8760233397601425,9.749759893848491,-0.3510086296758995,-0.3510086296758995,1.6759016809706335,0.5966950033693749,0.999997851885664,1,0.9363722181041104,-0.9363722181041104,0.0,0.0,0.0,0,44883.99794957938,87437.29164654354,92417.31009405243,347193.29965587344,19469.132338065512,0.04973946645916416,2.9978424396157464,False,1
422,379638.5799800247,19516.648601362416,-0.67150125013913,1.8784637278479897,9.75689141628286,-0.3486750151797589,-0.3486750151797589,1.7296499913887968,0.5781522783935247,0.9999989224519644,1,0.9372436865574818,-0.9372436865574818,0.0,0.0,0.0,0,44915.58092427981,87533.97620794956,92444.87325032559,347143.39713823947,19516.846444488692,0.04986953929995497,2.9978455812010245,False,1
423,379623.3217120515,19564.263570211097,-0.6705766038903596,1.8809087547825247,9.764017324716416,-0.3464961764862758,-0.3464961764862758,1.782622075924514,0.5609709500440899,1.0000007972667295,1,0.938051386072312,-0.938051386072312,0.0,0.0,0.0,0,44946.950381562696,87629.79176686257,92472.37598906287,347093.58490109566,19564.535417288305,0.049999612140745865,2.997849078873278,False,1
424,379607.9468688392,19611.841024915964,-0.6696553151087924,1.8833580798945369,9.771137538068304,-0.3444690102471671,-0.3444690102471671,1.8350144034216969,0.5449557278791505,0.99999839868451,1,0.938797684493726,-0.938797684493726,0.0,0.0,0.0,0,44978.10616417136,87724.73820580715,92499.81752929195,347043.8629039803,19612.199091992123,0.05012968498153664,2.9978529335113016,False,1
425,379592.455264872,19659.380589559772,-0.6687373616800808,1.885813103979598,9.778252017079875,1.886969550939656,-0.3425903656567255,-0.3425903656567255,0.5299508169468276,0.9999989510766162,1,0.0,0.9394848775837904,-0.9394848775837904,0.0,0.0,0,45009.04822025198,87818.81573558738,92527.1972297384,346994.23096434126,19659.837279099876,0.050259757822327465,2.9978571457046157,False,1
426,379576.84674191853,19706.88189492305,-0.667822721404103,1.8882727739429463,9.785360695871944,1.938606155499948,-0.3408570728152709,-0.3408570728152709,0.5158337723105961,1.0000014651665652,1,0.0,0.9401151336571806,-0.9401151336571806,0.0,0.0,0,45039.77639903949,87912.02445665286,92554.51438576309,346944.6890083426,19707.449796581936,0.05038983066311843,2.997861716200472,False,1
427,379561.12128879374,19754.344618443924,-0.6669113712124242,1.8907361156929432,9.792463485138883,1.990025806945552,-0.339265955009338,-0.339265955009338,0.502506577962154,0.9999989478524874,1,0.0,0.9406904940604364,-0.9406904940604364,0.0,0.0,0,45070.290627376235,88006.12863078367,92581.76811850586,346895.2369837247,19755.03650873307,0.05051990350390921,2.997866645959402,False,1
428,379545.2786174531,19801.768344202163,-0.6660032903620278,1.8932060967182835,9.799560360296407,2.0412970072636334,-0.3378138059109791,-0.3378138059109791,0.4898840829157777,1.000001081376132,1,0.0,0.941212961448981,-0.941212961448981,0.0,0.0,0,45100.590782641666,88101.80571373503,92608.95791658854,346845.87471271714,19802.597189469085,0.05064997634470005,2.9978719354024235,False,1
429,379529.318734694,19849.152752421673,-0.6650984560364631,1.8956790594570627,9.80665122348887,2.0924920361571715,-0.3364974421772904,-0.3364974421772904,0.4778992514559255,0.9999996244089812,1,0.0,0.9416843787811304,-0.9416843787811304,0.0,0.0,0,45130.676768314675,88196.63296893574,92636.0828806097,346796.60217871313,19850.13170722825,0.05078004918549087,2.997877585527834,False,1
430,379513.24145164585,19896.497456135938,-0.6641968471349717,1.8981580724682563,9.813736025368794,2.143661471379187,-0.3353136731609504,-0.3353136731609504,0.4664925295712493,0.9999979487007058,1,0.0,0.9421065383318789,-0.9421065383318789,0.0,0.0,0,45160.54846663104,88290.61063084671,92663.14237340842,346747.41926378617,19897.639865748697,0.05091012202628175,2.9978835969381508,False,1
431,379497.04659810214,19943.802072387374,-0.663298442672444,1.9006420486434088,9.820814726671768,2.1948467022050484,-0.3342593238625486,-0.3342593238625486,0.455612722408581,0.999999918523558,1,0.0,0.942481142850244,-0.942481142850244,0.0,0.0,0,45190.205832251,88383.73891876396,92690.13575420502,346698.3257958922,19945.121473569692,0.05104019486707252,2.997889970189986,False,1
432,379480.7341415927,19991.066263511602,-0.6624032207358801,1.9031291880766823,9.827887239328902,2.246091554246015,-0.3333312493918519,-0.3333312493918519,0.4452175874043401,1.000000534160955,1,0.0,0.9428097799376904,-0.9428097799376904,0.0,0.0,0,45219.64875843917,88476.01764374152,92717.06218928385,346649.3217477546,19992.576383779815,0.05117026770786336,2.997896706173327,False,1
433,379464.30392021313,20038.28964570118,-0.6615111606024124,1.9056215311810545,9.834953505115095,2.297428100184834,-0.3325263231263445,-0.3325263231263445,0.4352689435339352,1.000000892870349,1,0.0,0.9430939770486082,-0.9430939770486082,0.0,0.0,0,45248.877112816495,88567.44703573898,92743.92101162304,346600.407035341,20040.004405540494,0.051300340548654316,2.997903805532508,False,1
434,379397.4032905852,20226.767738982635,-0.6579741225459648,1.9156369113621563,9.863154887121809,2.504210057847022,-0.330476822644289,-0.330476822644289,0.399326926735158,1.0000014862469135,1,0.0,0.9438141115447638,-0.9438141115447638,0.0,0.0,0,45363.64336322941,88937.40543381742,92850.66581458523,346405.6395267442,20229.444135402,0.05182062986896524,2.997935850258857,False,1
435,379371.8289983024,20297.26615603101,-0.656660544164448,1.9200398982651072,9.873704509813669,2.582297250434189,-0.3301642462115705,-0.3301642462115705,0.3871808499042711,1.0001831465189364,1,0.0,0.9439239448005006,-0.9439239448005006,0.0,0.0,0,45405.79814869666,89074.17182488846,92890.40393140649,346332.9670954489,20300.363912635836,0.052015723021822544,2.997949366591984,False,1
436,379345.9930100177,20367.6756333748,-0.6553536147141475,1.923825506045512,9.88423702730224,2.6613179120484545,-0.3300852443813396,-0.3300852443813396,0.3757467980687664,1.000018350456125,1,0.0,0.9439511095530578,-0.9439511095530578,0.0,0.0,0,45447.46665744763,89209.05766271456,92929.97296767411,346260.4981920976,20371.228832638615,0.052210832157973654,2.9979637302147992,False,1
437,379345.9851726293,20367.67934989419,-0.6553535459202907,1.92321000854534,9.884237994687489,2.66126539975768,-0.3300852418727552,-0.3300852418727552,0.3757358211414561,1.000066943720093,1,0.0,0.9439512983338624,-0.9439512983338624,0.0,0.0,0,45447.46317796153,89209.0827384539,92929.98117606921,346260.4948722745,20371.232694886814,0.0522108547228447,2.9979637281586182,False,1
438,379337.3197846988,20391.1229181338,-0.6549194895804467,1.925091448373864,9.887744926813578,2.687710810557451,-0.3301091592720584,-0.3301091592720584,0.3720570273390869,1.00001833038242,1,0.0,0.943942751650566,-0.943942751650566,0.0,0.0,0,45461.24807723472,89253.61007414258,92943.12834066819,346236.3854039115,20394.835675878414,0.05227587500386981,2.997968699163048,False,1
439,379328.6168953312,20414.55920872452,-0.6544861119455414,1.9263561589992568,9.89125113647182,2.7141655074384192,-0.3301576328516261,-0.3301576328516261,0.3684305810346684,1.0000184397012222,1,0.0,0.943925803853826,-0.943925803853826,0.0,0.0,0,45474.97569021705,89297.9549497631,92956.26530751237,346212.29475245904,20418.435421461232,0.05234091142426509,2.997973760336832,False,1
440,379328.60917200864,20414.562978192705,-0.654486042109058,1.925720934653564,9.891252083957877,2.7141176939989293,-0.3301576576932757,-0.3301576576932757,0.368420714576034,1.0000625268355388,1,0.0,0.9439259599641472,-0.9439259599641472,0.0,0.0,0,45474.97227984882,89297.9796342158,92956.27331721023,346212.2914236945,20418.439340699537,0.05234093378145215,2.9979737585809736,False,1
441,379319.88437568006,20437.98447500997,-0.6540534790196776,1.9276214707485395,9.89475563666561,2.740685034292902,-0.3302303280507967,-0.3302303280507967,0.364865957113538,1.000017342356487,1,0.0,0.9439003762021638,-0.9439003762021638,0.0,0.0,0,45488.6494876456,89342.09221902853,92969.38372711715,346188.2262566546,20442.028063240054,0.052405953997130314,2.997978913896341,False,1
442,379311.12214988424,20461.39864591354,-0.6536215888890025,1.928889895099044,9.89825843736464,2.767268176337332,-0.3303269126535827,-0.3303269126535827,0.3613610780379545,1.0000169912283248,1,0.0,0.9438665840132736,-0.9438665840132736,0.0,0.0,0,45502.2694625085,89388.04100779157,92982.48358809284,346164.1798622782,20465.61355633339,0.052470990417525704,2.997984159798788,False,1
443,379302.3302421556,20484.801687563988,-0.6531904388604571,1.9301578872559664,9.90175952144658,2.7939174494991725,-0.3304470557682446,-0.3304470557682446,0.357914534884259,1.000016331878968,1,0.0,0.9438245320376965,-0.9438245320376965,0.0,0.0,0,45515.83560561587,89433.81487691567,92995.56476098661,346140.15558256285,20489.191891136637,0.052536026837921176,2.9979894981860915,False,1
444,379293.50859622896,20508.19353578392,-0.6527600268885316,1.931428527067344,9.905258893835876,2.820632132510857,-0.3305904270863996,-0.3305904270863996,0.3545245450676608,1.000016661450699,1,0.0,0.943774329362352,-0.943774329362352,0.0,0.0,0,45529.34791041829,89479.38570832864,93008.6272110664,346116.1533756646,20512.763029431964,0.05260106325831658,2.99799492905088,False,1
445,379284.6572536748,20531.57416312772,-0.6523303501644694,1.9326979983708843,9.9087565325921,2.8474153668884314,-0.3307567059458024,-0.3307567059458024,0.3511898971074881,1.000016466680637,1,0.0,0.9437160724196296,-0.9437160724196296,0.0,0.0,0,45542.80636665155,89524.75332327912,93021.67078936734,346092.17326741683,20536.32696773951,0.052666099678712025,2.998000452565667,False,1
446,379275.77620891336,20554.943524350198,-0.6519014062662951,1.9339686811523689,9.912252429239082,2.874268225112265,-0.3309455707301801,-0.3309455707301801,0.3479091802206598,1.0000156688697377,1,0.0,0.9436498602017128,-0.9436498602017128,0.0,0.0,0,45556.210968092084,89569.91775099236,93034.69540336277,346068.21524915495,20559.883685776786,0.05273113609910749,2.998006068812319,False,1
447,379266.8653568152,20578.30153614238,-0.6514731935669624,1.935245202704972,9.915746601607893,2.9011882866604983,-0.3311567075816199,-0.3311567075816199,0.3446805492774872,1.0000167834629248,1,0.0,0.943575794326015,-0.943575794326015,0.0,0.0,0,45569.56170753017,89614.87929660923,93047.70107381033,346044.2792475366,20583.433127466207,0.052796172519502846,2.998011777696564,False,1
448,379257.9248809199,20601.648225217337,-0.6510457081715255,1.9365137599678752,9.91923899040274,2.9281832988003167,-0.3313897980157665,-0.3313897980157665,0.3415036354453782,1.000014714628187,1,0.0,0.943493956296338,-0.943493956296338,0.0,0.0,0,45582.85857628769,89659.63739206795,93060.68749254296,346020.3653809996,20606.97534036093,0.05286120893989816,2.998017579637441,False,1
449,379248.95456446434,20624.983465149442,-0.6506189493586793,1.9377914986837967,9.92272964343175,2.955246844536444,-0.3316445391532265,-0.3316445391532265,0.3383761620553099,1.0000148609640986,1,0.0,0.9434044486458696,-0.9434044486458696,0.0,0.0,0,45596.10156816384,89704.19267394622,93073.6548072991,345996.4735016835,20630.510227906514,0.05292624536029367,2.9980234743414065,False,1
450,379239.9545001778,20648.30724792238,-0.6501929139715009,1.939067338589899,9.926218525875372,2.982383340712365,-0.3319206223180431,-0.3319206223180431,0.3352973996925779,1.0000145590921856,1,0.0,0.9433073531851032,-0.9433073531851032,0.0,0.0,0,45609.29067572608,89748.54486382777,93086.6028144087,345972.6036671788,20654.037805020125,0.05299128178068915,2.998029462063476,False,1
451,379230.9246954467,20671.61953280652,-0.6497675995398137,1.94034285749544,9.92970562583259,3.009594131550709,-0.3322177450559479,-0.3322177450559479,0.3322662358564121,1.0000134207262483,1,0.0,0.943202754331322,-0.943202754331322,0.0,0.0,0,45622.42589227832,89792.69393397696,93099.53140807462,345948.75587825815,20677.558055834652,0.05305631820108462,2.9980355429053174,False,1
452,379221.8650490727,20694.92023682111,-0.6493430044618363,1.9416224338345949,9.933190960206916,3.036876853191189,-0.3325356124745692,-0.3325356124745692,0.3292811307241092,1.0000136794013923,1,0.0,0.9430907396082504,-0.9430907396082504,0.0,0.0,0,45635.50721087656,89836.64018493252,93112.44060333302,345924.93006390525,20701.0709249065,0.05312135462147989,2.9980417167797966,False,1
453,379212.77560525347,20718.209333219576,-0.6489191259967607,1.9429015184196827,9.93667450741454,3.0642340596255258,-0.3328739282899503,-0.3328739282899503,0.3263412280878126,1.000014006209295,1,0.0,0.9429713864619887,-0.9429713864619887,0.0,0.0,0,45648.534625031694,89880.38346852119,93125.33025322738,345901.1262491463,20724.576409600635,0.05318639104187532,2.998047983852262,False,1
454,379203.65642977576,20741.486803842585,-0.6484959612453748,1.9441792583316968,9.940156240279329,3.0916688997170123,-0.3332323983848222,-0.3332323983848222,0.3234457715650934,1.000012676867532,1,0.0,0.942844769443704,-0.942844769443704,0.0,0.0,0,45661.508129151014,89923.9236197004,93138.2001888598,345877.3444728616,20748.07451527703,0.0532514274622707,2.998054344321651,False,1
455,379194.50739027536,20764.752552836002,-0.6480735088856638,1.945462681817136,9.943636184049176,-0.3336107405993329,-0.3336107405993329,3.119177945845893,0.3205932308038132,1.0000125655671914,1,0.9427109701472324,-0.9427109701472324,0.0,0.0,0.0,0,45674.427715968865,89967.26101549497,93151.05045887541,345853.5846436097,20771.5651746192,0.05331646388266631,2.9980607980475136,False,1
456,379185.32848646893,20788.00653582626,-0.6476517665604183,1.946745551224496,9.94711432905454,3.146762151243523,-0.3340086711462813,-0.3340086711462813,0.3177826666108828,1.0000134193302217,1,0.0,0.942570061501352,-0.942570061501352,0.0,0.0,0,45687.29337926884,90010.3956708924,93163.88096633067,345829.84675682685,20795.04836858498,0.05338150030306169,2.9980673451161626,False,1
457,379176.1198699034,20811.248768527716,-0.6472307307238424,1.9480246716882668,9.950590625840457,3.1744272719594417,-0.334425902305336,-0.334425902305336,0.3150137333514582,1.0000117000434992,1,0.0,0.9424221080648444,-0.9424221080648444,0.0,0.0,0,45700.105115649116,90054.24182249176,93176.69145169985,345806.13090707327,20818.524134214043,0.053446536723457075,2.998073985866572,False,1
458,379166.8813445608,20834.479129039202,-0.646810400590777,1.9493117102929791,9.954065116477038,3.2021678481124924,-0.334862166640702,-0.334862166640702,0.3122847907240285,1.0000115612545208,1,0.0,0.9422671871191602,-0.9422671871191602,0.0,0.0,0,45712.86291691841,90098.99470698886,93189.48203097639,345782.4369611167,20841.99238008657,0.05351157314385247,2.998080720052296,False,1
459,379157.61298158154,20857.697601161308,-0.646390773270692,1.950596742689108,9.957537772666726,3.229986995752018,-0.335317187367496,-0.335317187367496,0.309595247182128,1.0000112474751424,1,0.0,0.9421053625597624,-0.9421053625597624,0.0,0.0,0,45725.56677848176,90143.54885512716,93202.2525319395,345758.7649610164,20865.4531135175,0.053576609564247944,2.9980875478759703,False,1
460,379148.3147590884,20880.90413167465,-0.6459718466210146,1.9518828177593848,9.961008590793664,3.257884814387868,-0.3357906958603744,-0.3357906958603744,0.3069441870294936,1.000011055688912,1,0.0,0.9419367002192736,-0.9419367002192736,0.0,0.0,0,45738.216694929986,90187.90430114995,93215.00288292201,345735.11488746427,20888.90630729951,0.05364164598464331,2.998094469382897,False,1
461,379138.9866432653,20904.09866239184,-0.6455536186036076,1.953170569125224,9.964477570255529,3.285861031961372,-0.3362824278700546,-0.3362824278700546,0.3043306862774467,1.0000115069283868,1,0.0,0.941761264356826,-0.941761264356826,0.0,0.0,0,45750.81266041112,90232.06115278443,93227.73302464867,345711.4867135448,20912.351929659453,0.053706682405038675,2.998101484598932,False,1
462,379129.6287257675,20927.281185552754,-0.645136086198011,1.9544561217551923,9.967944677895478,3.313919198349455,-0.3367921150932118,-0.3367921150932118,0.3017542684367815,1.0000105820055625,1,0.0,0.9415791129621374,-0.9415791129621374,0.0,0.0,0,45763.35467251879,90276.019150165,93240.44276666618,345687.8804936805,20935.78999573915,0.05377171882543424,2.998108593753583,False,1
463,379120.24089176784,20950.451610080472,-0.6447192480300495,1.9557472972718484,9.971409934532558,3.342056490986644,-0.3373195051378578,-0.3373195051378578,0.2992137839202939,1.000010467945378,1,0.0,0.9413903095279498,-0.9413903095279498,0.0,0.0,0,45775.842724357266,90319.77861926265,93253.13213540975,345664.2961475777,20959.220443244758,0.05383675524582961,2.998115796738193,False,1
464,379110.8231938497,20973.609912391355,-0.6443031014079955,1.9570365992493337,9.97487331713996,3.3702752143316124,-0.3378643388399185,-0.3378643388399185,0.296708669226694,1.0000099564285003,1,0.0,0.9411949099097012,-0.9411949099097012,0.0,0.0,0,45788.27681222919,90363.33942268403,93265.80098210572,345640.7337047534,20982.643272656474,0.05390179166622504,2.998123093717252,False,1
465,379101.37509358575,20996.755827828012,-0.643887673575122,1.9583497467025903,9.978341354665249,3.398005975509178,-0.3384273178948794,-0.3384273178948794,0.2941810416345614,1.000368639881954,1,0.0,0.9409938948052264,-0.9409938948052264,0.0,0.0,0,45800.6873097645,90406.71640167008,93278.45747173819,345617.1647003787,21006.058261014095,0.053966828086620386,2.998130452904633,False,1
466,379093.934358296,21014.912303712415,-0.6435620747427027,-1.1809577726871727,9.981049734028083,3.4208625835058664,-0.3388794424628956,-0.3388794424628956,0.2923240700352361,0.9999995299508202,1,0.0,0.94082980399577,-0.94082980399577,0.0,0.0,0,45810.32658052852,90440.60706602587,93288.36496024157,345598.7372514752,21024.42924358811,0.05401787382414709,2.998136353064238,False,1
467,379091.8970495336,21019.88949768276,-0.6434728828976373,1.959643347952425,9.981794722454929,3.426925592276362,-0.339005412360554,-0.339005412360554,0.2917982184311802,1.0000289245509664,1,0.0,0.9407845790413052,-0.9407845790413052,0.0,0.0,0,45812.98303608084,90449.86834503508,93291.07791425085,345593.67376396357,21029.465561977122,0.05403186450795471,2.9981379681400564,False,1
468,379084.43338922405,21038.03656773738,-0.6431478428843708,-1.179663019120042,9.984507897166488,3.4493064661887054,-0.3394715466913726,-0.3394715466913726,0.2899131994506382,1.0000005226017945,1,0.0,0.940616326079137,-0.940616326079137,0.0,0.0,0,45822.6104678156,90483.6150130645,93300.97627354867,345575.23560650024,21047.830718409576,0.05408291025997167,2.9981439119763484,False,1
469,379082.3848373196,21043.009139089885,-0.6430588354162788,1.96112078405312,9.985253466562687,3.4552690511508075,-0.3396014028441773,-0.3396014028441773,0.2893825452019785,1.0001047436086572,1,0.0,0.9405698284780558,-0.9405698284780558,0.0,0.0,0,45825.253919229144,90492.84671752222,93303.68933186006,345570.17484989995,21052.86354846663,0.05409690093022284,2.998145540959752,False,1
470,379074.9024655048,21061.148501733842,-0.6427342945490984,-1.1783693445837513,9.987964117847165,3.4778364325848417,-0.3400801543639269,-0.3400801543639269,0.2875352982984512,0.9999992695704352,1,0.0,0.9403964498866896,-0.9403964498866896,0.0,0.0,0,45834.84009935055,90526.42447224454,93313.56673613883,345551.7560387052,21071.22446719829,0.054147946681465504,2.9981515653069923,False,1
471,379072.8515219066,21066.1200866524,-0.6426454173959115,1.962034165930764,9.988712213201396,3.4835990098810505,-0.3402138612865074,-0.3402138612865074,0.286991358926346,1.000235460082462,1,0.0,0.9403490365586524,-0.9403490365586524,0.0,0.0,0,45837.490932494344,90535.6102419198,93316.27598163979,345546.6851541489,21076.257178470383,0.05416193735062456,2.9981532017419186,False,1
472,379065.3416767749,21084.24809737665,-0.6423214272804976,-1.1770722182043276,9.991418486054233,3.5064453142321903,-0.3407050378992449,-0.3407050378992449,0.2851889829753742,1.0000004235786426,1,0.0,0.9401702401934602,-0.9401702401934602,0.0,0.0,0,45847.01605346013,90569.03545754346,93326.13631138268,345528.29806497024,21094.610504602886,0.05421298311390651,2.998159312682649,False,1
473,379063.2839647112,21089.216879704964,-0.6422326880810593,1.9635161800280552,9.992163457295188,3.512453948298921,-0.3408418049793081,-0.3408418049793081,0.2846738660883829,1.0000953763813432,1,0.0,0.9401210836106452,-0.9401210836106452,0.0,0.0,0,45849.641984258895,90578.17364700623,93328.83804259033,345523.2439489053,21099.641421497377,0.054226973771097774,2.9981609823730664,False,1
474,379055.75091286283,21107.335263672794,-0.6419092392468514,-1.1757769778611382,9.99487089651576,3.5351410308930777,-0.3413459493756481,-0.3413459493756481,0.2828743205428132,0.9999993879534742,1,0.0,0.9399377307848268,-0.9399377307848268,0.0,0.0,0,45859.13773095218,90611.448032181,93338.68486874294,345504.8621559286,21117.988768868185,0.05427801954505463,2.998167154606436,False,1
475,379053.6865247028,21112.30127151596,-0.6418206442398894,1.9648099727126271,9.995614611912892,3.541237354120089,-0.3414860100268834,-0.3414860100268834,0.2823725324484248,1.0000513737768555,1,0.0,0.9398871071330872,-0.9398871071330872,0.0,0.0,0,45861.74774343317,90620.54232777312,93341.38123953664,345499.8165579149,21123.01792236526,0.05429201019150978,2.9981688485749154,False,1
476,379046.1302774114,21130.40999820013,-0.6414977279070457,-1.1744788352382591,9.99832143779446,3.563916729945488,-0.3420026677056477,-0.3420026677056477,0.2805900184561516,1.000000534351264,1,0.0,0.9396989836628166,-0.9396989836628166,0.0,0.0,0,45871.2057199743,90653.66218331495,93351.21236097901,345481.4478291054,21141.359280099576,0.054343055975244,2.99817509071577,False,1
477,379044.05917802,21135.373206758773,-0.6414092803261804,1.9661054127490687,9.999064779141872,3.5700266223537174,-0.3421461177630402,-0.3421461177630402,0.2800944371748131,1.0000549020145806,1,0.0,0.9396470282178896,-0.9396470282178896,0.0,0.0,0,45873.80395222112,90662.71450993586,93353.90442651552,345476.40689408005,21146.38665229645,0.054357046611906684,2.9981768047220494,False,1
478,379036.4796719556,21153.47221436287,-0.6410868914507054,-1.173179231749207,10.001770025212998,3.592778569332048,-0.3426749538010795,-0.3426749538010795,0.278336000884392,1.00000037756073,1,0.0,0.9394540326300128,-0.9394540326300128,0.0,0.0,0,45883.21953426895,90695.67800037088,93363.71867409947,345458.05545869377,21164.721980714654,0.054408092404469484,2.998183121416837,False,1
479,379034.4019550329,21158.43265263632,-0.6409985902250367,1.967401128891348,10.002513004536368,3.598901713336566,-0.342821743796703,-0.342821743796703,0.2778464810170487,1.0000572948303934,1,0.0,0.9394007578700864,-0.9394007578700864,0.0,0.0,0,45885.806169388175,90704.68816783407,93366.40636481678,345453.01907876134,21169.747603327345,0.05442208303232595,2.9981848554418864,False,1
480,379026.79910292185,21176.521869093107,-0.6406767277064681,-1.1718808196263728,10.005216665067168,3.621725847221748,-0.3433625830108042,-0.3433625830108042,0.2761115756598725,0.9999995736925774,1,0.0,0.9392029240858868,-0.9392029240858868,0.0,0.0,0,45895.17925013247,90738.0476955225,93376.20373017898,345434.68496978167,21188.07685336823,0.054473128833095984,2.9981912467111758,False,1
481,379024.71489597514,21181.479580561958,-0.6405885714360806,1.9686953563184209,10.005959269367969,3.62786421073182,-0.343512658249308,-0.343512658249308,0.2756281827728765,1.0000578340887587,1,0.0,0.939148339274107,-0.939148339274107,0.0,0.0,0,45897.75439508149,90747.44504464883,93378.886925536,345429.6531308973,21193.100771352805,0.05448711945276057,2.998193000863897,False,1
482,379017.08863737836,21199.558944839177,-0.6402672342370641,-1.170581205888077,10.008661400876385,3.650755295536017,-0.3440653382536644,-0.3440653382536644,0.2739158544757144,1.0000002414003364,1,0.0,0.9389457094813766,-0.9389457094813766,0.0,0.0,0,45907.08519498544,90781.66474463542,93388.6674548038,345411.33609658555,21211.42390420714,0.054538165261525724,2.998199466440293,False,1
483,379014.9980720083,21204.51397510573,-0.6401792220357646,1.9699876144688493,10.009403755220749,3.6568997111041,-0.344218669591364,-0.344218669591364,0.2734376758148824,1.0000652146970523,1,0.0,0.9388898441317564,-0.9388898441317564,0.0,0.0,0,45909.649612041074,90791.0204190642,93391.34619603955,345406.30818123504,21216.446164339777,0.05455215587318563,2.998201240170703,False,1
484,379007.3482174844,21222.58337143985,-0.6398584091340926,-1.1692771679397465,10.01210418700061,3.679870033860766,-0.3447829946697418,-0.3447829946697418,0.2717485250500872,1.0000007384662737,1,0.0,0.9386824244887548,-0.9386824244887548,0.0,0.0,0,45918.93711855746,90825.08737419733,93401.10975281023,345388.00902276626,21234.76309094308,0.054603201690254365,2.9982077808339223,False,1
485,379005.25127552316,21227.535703065987,-0.6397705398847172,1.9712891261733363,10.01284608968301,3.6860366559258857,-0.344939499270256,-0.344939499270256,0.2712768574602436,1.0000629297979349,1,0.0,0.9386252583117332,-0.9386252583117332,0.0,0.0,0,45921.48984181741,90834.40099661426,93403.78379773657,345382.9859109349,21239.78368192402,0.05461719229359791,2.998209575103784,False,1
486,378997.5777811553,21245.59507659049,-0.6394502505486995,-1.1679759026635317,10.015544982963934,3.709072648141082,-0.3455153311692633,-0.3455153311692633,0.2696092307039107,0.999999779028309,1,0.0,0.9384131039188026,-0.9384131039188026,0.0,0.0,0,45930.734790289076,90868.31566766842,93413.5305375197,345364.70391078567,21258.09436941916,0.05466823811927069,2.998216190095472,False,1
487,378995.4745132257,21250.544721275848,-0.6393625227878202,1.972590754568745,10.016286264815754,3.7152751576208978,-0.3456749275484971,-0.3456749275484971,0.2691451089896673,1.0000513140594631,1,0.0,0.9383546215803396,-0.9383546215803396,0.0,0.0,0,45933.275095798424,90877.58679481442,93416.19963835445,345359.6863058891,21263.11330673946,0.05468222871399686,2.9982180057258123,False,1
488,378987.7774277554,21268.59405642084,-0.6390427558738564,-1.1666729110604284,10.018983839419104,3.7383595505685614,-0.3462621401825988,-0.3462621401825988,0.2674971146919642,0.9999996102508,1,0.0,0.9381377972170348,-0.9381377972170348,0.0,0.0,0,45942.47861098859,90911.34954623436,93425.92972259207,345341.42044933623,21281.417758403408,0.05473327454868515,2.998224694040218,False,1
489,378985.6678135666,21273.540995795753,-0.63895516998626,1.9738918664572105,10.019724678965538,3.7445834423881608,-0.346424817383547,-0.346424817383547,0.2670391571780038,1.0000490452432742,1,0.0,0.9380780333488676,-0.9380780333488676,0.0,0.0,0,45945.00732139347,90920.5785931267,93428.5940861452,345336.4075742642,21286.43502990273,0.05474726513439228,2.9982265301816438,False,1
490,378977.94711235544,21291.580245733934,-0.638635923270411,-1.1653691145711975,10.022420743965531,3.767731239943237,-0.3470232117225446,-0.3470232117225446,0.2654116780273021,1.000000127795242,1,0.0,0.93785654125837,-0.93785654125837,0.0,0.0,0,45954.16850293125,90954.18910934326,93438.30724336677,345318.15867131867,21304.73322030315,0.05479831097846777,2.9982332927425728,False,1
491,378975.83108397207,21296.524440944017,-0.6385484792741302,1.9751980278498384,10.023161139798082,3.773976058539197,-0.3471889272434804,-0.3471889272434804,0.2649597189880676,1.0000478095798655,1,0.0,0.9377955030798688,-0.9377955030798688,0.0,0.0,0,45956.68553502334,90963.37623230583,93440.96689608508,345313.15055480954,21309.74879506378,0.054812301554788216,2.9982351493876034,False,1
492,378968.0875764908,21314.55211304338,-0.6382297769148472,-1.1621028816207175,10.025855461308817,3.7971867539123743,-0.3477982816797429,-0.3477982816797429,0.2633526245094267,1.0000008893269534,1,0.0,0.93756939398416,-0.93756939398416,0.0,0.0,0,45965.80380641378,90996.83137284132,93450.66213690894,345294.9200665487,21328.039224305263,0.05486334309677179,2.998241985709462,False,1
493,378968.08681989607,21314.553591868425,-0.6382297506354314,-1.1640625474883577,10.025855667285375,3.797189698339402,-0.3477983336540304,-0.3477983336540304,0.2633525609937147,1.0000003644050433,1,0.0,0.9375693697340026,-0.9375693697340026,0.0,0.0,0,45965.80434700148,90996.83437820271,93450.66299586219,345294.9186684908,21328.040729097724,0.054863347418134645,2.998241986364367,False,1
494,378965.9644397904,21319.495059842848,-0.638142447610678,1.9765003882852168,10.026595610109744,3.803456518028238,-0.3479670384608369,-0.3479670384608369,0.2629065737446372,1.0000457237859857,1,0.0,0.9375070650046552,-0.9375070650046552,0.0,0.0,0,45968.30974311341,91005.97941929555,93453.3178699761,345289.9153127034,21333.05462739645,0.05487733798494033,2.99824386357849,False,1
495,378958.196519644,21337.51403526408,-0.637824235983924,-1.162755987308057,10.029288579857802,3.826736781372442,-0.3485872974007006,-0.3485872974007006,0.2613193959134445,0.9999994620655706,1,0.0,0.9372763146450692,-0.9372763146450692,0.0,0.0,0,45977.386003502645,91039.28538825322,93462.99688605993,345271.7005409385,21351.34025249129,0.054928383848445755,2.998250775063697,False,1
496,378956.0678334531,21342.452785840942,-0.63773707412477,1.9778057986655104,10.030028317119712,3.8330067015991247,-0.3487589976705518,-0.3487589976705518,0.2608777473007492,1.0000531968837714,1,0.0,0.9372127900439012,-0.9372127900439012,0.0,0.0,0,45979.8809884151,91048.3887624371,93465.64722311629,345266.700841306,21356.35248805406,0.05494237440536037,2.998252671698014,False,1
497,378948.2762447318,21360.461543748996,-0.637419377163356,-1.1614522833682532,10.032719521470218,3.856369392658977,-0.3493899086730986,-0.3493899086730986,0.2593114343795808,0.9999993299295272,1,0.0,0.9369774186610051,-0.9369774186610051,0.0,0.0,0,45988.91373762081,91081.54218971796,93475.30885951074,345248.5040578029,21374.63178331547,0.05499342027931041,2.998259658688183,False,1
498,378946.1411855944,21365.39753823202,-0.6373323547491035,1.9791140508278804,10.033458602414017,3.862676705355518,-0.349564469338213,-0.349564469338213,0.2588767628365985,1.0000422001812033,1,0.0,0.9369126117364536,-0.9369126117364536,0.0,0.0,0,45991.39612291823,91090.60313720875,93477.9541639751,345243.5099938067,21379.64232541618,0.05500741082580008,2.9982615768513803,False,1
499,378938.3260694672,21383.396103090843,-0.6370151716357109,-1.1601424395787152,10.036148504241527,3.886086921066992,-0.3502059687848823,-0.3502059687848823,0.2573281532795795,1.00000042376684,1,0.0,0.9366727202053114,-0.9366727202053114,0.0,0.0,0,46000.38773527398,91123.60468094617,93487.59880421105,345225.32909024437,21397.91533078502,0.0550584567104137,2.9982686372259093,False,1
500,378936.1845785722,21388.329306079402,-0.6369282893262552,1.9804197662171368,10.03688710749446,3.892417318196155,-0.3503833875843588,-0.3503833875843588,0.2568991906171688,1.0000405805670358,1,0.0,0.936606664624706,-0.936606664624706,0.0,0.0,0,46002.85829300381,91132.62370227303,93490.23930418867,345220.33990456193,21402.924151779585,0.055072447246242745,2.998270576066488,False,1
501,378928.3464723753,21406.316183592113,-0.6366116430002026,-1.1568678478221055,10.039575224582288,3.915893280706277,-0.3510352175390784,-0.3510352175390784,0.2553696410223978,0.9999997402143094,1,0.0,0.936362255998343,-0.936362255998343,0.0,0.0,0,46011.8067236708,91165.47044111979,93499.86586565842,345202.177492707,21421.189374542246,0.0551234891065714,2.9982777105280456,False,1
502,378928.3458380246,21406.31759912301,-0.6366116181193262,-1.1588331567090788,10.039575446860526,3.9158942995464825,-0.3510352722513446,-0.3510352722513446,0.2553694547135526,1.0000002052469756,1,0.0,0.9363622378098918,-0.9363622378098918,0.0,0.0,0,46011.80745826592,91165.47308768905,93499.86664619118,345202.1760213321,21421.190812724977,0.055123493141873356,2.998277711045004,False,1
503,378926.1979981444,21411.248036658515,-0.6365248758261993,1.9817279322463048,10.040313813751274,3.9222299658245774,-0.3512155570364726,-0.3512155570364726,0.2549447237785326,1.0000475093086325,1,0.0,0.9362949803579076,-0.9362949803579076,0.0,0.0,0,46014.26742783241,91174.45049729002,93502.50255089553,345197.190621252,21426.197941177477,0.055137483666930526,2.9982796694580816,False,1
504,378918.33560442313,21429.226008566773,-0.6362087142905865,-1.1575246057677195,10.04300037573856,3.945789627403608,-0.3518776297201792,-0.3518776297201792,0.253434729239142,0.9999998758704918,1,0.0,0.9360460095395366,-0.9360460095395366,0.0,0.0,0,46023.17313448194,91207.14738631183,93512.11230291406,345179.0446693975,21444.4582301752,0.05518852957354575,2.998286880060333,False,1
505,378916.17360708007,21434.15025453769,-0.6361221597120177,1.983378296539168,10.04373682547017,3.9522042491901375,-0.3520607440445757,-0.3520607440445757,0.2530191268366965,1.0000167725492526,1,0.0,0.9359771322104397,-0.9359771322104397,0.0,0.0,0,46025.6049590467,91216.09741036672,93514.74651061985,345174.0739091918,21449.460542956353,0.05520252009871204,2.9982888640545267,False,1
506,378908.295410605,21452.121303019852,-0.6358064578696061,-1.1562136068259632,10.046423304350116,3.9757719516064007,-0.3527328526865487,-0.3527328526865487,0.2515234574434241,1.0000000912757796,1,0.0,0.935724070484987,-0.935724070484987,0.0,0.0,0,46034.48491556459,91248.62755888865,93524.33568538411,345155.9349152481,21467.71757945211,0.05525356599566805,2.998296144243721,False,1
507,378906.1267767858,21457.042637573155,-0.6357200435050455,1.9843582910208395,10.047159317498734,3.982204595466299,-0.3529187216840245,-0.3529187216840245,0.2511128083435412,1.0000174622885976,1,0.0,0.9356539608922072,-0.9356539608922072,0.0,0.0,0,46036.904890566366,91257.53627045249,93526.96518031447,345150.9688992541,21472.718079331164,0.05526755653910305,2.9982981487292406,False,1
508,378898.225201697,21475.00341158855,-0.6354048470927687,-1.1549015007198309,10.049844201824556,4.005842986565908,-0.3536007498055198,-0.3536007498055198,0.2496353272624226,1.000000073872878,1,0.0,0.9353964458722848,-0.9353964458722848,0.0,0.0,0,46045.74262527394,91289.91370885598,93536.53671396237,345132.84687649563,21490.968818100253,0.055318602418086,2.998305503750882,False,1
509,378896.0499128782,21479.921816181395,-0.6353185725989695,1.985669891648112,10.050579769257856,4.012294160469809,-0.3537893327415692,-0.3537893327415692,0.2492295755524808,1.0000176790405393,1,0.0,0.9353251085590102,-0.9353251085590102,0.0,0.0,0,46048.1506937113,91298.78114076673,93539.16147859406,345127.8856427114,21495.967493093256,0.05533259298056935,2.998307528772948,False,1
510,378888.12555910216,21497.870965747283,-0.6350039030419352,-1.1516190769025376,10.053262856408155,4.03600179580932,-0.3544810825648904,-0.3544810825648904,0.2477700742343906,0.9999995415398212,1,0.0,0.9350631828953916,-0.9350631828953916,0.0,0.0,0,46056.94558438659,91331.00349556893,93548.71459308341,345109.7819063567,21514.21058234954,0.05538363508495992,2.9983149581231183,False,1
511,378888.1249777122,21497.87228728146,-0.6350038799210327,-1.153589907296206,10.053263063225751,4.036002862045399,-0.3544811358324842,-0.3544811358324842,0.2477699180564253,0.9999999031935628,1,0.0,0.9350631651066516,-0.9350631651066516,0.0,0.0,0,46056.94627712731,91331.00587897912,93548.71530479041,345109.7805329859,21514.211925534742,0.05538363884086071,2.998314958628796,False,1
512,378885.9431852999,21502.787818404315,-0.6349177440310643,1.986976270239016,10.053998245054164,4.042469098676617,-0.3546724000753053,-0.3546724000753053,0.247368733506569,1.0000195692139235,1,0.0,0.93499061953149,-0.93499061953149,0.0,0.0,0,46059.34291489242,91339.83181886074,93551.33529713927,345104.82374367304,21519.208832027492,0.05539762942249133,2.9983170039493454,False,1
513,378877.9947838774,21520.72790306551,-0.63460355406994,-1.1522762459734217,10.056679899915071,4.06625080681025,-0.3553738296118407,-0.3553738296118407,0.2459267595334321,1.0000001136612937,1,0.0,0.9347242605154328,-0.9347242605154328,0.0,0.0,0,46068.096016421274,91371.90403532879,93560.8713655133,345086.73577397055,21537.446899362236,0.055448675263736376,2.998324508858285,False,1
514,378875.80629402807,21525.640464538683,-0.634517557415211,1.9882950734678195,10.057414619030688,4.0727364614745,-0.3555677283737108,-0.3555677283737108,0.2455303588469115,1.0000195965212255,1,0.0,0.9346504959201852,-0.9346504959201852,0.0,0.0,0,46070.48063181323,91380.68878181993,93563.4865971915,345081.78384088055,21542.441954626953,0.055462665865610376,2.998326574799085,False,1
515,378867.8345530685,21543.570182065418,-0.6342038678883928,-1.1509617967973889,10.060094680465642,4.096588450886518,-0.35627864817328,-0.35627864817328,0.2441055570260108,0.999999994383992,1,0.0,0.9343797540397738,-0.9343797540397738,0.0,0.0,0,46079.19164938375,91412.60833115489,93573.00482325366,345063.7127248993,21560.673691811946,0.055513711687080664,2.9983341545937257,False,1
516,378865.6394762876,21548.479812537946,-0.6341180094157217,1.9896050016420792,10.060828977462757,4.1030912397885455,-0.3564751475324891,-0.3564751475324891,0.2437136997777279,1.0000204906592558,1,0.0,0.9343047855895756,-0.9343047855895756,0.0,0.0,0,46081.56457654905,91421.52055656712,93575.61525550511,345058.7654133175,21565.666935960337,0.05552770230961029,2.998336240997648,False,1
517,378857.6443191022,21566.399092063777,-0.6338048191725726,-1.1496470565459185,10.063507411839296,4.127015269252215,-0.357195415129379,-0.357195415129379,0.2423058766071804,0.999999948379609,1,0.0,0.9340296753555288,-0.9340296753555288,0.0,0.0,0,46090.23328639718,91454.83513916361,93585.1155879904,345040.71129958815,21583.892295818776,0.05557874811070515,2.998343895833002,False,1
518,378855.442671516,21571.305788364825,-0.6337190983552238,1.99091834068176,10.064241290950177,4.133534966034767,-0.3573944780084533,-0.3573944780084533,0.2419184671756231,1.0000215856556167,1,0.0,0.9339535100309766,-0.9339535100309766,0.0,0.0,0,46092.59457278851,91463.96093136018,93587.72119811358,345035.7685749604,21588.883730843332,0.05559273875433322,2.998346002690473,False,1
519,378847.42468399886,21589.213391628255,-0.633406426850606,-1.1463547913379029,10.066917918701472,4.157529269452676,-0.3581239055764295,-0.3581239055764295,0.2405274041977196,1.000000270288723,1,0.0,0.9336740731704624,-0.9336740731704624,0.0,0.0,0,46101.22047747648,91497.12354164061,93597.20291245228,345017.7326307748,21607.10147295876,0.05564378105930001,2.998353732049881,False,1
520,378847.4240878591,21589.214588405914,-0.6334064058809247,-1.1483316215305983,10.066918089735966,4.157531379641879,-0.3581239553528278,-0.3581239553528278,0.2405273390500373,1.000000039454343,1,0.0,0.9336740509313834,-0.9336740509313834,0.0,0.0,0,46101.22095047281,91497.12587637492,93597.20357413555,345017.7314735047,21607.102692998153,0.055643784537535684,2.99835373261957,False,1
521,378845.21578605066,21594.11830277424,-0.6333208227576639,1.9922372984930088,10.067651519501403,4.164069667832901,-0.3583255415476435,-0.3583255415476435,0.2401444089920965,1.0000219832175503,1,0.0,0.933596687095218,-0.933596687095218,0.0,0.0,0,46103.570354614,91506.21119081798,93599.80435790056,345012.7934996548,21612.09228038192,0.05565777520312434,2.998355860065176,False,1
522,378837.1738371857,21612.01661377937,-0.6330086261409823,-1.1470145894714732,10.070326700133378,4.188137412291558,-0.3590640953068248,-0.3590640953068248,0.2387696071496245,1.000000073862062,1,0.0,0.9333129041113736,-0.9333129041113736,0.0,0.0,0,46112.15458470979,91539.22642683118,93609.26870184048,344994.77327669645,21630.304853490747,0.05570882096187624,2.9983636650355483,False,1
523,378834.9589928646,21616.917385947403,-0.6329231796396129,1.993548690660493,10.071059717348955,4.194692353318805,-0.3592681718290687,-0.3592681718290687,0.238390953207131,1.0000233089344934,1,0.0,0.9332343563111564,-0.9332343563111564,0.0,0.0,0,46114.49242343148,91548.27110787605,93611.86461719382,344989.8398361118,21635.292634214256,0.05572281164964991,2.99836581292883,False,1
524,378826.8935644129,21634.805119472316,-0.6326114779790588,-1.1456970992021511,10.07373323608455,4.218833608221124,-0.3600156646107433,-0.3600156646107433,0.2370323262322856,1.0000000546827468,1,0.0,0.932946259122434,-0.932946259122434,0.0,0.0,0,46123.03418917686,91581.13683136407,93621.31088781127,344971.836700041,21653.49875528999,0.0557738573864192,2.9983736931340537,False,1
525,378824.6721095376,21639.70290835562,-0.6325261680602057,1.9948685162822053,10.074465815746088,4.225406507903566,-0.3602221930453324,-0.3602221930453324,0.2366579569181036,1.0000239441010386,1,0.0,0.9328665267875152,-0.9328665267875152,0.0,0.0,0,46125.36027013691,91590.14098879845,93623.9019285615,344966.9079217289,21658.48469693125,0.05578784809704829,2.998375861582824,False,1
526,378816.58327693696,21657.58006123213,-0.6322149593714469,-1.1443776569758186,10.07713769376825,4.249620049410826,-0.3609784955734192,-0.3609784955734192,0.2353151401531235,1.0000000611047362,1,0.0,0.9325741402719748,-0.9325741402719748,0.0,0.0,0,46133.85979084292,91622.85710544196,93633.3300466711,344948.92171659105,21676.684380457064,0.055838893811348426,2.998383816955251,False,1
527,378806.2434586097,21680.340262942034,-0.6318190878985628,-1.1410781924655131,10.080539888275448,4.280496085762649,-0.3619523728439078,-0.3619523728439078,0.233617833538173,0.9999997818751388,1,0.0,0.9321965865050272,-0.9321965865050272,0.0,0.0,0,46144.63078398269,91664.38528297051,93645.32550734322,344926.02949809516,21699.860560019686,0.05590392703837287,2.998394036093522,False,1
528,378806.24294822494,21680.34137934262,-0.6318190685013976,-1.1430591137991264,10.080540058615387,4.280497357252773,-0.3619524219440164,-0.3619524219440164,0.2336177343390386,0.9999999076943727,1,0.0,0.9321965683837886,-0.9321965683837886,0.0,0.0,0,46144.631324584945,91664.38732468235,93645.32610060733,344926.0283610909,21699.861697059623,0.05590393023175285,2.998394036582083,False,1
529,378795.87263266655,21703.089050766725,-0.6314238030851403,-1.1417389703825602,10.083940340990672,4.311464920520076,-0.3629372819419207,-0.3629372819419207,0.2319397265932608,1.000000004989065,1,0.0,0.931813570144768,-0.931813570144768,0.0,0.0,0,46155.3489409755,91705.72744360653,93657.29895381784,344903.15652507613,21723.030706421287,0.05596896665214827,2.998404351997306,False,1
530,378785.4722880013,21725.8230084258,-0.6310291614161601,-1.140418391623354,10.08733852129988,4.342523602001536,-0.3639329134726516,-0.3639329134726516,0.2302808330189621,1.000000046342079,1,0.0,0.9314251637551328,-0.9314251637551328,0.0,0.0,0,46166.01253204164,91746.87757114056,93669.24853225284,344880.3062721465,21746.19136998209,0.05603400307254369,2.998414763303017,False,1
531,378775.04192247416,21748.543208138184,-0.6306351414942024,-1.1390951061113657,10.090734594220516,4.373673589261065,-0.3649391578085121,-0.3649391578085121,0.2286407351136972,1.0000000535208855,1,0.0,0.9310313705684804,-0.9310313705684804,0.0,0.0,0,46176.622118542204,91787.83772102052,93681.17474929619,344857.47758200235,21769.343669954935,0.05609903949293914,2.998425270544452,False,1
532,378764.58203248767,21771.24859904768,-0.630241758805673,-1.1357872874118886,10.094128410181286,4.40491327638482,-0.3659558136172663,-0.3659558136172663,0.22701917120327,1.0000002313255518,1,0.0,0.9306322312969888,-0.9306322312969888,0.0,0.0,0,46187.17730854626,91828.60607365111,93693.07698421706,344834.67141394556,21792.48656132898,0.05616407300353394,2.9984358732588587,False,1
533,378764.58150077745,21771.249585610705,-0.6302417416068545,-1.137772694191118,10.094128546824562,4.4049153065971565,-0.3659558588246451,-0.3659558588246451,0.2270191339578562,0.9999999433703908,1,0.0,0.9306322087478884,-0.9306322087478884,0.0,0.0,0,46187.17763224192,91828.60800317375,93693.07753419832,344834.67048629466,21792.48757039915,0.056164075919049074,2.998435873793898,False,1
534,378754.0910769464,21793.942117594695,-0.6298489594898735,-1.136449326414138,10.097520385226147,4.436248450212213,-0.3669828626804255,-0.3669828626804255,0.225415698237703,0.9999999592909768,1,0.0,0.9302277018258508,-0.9302277018258508,0.0,0.0,0,46197.67920258391,91869.18836268393,93704.95678804074,344811.88489628956,21815.62307248881,0.056229112339444505,2.9984465730515795,False,1
535,378743.57063174393,21816.620747022946,-0.629456793336782,-1.135125437169942,10.100910096968333,4.46767351605075,-0.3680200168557667,-0.3680200168557667,0.2238301484783671,0.9999999743680036,1,0.0,0.9298178673121622,-0.9298178673121622,0.0,0.0,0,46208.12678308971,91909.57888180281,93716.81243221661,344789.1208349399,21838.750146846425,0.05629414875984003,2.998457368389282,False,1
536,378733.0201717758,21839.285428676554,-0.6290652411969255,-1.1337999850327676,10.10429767767062,4.499190612612372,-0.3690671717220423,-0.3690671717220423,0.2222621894395003,1.000000042419146,1,0.0,0.9294027243726732,-0.9294027243726732,0.0,0.0,0,46218.52039619826,91949.77958257032,93728.64438300427,344766.37827953737,21861.868774821138,0.056359185180235416,2.9984682598459607,False,1
537,378722.4401408415,21861.93520758764,-0.6286743168271278,-1.1304832091173675,10.107682985364525,4.530798698543888,-0.3701241360282096,-0.3701241360282096,0.2207116029994634,1.0000001502363085,1,0.0,0.9289823088028332,-0.9289823088028332,0.0,0.0,0,46228.85965500609,91989.78888200379,93740.45207466302,344743.6581244913,21884.978008932936,0.056424218975150695,2.9984792470203296,False,1
538,378722.43966427055,21861.93609888589,-0.6286743013669966,-1.132474494137493,10.107683112128448,4.530800321638136,-0.3701241790283649,-0.3701241790283649,0.2207115579257628,1.0000000023217368,1,0.0,0.9289822883868034,-0.9289822883868034,0.0,0.0,0,46228.859966269345,91989.79058351912,93740.45256609697,344743.65727060044,21884.978921156395,0.05642422160446624,2.9984792475030897,False,1
539,378711.8291507378,21884.572728550454,-0.6282839716958024,-1.1311473246233743,10.111066404108396,4.562502427909301,-0.3711908935697373,-0.3711908935697373,0.2191779542318141,1.00000004994173,1,0.0,0.9285565800008448,-0.9285565800008448,0.0,0.0,0,46239.14559568337,92029.6118557294,93752.23688832973,344720.95773605176,21908.080581776798,0.056489258024861655,2.998490331367398,False,1
540,378701.18859599327,21907.19525260789,-0.6278942505138433,-1.1298191554232195,10.114447538112843,4.594297507892348,-0.3722671712912992,-0.3722671712912992,0.2176611264863111,1.0000000280013468,1,0.0,0.9281256133729742,-0.9281256133729742,0.0,0.0,0,46249.377204593446,92069.24350824965,93763.997276598,344698.2797187136,21931.173720226845,0.05655429444525711,2.9985015115204,False,1
541,378690.51800410356,21929.803624259155,-0.6275051359173865,-1.1284906584194707,10.117826508490392,4.626185735114804,-0.3733528705901556,-0.3733528705901556,0.2161608072471854,0.9999999585651674,1,0.0,0.9276894051767632,-0.9276894051767632,0.0,0.0,0,46259.554805972264,92108.68594282956,93775.73364765552,344675.62320309825,21954.258316535772,0.05661933086565241,2.9985127880051103,False,1
542,378679.8178353788,21952.397017634954,-0.6271166395267502,-1.125166527129981,10.121203202639215,4.658165625631664,-0.3744478122333599,-0.3744478122333599,0.2146767640392863,1.0000000730716991,1,0.0,0.9272479927023636,-0.9272479927023636,0.0,0.0,0,46269.67820274213,92149.88183706487,93787.4454770561,344652.9888958047,21977.3335508425,0.056684364946514174,2.998524160396922,False,1
543,378679.81740284065,21952.39780786056,-0.6271166258634324,-1.1271618261154823,10.121203315111975,4.658167065039754,-0.3744478520638373,-0.3744478520638373,0.2146767241006234,0.999999955928258,1,0.0,0.9272479734769682,-0.9272479734769682,0.0,0.0,0,46269.67846740701,92149.88339345576,93787.44591241433,344652.9881399497,21977.334360770514,0.05668436729005828,2.998524160841905,False,1
544,378669.0867866169,21974.977751958293,-0.6267287185228593,-1.1258316330494305,10.124577949280404,4.690241810307153,-0.3755519777645015,-0.3755519777645015,0.2132086285161406,0.999999977088233,1,0.0,0.926801333147559,-0.926801333147559,0.0,0.0,0,46279.74817598396,92190.89472317477,93799.13399005504,344630.37453114154,22000.401828790993,0.05674940371045362,2.998535630084876,False,1
545,378658.3261442098,21997.54340229209,-0.6263414121139051,-1.124501369903864,10.127950401956998,4.722410265236588,-0.3766651119266592,-0.3766651119266592,0.2117562756793445,0.9999999903955435,1,0.0,0.9263494983337096,-0.9263494983337096,0.0,0.0,0,46289.7639104033,92231.71997247399,93810.79780233695,344607.7823823648,22023.460693968555,0.05681444013084911,2.998547195788548,False,1
546,378647.535485186,22020.094714400948,-0.6259547047294648,-1.1231691504042076,10.13132066804186,4.754672598249336,-0.3777871205508017,-0.3777871205508017,0.2103194202425473,1.0000000149905102,1,0.0,0.9258924841729343,-0.9258924841729343,0.0,0.0,0,46299.72569270583,92272.3591754036,93822.4372648483,344585.2116739301,22046.510938496165,0.05687947655124448,2.998558857992005,False,1
547,378636.7151779161,22042.63094096567,-0.6255686065331179,-1.1198368915665042,10.13468863854955,4.787027911625316,-0.3789178353105965,-0.3789178353105965,0.2088978653158148,1.0000000829522078,1,0.0,0.9254303210846696,-0.9254303210846696,0.0,0.0,0,46309.633264344535,92312.8110577051,93834.05192154054,344562.6630805237,22069.55182486332,0.056944510919432235,2.998570616352575,False,1
548,378636.71478456113,22042.631627188366,-0.6255685946907635,-1.1218376296912496,10.134688735233448,4.78702922233906,-0.3789178714943089,-0.3789178714943089,0.2088978329753843,0.9999999704399374,1,0.0,0.9254303027703058,-0.9254303027703058,0.0,0.0,0,46309.633469847846,92312.81241786937,93834.05230288584,344562.66243128566,22069.55252967189,0.05694451297710026,2.998570616762042,False,1
549,378625.86410093616,22065.15411960979,-0.6251830797966673,-1.1205032561604875,10.13805460923886,4.819479920861777,-0.3800572346546661,-0.3800572346546661,0.207491260884693,1.000000032749648,1,0.0,0.9249629722574496,-0.9249629722574496,0.0,0.0,0,46319.487372745934,92353.07964988076,93845.64281975909,344540.13456878567,22092.585470708513,0.05700954939749574,2.9985824720942045,False,1
550,378614.9833578087,22087.6621055035,-0.6247981587134097,-1.1191694476264753,10.14141826677544,4.852025480313795,-0.3812050814312888,-0.3812050814312888,0.2060995010052282,0.9999999711221706,1,0.0,0.9244904999037602,-0.9244904999037602,0.0,0.0,0,46329.287235436204,92393.1610460871,93857.20875460774,344517.628180048,22115.609706499894,0.05707458581789102,2.998594424097771,False,1
551,378604.0726189008,22110.15556625296,-0.624413829221592,-1.1178357734538773,10.144779714311014,4.884665669113151,-0.3823612852168304,-0.3823612852168304,0.2047223095480662,0.9999999647507676,1,0.0,0.924012903408317,-0.924012903408317,0.0,0.0,0,46339.03319837956,92433.05654764584,93868.75000967443,344495.1431743819,22138.625242458787,0.05713962223828667,2.998606472764388,False,1
552,378593.13222097483,22132.63386238633,-0.6240300996542881,-1.114494488253982,10.148138860291134,4.91739967194359,-0.383525688793469,-0.383525688793469,0.2033594991319948,1.0000000609545214,1,0.0,0.9235302110718092,-0.9235302110718092,0.0,0.0,0,46348.72507815581,92472.76505580968,93880.26618039487,344472.6801103445,22161.631449908655,0.05720465689507018,2.998618617782731,False,1
553,378593.13189333363,22132.63445688534,-0.6240300894572952,-1.1164992942183436,10.14813894647992,4.917400673994742,-0.3835257209717323,-0.3835257209717323,0.2033594663398779,1.0000000218583898,1,0.0,0.9235301958515552,-0.9235301958515552,0.0,0.0,0,46348.72528106917,92472.76618629445,93880.26650177187,344472.6795345392,22161.632060385055,0.05720465866095512,2.998618618132041,False,1
554,378582.1611165477,22155.098696394212,-0.6236469380394631,-1.115162957138314,10.151495943274307,4.950231132166294,-0.3846982655854464,-0.3846982655854464,0.2020107740404941,0.999999978575476,1,0.0,0.9230423842883791,-0.9230423842883791,0.0,0.0,0,46358.36334727041,92512.29012577688,93891.75816738549,344450.2373351257,22184.630109908685,0.05726969508135042,2.998630860295998,False,1
555,378571.1603454796,22177.54826289135,-0.623264372812808,-1.1138261030778502,10.154850709063693,4.983156910228197,-0.3858787973921767,-0.3858787973921767,0.2006760073797887,0.9999999690451156,1,0.0,0.9225494847353478,-0.9225494847353478,0.0,0.0,0,46367.94751909969,92551.62832967757,93903.22491101522,344427.8164979229,22207.61939352607,0.057334731501745964,2.998643199254825,False,1
556,378560.12957622024,22199.98310475724,-0.6228823920219294,-1.112489085482896,10.15820323592054,5.016178268106733,-0.3870671964757154,-0.3870671964757154,0.1993549618444521,0.999999974435097,1,0.0,0.9220515081782548,-0.9220515081782548,0.0,0.0,0,46377.47778858768,92590.78084090719,93914.66665341464,344405.4170220164,22230.599887164324,0.057399767922141465,2.998655635055324,False,1
557,378549.0690563776,22222.402662788605,-0.6225010025462728,-1.1091406564615145,10.161553439230648,5.049294766081037,-0.3882633170433888,-0.3882633170433888,0.1980474688919078,0.9999999539342246,1,0.0,0.9215484765284156,-0.9215484765284156,0.0,0.0,0,46386.95393076015,92629.74684995282,93926.08305593958,344383.0394164247,22253.571046609566,0.05746480286913371,2.998668167462474,False,1
558,378549.0688172889,22222.403176386484,-0.6225009938337751,-1.111150924050271,10.1615535169026,5.049295480576044,-0.3882633440083822,-0.3882633440083822,0.1980474382967268,0.9999999656018288,1,0.0,0.9215484658802116,-0.9215484658802116,0.0,0.0,0,46386.954167313525,92629.74770917947,93926.08331076166,344383.0388973272,22253.57157213777,0.05746480434291391,2.9986681677404867,False,1
559,378537.9780587562,22244.808422985705,-0.6221201765677483,-1.1098111559072494,10.164901548229626,5.0825085096648905,-0.389467125210687,-0.389467125210687,0.1967532254121273,1.00000005472302,1,0.0,0.9210403689279776,-0.9210403689279776,0.0,0.0,0,46396.376658721885,92668.52902346897,93937.47481120288,344360.68210809754,22276.5344215867,0.057529840763309435,2.9986807973377725,False,1
560,378526.85728451883,22267.198786545905,-0.6217399385488974,-1.108471637464033,10.16824731338254,5.115818065382432,-0.3906784228513857,-0.3906784228513857,0.1954721513737309,1.0000000349653606,1,0.0,0.9205272248423648,-0.9205272248423648,0.0,0.0,0,46405.745201155834,92707.12484846685,93948.84107227402,344338.34669467,22299.488405822794,0.0575948771837047,2.998693523929625,False,1
561,378515.7065279629,22289.57423354102,-0.6213602778162719,-1.1071301459549003,10.171590812967382,5.149224109712916,-0.3918971237028725,-0.3918971237028725,0.1942040147548836,1.0000000038027703,1,0.0,0.9200090465056228,-0.9200090465056228,0.0,0.0,0,46415.059870295634,92745.53520043216,93960.18200727591,344316.03260549065,22322.433516982022,0.05765991360410019,2.9987063475265776,False,1
562,378504.52594984346,22311.934286588814,-0.6209811997950232,-1.1037744926303907,10.17493197350086,5.18272634341287,-0.3931230945062403,-0.3931230945062403,0.1929486529925949,0.9999999367950204,1,0.0,0.919485850342194,-0.919485850342194,0.0,0.0,0,46424.32042143511,92783.75952211056,93971.497344365,344293.74028080783,22345.369297014684,0.05772494884339148,2.998719267957095,False,1
563,378504.5257608747,22311.934699710604,-0.620981192827695,-1.1057886639260923,10.174932038388327,5.182726785006502,-0.3931231173103319,-0.3931231173103319,0.1929486233320818,1.0000000021678486,1,0.0,0.919485842303474,-0.919485842303474,0.0,0.0,0,46424.32062555401,92783.76019326026,93971.49754770749,344293.7398526663,22345.369719851875,0.05772495002520559,2.998719268175046,False,1
564,378493.3150274229,22334.280156865752,-0.6206026815443815,-1.1044471891119352,10.178270986092537,5.216326381302388,-0.3943562912188748,-0.3943562912188748,0.1917057992610987,0.9999999828681084,1,0.0,0.9189576239284848,-0.9189576239284848,0.0,0.0,0,46433.52753652085,92823.0346921997,93982.78759837543,344271.4683982768,22368.297011330178,0.05778998644560096,2.9987322859033325,False,1
565,378482.07432819885,22356.610555002713,-0.6202247422471936,-1.1031035544484196,10.181607651554042,5.250022971768229,-0.3955965373396199,-0.3955965373396199,0.1904753558625932,1.0000000051517484,1,0.0,0.9184244011680892,-0.9184244011680892,0.0,0.0,0,46442.68061581085,92862.80957125641,93994.05208280473,344249.2182259481,22391.215368907066,0.05785502286599644,2.998745400740667,False,1
566,378470.8036196261,22378.925821711095,-0.6198473735046738,-1.1017607288209672,10.184942019446815,5.283817010800803,-0.3968437483500233,-0.3968437483500233,0.1892571248621224,0.9999999854169082,1,0.0,0.9178861793360608,-0.9178861793360608,0.0,0.0,0,46451.779773660586,92902.40241749807,94005.29093222407,344226.989382512,22414.12475020695,0.05792005928639179,2.998758612761224,False,1
567,378459.5030868156,22401.22561766173,-0.6194705785412433,-1.0983980711490626,10.188274041973022,5.317708164683872,-0.3980978004444544,-0.3980978004444544,0.1880509467786783,0.9999999494627136,1,0.0,0.9173429766211568,-0.9173429766211568,0.0,0.0,0,46460.824945654254,92941.81271875746,94016.50390650617,344204.7821335755,22437.02483356066,0.057985094819228686,2.9987719218035704,False,1
568,378459.5029713079,22401.22594161187,-0.6194705731466357,-1.100415732996978,10.18827409446621,5.317708449527743,-0.3980978172917654,-0.3980978172917654,0.1880509245446763,1.0000000087144376,1,0.0,0.9173429722640174,-0.9173429722640174,0.0,0.0,0,46460.82514727046,92941.8131810215,94016.50405016833,344204.78178588086,22437.02516351631,0.057985095713939665,2.998771921956961,False,1
569,378448.1723240676,22423.510834097928,-0.6190943398638437,-1.099071591434846,10.191603859238128,5.351697761118518,-0.3993586401100342,-0.3993586401100342,0.1868565930153969,0.99999999069788,1,0.0,0.9167947836776972,-0.9167947836776972,0.0,0.0,0,46469.816619029036,92981.04201945552,94027.69137251351,344182.59549754695,22459.91655923349,0.058050132134335,2.998785328409429,False,1
570,378436.8117485946,22445.78048440781,-0.6187186714921278,-1.09772504443349,10.194931318282933,5.38578491958102,-0.4006261124940365,-0.4006261124940365,0.1856739562022001,1.000000005744342,1,0.0,0.9162416269591918,-0.9162416269591918,0.0,0.0,0,46478.75432625029,93020.08885746663,94038.85280305744,344160.43043631065,22482.79894618643,0.05811516855473059,2.998798832110222,False,1
571,378425.4211807381,22468.034809019086,-0.618343566775531,-1.0963787380864347,10.198256454429904,5.419970350240503,-0.4019001335939953,-0.4019001335939953,0.1845028559353737,0.9999999922792886,1,0.0,0.915683505165622,-0.915683505165622,0.0,0.0,0,46487.638146295736,93058.95387224275,94049.98827978011,344138.286664768,22505.672272254753,0.05818020497512593,2.9988124331394577,False,1
572,378414.0008113379,22490.27359869641,-0.617969026864854,-1.093009207074649,10.20157924297294,5.454253755336944,-0.4031805892887494,-0.4031805892887494,0.1833431374973566,1.0000000015519817,1,0.0,0.9151204372420032,-0.9151204372420032,0.0,0.0,0,46496.468159743934,93097.63661537187,94061.09760081902,344116.1642932192,22528.536345114822,0.05824524080257114,2.9988261313580136,False,1
573,378414.0006698501,22490.273782265554,-0.6179690237048455,-1.095031477882923,10.201579268184188,5.454254135594728,-0.4031806019206061,-0.4031806019206061,0.1833431279635266,0.999999987836626,1,0.0,0.9151204294892484,-0.9151204294892484,0.0,0.0,0,46496.468172520516,93097.63703423583,94061.0977118614,344116.16412724386,22528.53653661492,0.058245241405505674,2.9988261315043507,False,1
574,378402.550215421,22512.49735293657,-0.6175950406133374,-1.0936837243010633,10.204899752336612,5.488636505671138,-0.4044674181960748,-0.4044674181960748,0.182194614839739,0.9999999878883866,1,0.0,0.9145524072368656,-0.9145524072368656,0.0,0.0,0,46505.244403508725,93136.13840900292,94072.18102146035,344094.06282000866,22551.391715812126,0.05831027782590123,2.9988399272433117,False,1
575,378391.06982373015,22534.705473222228,-0.6172216157957635,-1.0923365421685165,10.20821790059044,5.523117678919336,-0.4057604842658755,-0.4057604842658755,0.1810571618176497,0.9999999904378372,1,0.0,0.9139794459610262,-0.9139794459610262,0.0,0.0,0,46513.96685004467,93174.45804530094,94083.23812906035,344071.98273298866,22574.237789418763,0.058375314246296515,2.99885382039062,False,1
576,378379.55951985886,22556.898104990236,-0.6168487474275274,-1.0909860069500328,10.211533709457722,5.557697827628847,-0.4070597028739129,-0.4070597028739129,0.1799306159700218,1.0000000052150195,1,0.0,0.9134015543998494,-0.9134015543998494,0.0,0.0,0,46522.63555789227,93212.59595603005,94094.2689508177,344049.9238373785,22597.07474556848,0.058440350666691926,2.9988678109683646,False,1
577,378368.0192570036,22579.07504384793,-0.6164764362356712,-1.087610358434622,10.21484714163065,5.592377273541734,-0.408364974526292,-0.408364974526292,0.1788148386919447,0.9999999655204108,1,0.0,0.9128187344628864,-0.9128187344628864,0.0,0.0,0,46531.250300684536,93250.55222940077,94105.27338249498,344027.88633057574,22619.902410738396,0.05850538678968119,2.998881899012162,False,1
578,378368.0192390601,22579.075163385947,-0.6164764342997857,-1.0896369497859189,10.214847162324933,5.5923773270968695,-0.4083649799461801,-0.4083649799461801,0.1788148310404759,0.999999994257218,1,0.0,0.9128187344888864,-0.9128187344888864,0.0,0.0,0,46531.250406566425,93250.55233500818,94105.27342487796,344027.886193415,22619.90253113825,0.05850538710413811,2.998881899053317,False,1
579,378356.44906614337,22601.236641194948,-0.6161046741977035,-1.0882868327877904,10.2181582644549,5.627156213928825,-0.4096762194470572,-0.4096762194470572,0.1777096568543729,0.9999999999274324,1,0.0,0.9122309989525036,-0.9122309989525036,0.0,0.0,0,46539.81155236316,93288.32709216503,94116.25145327002,344005.8697132423,22642.72116160764,0.05857042352453361,2.998896084630108,False,1
580,378344.8489677137,22623.382469615248,-0.6157334657157612,-1.0869357501295522,10.221467003799496,5.662034793171501,-0.4109933290740476,-0.4109933290740476,0.1766149510720562,1.0000000013409258,1,0.0,0.9116383516226624,-0.9116383516226624,0.0,0.0,0,46548.318932590715,93325.92035208896,94127.20296673778,343983.87442636583,22665.530598064248,0.05863545994492899,2.998910367755656,False,1
581,378333.2189590366,22645.512605136035,-0.6153628071211537,-1.0855824118285715,10.224773374221288,5.697013329516272,-0.4123162161950258,-0.4123162161950258,0.1755305744934024,0.9999999770665776,1,0.0,0.911040799398678,-0.911040799398678,0.0,0.0,0,46556.77256922034,93363.33215070881,94138.12788332743,343961.90031918156,22688.330823946628,0.05870049636532434,2.998924748461614,False,1
582,378321.55901145923,22667.62698105968,-0.6149926970034789,-1.0822008466382522,10.22807736773001,5.732091922119331,-0.4136447921311845,-0.4136447921311845,0.1744563819518057,0.999999984564544,1,0.0,0.9104383469675236,-0.9104383469675236,0.0,0.0,0,46565.172423343814,93400.56263762034,94149.02613573111,343939.94740254426,22711.121802272817,0.05876553278571973,2.998939226787593,False,1
583,378274.62042527227,22755.926296610676,-0.6135177030285279,-1.0767800236140268,10.241269510925145,5.873411828694456,-0.4190141922851758,-0.4190141922851758,0.1702587946746613,0.9999999785513234,1,0.0,0.9079796856382488,-0.9079796856382488,0.0,0.0,0,46598.23510045436,93551.04128801457,94192.35084599798,343852.3469574219,22802.193169457034,0.05902567846730143,2.9989981167708075,False,1
584,378227.20381306246,22843.96983633135,-0.6120513503244818,-1.0713499820063752,10.254423159840684,6.016350988667039,-0.4244676190561649,-0.4244676190561649,0.1662137076089461,0.999999999928328,1,0.0,0.9054431160160068,-0.9054431160160068,0.0,0.0,0,46630.43884307152,93702.85899827552,94235.24254884225,343765.08448864694,22893.11513003387,0.0592858241488832,2.9990585709601847,False,1
585,378179.309890617,22931.754642492702,-0.6105935339725854,-1.0659110400885303,10.267537947367948,6.160923471541764,-0.4299997746251289,-0.4299997746251289,0.1623133293530252,1.0000000033285952,1,0.0,0.9028289926322592,-0.9028289926322592,0.0,0.0,0,46661.784820604895,93851.82989687532,94277.69622949729,343678.1591880086,22983.886477095704,0.05954596983046486,2.999120591056817,False,1
586,378130.93921687576,23019.277656162296,-0.6091441519782304,-1.060461347082614,10.28061348660786,6.307143602361203,-0.435605620963585,-0.435605620963585,0.1585503803332437,0.999999980125617,1,0.0,0.9001376260829752,-0.9001376260829752,0.0,0.0,0,46692.27391064534,93997.95765878304,94319.70695700229,343591.57041895716,23074.505917011753,0.059806115512046405,2.999184178748686,False,1
587,378082.09222929797,23106.535732032575,-0.6077031050057471,-1.055003125248966,10.29364937624147,6.455025829350138,-0.4412803629444712,-0.4412803629444712,0.154918048967982,0.999999992391874,1,0.0,0.8973692892936627,-0.8973692892936627,0.0,0.0,0,46721.90676959703,94141.24656382506,94361.26986316072,343505.3176746167,23164.972083255605,0.060066261193628206,2.999249335700242,False,1
588,378032.76972814265,23193.525908948057,-0.6062702929347824,-1.0495351336251204,10.306645254001754,6.604584840251105,-0.4470194152808351,-0.4470194152808351,0.1514099745906096,0.9999999767296288,1,0.0,0.8945242550027888,-0.8945242550027888,0.0,0.0,0,46750.68464048824,94288.02505917169,94402.38005252855,343419.4001864897,23255.283772178875,0.06032640687520992,2.9993160632933566,False,1
589,377982.9723051421,23280.245091730827,-0.6048456188847444,-1.0440595878004475,10.319600736619552,6.755835299094192,-0.4528184108522868,-0.4528184108522868,0.1480201833453472,1.0000000244562697,1,0.0,0.8916027606018778,-0.8916027606018778,0.0,0.0,0,46778.60841324349,94433.1608428471,94443.03271267096,343333.8173737395,23345.439664978665,0.060586552556791684,2.9993843629209818,False,1
590,377932.70084682765,23366.69033728505,-0.603428985580914,-1.038576104514609,10.33251546726027,6.908792413982015,-0.4586731649688387,-0.4586731649688387,0.1447430920333977,1.0000000274628027,1,0.0,0.8886050439080946,-0.8886050439080946,0.0,0.0,0,46805.67942638724,94575.5136167522,94483.2230230215,343248.5684730639,23435.438576512395,0.060846698238373256,2.999454235743764,False,1
591,377881.9561051649,23452.858609831183,-0.6020202984225079,-1.0330845300778095,10.345389076999462,7.063471350505605,-0.4645796832268375,-0.4645796832268375,0.1415734465587915,1.0000000182421107,1,0.0,0.8855313184350548,-0.8855313184350548,0.0,0.0,0,46831.89879317442,94715.08759090552,94522.94623076137,343163.65284437186,23525.27924215498,0.061106843919954974,2.9995256828941743,False,1
592,377830.7389315534,23538.746915945863,-0.6006194637635729,-1.027584884865403,10.358221205836426,7.219887566512387,-0.4705341390263414,-0.4705341390263414,0.1385063142671575,0.9999999829940864,1,0.0,0.8823817908122001,-0.8823817908122001,0.0,0.0,0,46857.267769323196,94852.68913166686,94562.19761040187,343079.0698035793,23614.960434987657,0.06136698960153668,2.9995987053663584,False,1
593,377779.0501498225,23624.352230285425,-0.5992263898171392,-1.0220782784881908,10.37101149295333,7.378056564520909,-0.4765328697520452,-0.4765328697520452,0.1355370489184468,0.9999999859765292,1,0.0,0.8791566553013132,-0.8791566553013132,0.0,0.0,0,46881.7875623228,94994.0876779989,94600.97248220339,342994.8187041158,23704.480901297044,0.061627135283118334,2.99967330407507,False,1
594,377726.89075937413,23709.67161839893,-0.5978409851352349,-1.0165641009595563,10.38375959270469,7.5379942356676946,-0.4825723559614332,-0.4825723559614332,0.1326612883233996,0.9999999720582416,1,0.0,0.8758561083466266,-0.8758561083466266,0.0,0.0,0,46905.459637592954,95132.76155319405,94639.26618870893,342910.8988058605,23793.839466217876,0.061887280964700114,2.99974947975814,False,1
595,377674.2616684129,23794.702076380738,-0.5964631605496749,-1.0110438535829338,10.396465152696708,7.699716473171858,-0.4886492260304351,-0.4886492260304351,0.1298749111920428,1.000000008390589,1,0.0,0.8724803335049427,-0.8724803335049427,0.0,0.0,0,46928.28531313472,95268.71517141175,94677.07412416805,342827.3094499988,23883.03489522568,0.06214742664628187,2.9998272331106475,False,1
596,377621.1640515984,23879.440751663216,-0.5950928264984364,-1.005517041029916,10.40912784375399,7.863239874380822,-0.4947602290908569,-0.4947602290908569,0.127174046158946,0.9999999680845651,1,0.0,0.8690295258976097,-0.8690295258976097,0.0,0.0,0,46950.266303714656,95401.95276259271,94714.39170574509,342744.0498249014,23972.0660836328,0.062407572327863634,2.9999065645975493,False,1
597,377567.5988545212,23963.88463635631,-0.5937298966850879,-0.999982754159214,10.421747318137554,8.028580626480752,-0.5009022523926765,-0.5009022523926765,0.1245550219348552,0.9999999625037276,1,0.0,0.8655038619242815,-0.8655038619242815,0.0,0.0,0,46971.40396762377,95534.12098628219,94751.21440881606,342661.1192889815,24060.931793019077,0.06266771800944511,2.9999874747193966,False,1
598,377513.56714345806,24048.03078421584,-0.5923742854540948,-0.9944440163353098,10.434323240797342,8.19575519677336,-0.5070722968712478,-0.5070722968712478,0.122014375309108,1.0000000515869951,1,0.0,0.8619035233941411,-0.8619035233941411,0.0,0.0,0,46991.69984656485,95669.20224382903,94787.53774051962,342578.5171343265,24149.630837594206,0.06292786369102689,3.0000699638234023,False,1
599,377459.0702709475,24131.87642147006,-0.5910259064973484,-0.988899501453673,10.446855297784811,8.364781046965822,-0.5132674586308308,-0.5132674586308308,0.119548850957886,1.0000000387525272,1,0.0,0.8582287075597349,-0.8582287075597349,0.0,0.0,0,47011.155891073344,95801.61960979944,94823.35724173627,342496.24250569456,24238.16217789829,0.06318800937260859,3.0001540320218605,False,1
600,377404.109342669,24215.418604603918,-0.5896846768774014,-0.9833503355687604,10.459343159457177,8.535675002324986,-0.5194849542922517,-0.5194849542922517,0.1171553476097979,1.0000000290060551,1,0.0,0.8544795967579261,-0.8544795967579261,0.0,0.0,0,47029.77368909994,95931.37786216228,94858.66850574076,342414.2947081992,24326.524628190546,0.06344815505419027,3.000239679466446,False,1
601,377348.68567354087,24298.654515726284,-0.5883505135318031,-0.9777952514090578,10.471786512464972,8.708454595245733,-0.5257220879776582,-0.5257220879776582,0.1148309419571123,0.999999954555534,1,0.0,0.8506563862634509,-0.8506563862634509,0.0,0.0,0,47047.55512821337,96058.48171434134,94893.46716428825,342332.67294177687,24414.717108557215,0.06370830073577192,3.000326906113371,False,1
602,377292.8004217589,24381.581222119697,-0.58702333605718,-0.9722354678033132,10.484185034976518,8.883136976416258,-0.5319762677924063,-0.5319762677924063,0.1125728496791959,0.9999999559505234,1,0.0,0.846759263917503,-0.846759263917503,0.0,0.0,0,47064.50187062926,96184.30949398059,94927.74888886044,342251.37650664535,24502.738439912137,0.0639684464173535,3.000415711918333,False,1
603,377236.454981554,24464.1959385334,-0.5857030636641719,-0.9666708177309552,10.49653842428966,9.059740045579726,-0.5382449773806497,-0.5382449773806497,0.1103784447816144,0.9999999835132052,1,0.0,0.842788433983945,-0.842788433983945,0.0,0.0,0,47080.61592022021,96313.26600271014,94961.50939591431,342170.4045797771,24590.587566840404,0.06422859209893518,3.0005060966219848,False,1
604,377179.6507227294,24546.49585456859,-0.584389617159027,-0.9611031440238874,10.50884637663636,9.238281792186635,-0.5445257853736925,-0.5445257853736925,0.1082452324611905,1.0000000405575666,1,0.0,0.8387441018378964,-0.8387441018378964,0.0,0.0,0,47095.899238620244,96439.61847635744,94994.7444433063,342089.7563705466,24678.26341040148,0.06448873778051704,3.000598059899267,False,1
605,377122.3891561248,24628.478248959032,-0.5830829176363758,-0.9555319177895129,10.521108599527386,9.41878075790668,-0.5508163313923,-0.5508163313923,0.106170851364886,1.0000000285205155,1,0.0,0.8346264845214506,-0.8346264845214506,0.0,0.0,0,47110.3539859092,96563.37170414168,95027.44984029896,342009.4310256388,24765.764964679965,0.06474888346209876,3.000691601262026,False,1
606,377064.671738066,24710.14035554845,-0.5817828879898912,-0.949955761183548,10.533324799566875,9.601255375739324,-0.5571143343260807,-0.5571143343260807,0.1041530515662318,0.9999999536504428,1,0.0,0.8304358004013881,-0.8304358004013881,0.0,0.0,0,47123.98224666447,96684.53075430426,95059.62143719126,341929.4277312347,24853.09118305085,0.0650090291436804,3.0007867201678646,False,1
607,377006.4998024636,24791.479312440362,-0.5804894534436376,-0.944377908657588,10.545494680662326,9.78572365722284,-0.5634175939408934,-0.5634175939408934,0.102189682095437,1.0000000105606337,1,0.0,0.8261722669466424,-0.8261722669466424,0.0,0.0,0,47136.785947094846,96803.10128987265,95091.25511221334,341849.74573538965,24940.24093565376,0.06526917482526201,3.000883416058654,False,1
608,376947.8751055865,24872.492551581076,-0.5792025371867393,-0.9387960620568968,10.55761797116962,9.972205330005224,-0.5697239485909655,-0.5697239485909655,0.1002787256350395,0.999999957921536,1,0.0,0.8218361285675931,-0.8218361285675931,0.0,0.0,0,47148.76758605504,96926.11221587521,95122.34682417319,341770.3840964676,25027.213337433015,0.06552932050684378,3.00098168806542,False,1
609,376888.7990928485,24953.17727577954,-0.5779220662148392,-0.9332117027308188,10.56969438694344,10.160718952482872,-0.5760313236284013,-0.5760313236284013,0.0984182369076701,0.9999999553011276,1,0.0,0.8174276199634279,-0.8174276199634279,0.0,0.0,0,47159.929249115,97046.57864405931,95152.8925434045,341691.3420238251,25114.00730692477,0.06578946618842543,3.001081535406587,False,1
610,376829.2734311093,25033.530841938835,-0.5766479670364317,-0.9276249105695806,10.581723657882938,10.351284053223464,-0.5823376902141105,-0.5823376902141105,0.0966063768598396,0.9999999525111398,1,0.0,0.8129469932396313,-0.8129469932396313,0.0,0.0,0,47170.27332300809,97164.50460967408,95182.88830537714,341612.6186317619,25200.621889100963,0.06604961187000713,3.00118295710001,False,1
611,376769.29978200095,25113.55059832831,-0.5753801674821317,-0.9220360777619152,10.59370551768241,10.54392017620774,-0.5886410791297327,-0.5886410791297327,0.0948413897585369,0.9999999575408376,1,0.0,0.808394507283036,-0.808394507283036,0.0,0.0,0,47179.80219617777,97279.89546929504,95212.330188296,341534.2130395983,25287.056117948097,0.06630975755158892,3.001285952083204,False,1
612,376708.8798548252,25193.233924062555,-0.5741185962492417,-0.9164453404132604,10.605639704438222,10.738647182133407,-0.5949395729240186,-0.5949395729240186,0.0931216033897065,0.9999999568529528,1,0.0,0.8037704298367168,-0.8037704298367168,0.0,0.0,0,47188.518320836534,97392.75672144286,95241.21431818847,341456.12435563724,25373.30904947223,0.06656990323317047,3.001390519192417,False,1
613,376648.015385682,25272.57821431658,-0.5728631830596508,-0.9108520756985112,10.617525961781189,10.9354850848018,-0.6012313060625702,-0.6012313060625702,0.0914454215638892,0.999999957224027,1,0.0,0.7990750376547436,-0.7990750376547436,0.0,0.0,0,47196.42419475783,97507.51991105564,95269.536867677,341378.3516773364,25459.379749073614,0.06683004891475217,3.0014966571675514,False,1
614,376586.7080772985,25351.580834138767,-0.5716138591361112,-0.9052587948482608,10.629364035365,11.134453815836064,-0.6075144664161904,-0.6075144664161904,0.0898113168432045,1.0000000401589182,1,0.0,0.7943086134523352,-0.7943086134523352,0.0,0.0,0,47203.52227913076,97622.26827309697,95297.29404174446,341300.89411935693,25545.267252855527,0.06709019459633386,3.0016043646934145,False,1
615,376524.9599009269,25430.239353796736,-0.5703705546780773,-0.8996641193139949,10.64115368659759,11.335574557203849,-0.6137872707169953,-0.6137872707169953,0.088217845241308,1.000000037271061,1,0.0,0.7894714605504937,-0.7894714605504937,0.0,0.0,0,47209.81539374776,97734.53351629466,95324.48214325955,341223.7506874437,25630.970763826004,0.06735034027791555,3.00171364021744,False,1
616,376462.7726243177,25508.551183221985,-0.5691332027656644,-0.8940686562461958,10.65289467043008,11.538867704128002,-0.6200479967445619,-0.6200479967445619,0.0866636129807549,1.000000034455652,1,0.0,0.7845638803372013,-0.7845638803372013,0.0,0.0,0,47215.30609619891,97844.32132747643,95351.09747327579,341146.92047853634,25716.489346296057,0.0676104859594973,3.001824482236372,False,1
617,376400.1481325538,25586.51382191077,-0.5679017366731495,-0.8884727236969701,10.664586752323522,11.744354197255948,-0.6262949589762798,-0.6262949589762798,0.085147292276688,1.0000000394988882,1,0.0,0.7795861885806936,-0.7795861885806936,0.0,0.0,0,47219.997111814504,97951.6373781911,95377.13639962362,341070.4025368024,25801.822134606904,0.06787063164107902,3.0019368890980296,False,1
618,376337.0883564344,25664.124804611434,-0.566676090438333,-0.8828766517817879,10.676229702130456,11.952055297795315,-0.63252651041689,-0.63252651041689,0.083667614939914,1.0000000385191643,1,0.0,0.7745387109139029,-0.7745387109139029,0.0,0.0,0,47223.89122783416,98057.22424641615,95402.59534150582,340994.1958951009,25886.96828740532,0.06813077732266053,3.0020508590536554,False,1
619,376273.5952529644,25741.38168658159,-0.5654561990161743,-0.8772805260697805,10.687823295586751,12.161992438317029,-0.6387410435670859,-0.6387410435670859,0.0822233668056048,1.0000000336172432,1,0.0,0.769421783096536,-0.769421783096536,0.0,0.0,0,47226.99127792736,98166.41201223222,95427.47076675497,340918.2995734876,25971.926975152124,0.06839092300424228,3.002166390262697,False,1
620,376209.6708006119,25818.28204023112,-0.5642419982980771,-0.8716856489756584,10.699367312877792,12.374187254766408,-0.6449369883458348,-0.6449369883458348,0.0808133852156963,1.0000000373936089,1,0.0,0.7642357504853151,-0.7642357504853151,0.0,0.0,0,47229.30013142299,98273.17310043944,95451.75918923412,340842.7125852618,26056.697377176624,0.06865106868582382,3.0022834808011583,False,1
621,376145.317108757,25894.823547563145,-0.5630334241499668,-0.8660895460441648,10.710861543014705,12.588662104022948,-0.6511128022017739,-0.6511128022017739,0.0794365623971967,0.9999999589818293,1,0.0,0.758980972820035,-0.758980972820035,0.0,0.0,0,47230.82083188847,98377.51306918926,95475.45720453025,340767.4338968532,26141.278758044984,0.06891121436740576,3.002402128591674,False,1
622,376080.5360341337,25971.003678638423,-0.5618304157189907,-0.8604959564613386,10.722305770760473,12.805438114404724,-0.6572669995864506,-0.6572669995864506,0.0780918215065281,1.0000000120476222,1,0.0,0.7536578080682905,-0.7536578080682905,0.0,0.0,0,47231.55611917935,98479.4381126415,95498.56136623622,340692.4625606164,26225.670201020446,0.06917136004898732,3.002522331646447,False,1
623,376015.3298810314,26046.82028366397,-0.5606329093223428,-0.8549023936596658,10.73369979999385,13.02453881876786,-0.6633980936675405,-0.6633980936675405,0.0767781530304162,0.999999966994303,1,0.0,0.74826664214429,-0.74826664214429,0.0,0.0,0,47231.509300983336,98578.95386753973,95521.06841604075,340617.79747317417,26309.871098364678,0.06943150573056901,3.0026440876262024,False,1
624,375949.70063917263,26122.270947100704,-0.5594408450880249,-0.8493102446333881,10.745043428639596,13.245986187594244,-0.6695046571552198,-0.6695046571552198,0.0754945705936839,0.9999999625534626,1,0.0,0.7428078568340711,-0.7428078568340711,0.0,0.0,0,47230.68330527248,98678.70178586565,95542.97503005166,340543.43763700477,26393.88061607885,0.06969165141215071,3.0027673943223987,False,1
625,375883.6504943455,26197.35342420635,-0.5582541624580936,-0.8437196890791273,10.756336465478292,13.469803305036958,-0.6755852795083359,-0.6755852795083359,0.0742401367331905,0.9999999626853538,1,0.0,0.7372818513241599,-0.7372818513241599,0.0,0.0,0,47229.081315310264,98780.10643287656,95564.27799272178,340469.381985073,26477.698055334575,0.0699517970937324,3.002892249334244,False,1
626,375817.18163112487,26272.065472914437,-0.5570728019061272,-0.8381308808043123,10.767578723105252,13.696013329346968,-0.681638581765112,-0.681638581765112,0.0730139505617794,0.9999999619192694,1,0.0,0.7316890335427083,-0.7316890335427083,0.0,0.0,0,47226.70652217476,98879.145419022,95584.97412915612,340395.62945046125,26561.322712997684,0.07021194277531417,3.003018650196367,False,1
627,375750.2962568355,26346.40487502509,-0.5558967047123867,-0.8325435837595978,10.778770019850098,13.924639637333968,-0.687663213811622,-0.687663213811622,0.071815146594772,0.9999999652019526,1,0.0,0.7260298219307421,-0.7260298219307421,0.0,0.0,0,47223.56215898646,98975.8246760891,95605.06031402286,340322.17895380536,26644.75389904194,0.0704720884568958,3.003146594361272,False,1
628,375682.996572399,26420.369410275034,-0.5547258132091327,-0.8269600412425105,10.789910178287265,14.155705639597675,-0.6936578557812205,-0.6936578557812205,0.0706428921958837,1.0000000119337322,1,0.0,0.7203046436918249,-0.7203046436918249,0.0,0.0,0,47219.65146310971,99070.15040321158,95624.53345801159,340249.0294142681,26727.990915087084,0.07073223413847746,3.0032760792223416,False,1
629,375615.2849804818,26493.957047280495,-0.5535600688748337,-0.8213769620014526,10.800999030938929,14.389236030618768,-0.6996211991212464,-0.6996211991212464,0.0694963953698885,0.9999999659152786,1,0.0,0.714513943580285,-0.714513943580285,0.0,0.0,0,47214.97792766761,99162.12857713133,95643.39060151503,340176.1796872899,26811.033211265643,0.07099237982005922,3.0034071019736843,False,1
630,375547.1635751044,26567.165476640832,-0.5523994169654166,-0.8157978860043693,10.81203640648878,14.625253812753748,-0.7055519893538715,-0.7055519893538715,0.0683748796188188,1.0000000293686522,1,0.0,0.708658163086087,-0.708658163086087,0.0,0.0,0,47209.54468547914,99254.99370458827,95661.6286850142,340103.6287162977,26893.880001962945,0.07125252550164093,3.0035396599555915,False,1
631,375478.63484694855,26639.992761482,-0.5512438000487758,-0.8102224109029381,10.823022149075785,14.863784330243313,-0.7114489658470594,-0.7114489658470594,0.0672776152864534,1.0000000339547617,1,0.0,0.7027377684234372,-0.7027377684234372,0.0,0.0,0,47203.35536110087,99348.87055712151,95679.24487183832,340031.3753223805,26976.53080084265,0.07151267118322248,3.0036737501773416,False,1
632,375409.70114161546,26712.436838320973,-0.5500931629551636,-0.804649708832838,10.833956103293271,15.104852277831489,-0.7173109058800468,-0.7173109058800468,0.0662038925161841,0.9999999844806172,1,0.0,0.696753229736782,-0.696753229736782,0.0,0.0,0,47196.41341539833,99440.44186429077,95696.23630087107,339959.41836679797,27058.98500985429,0.07177281686480423,3.0038093696844768,False,1
633,375340.3647474257,26784.495595184955,-0.5489474519692036,-0.799079829297088,10.844838117118764,15.348482050005885,-0.7231366176836418,-0.7231366176836418,0.065153025126505,0.9999999657915744,1,0.0,0.6907050236646449,-0.6907050236646449,0.0,0.0,0,47188.7222546204,99529.71395498673,95712.60011950723,339887.7567209359,27141.24198386713,0.07203296254638608,3.0039465155034764,False,1
634,375270.6280722502,26856.167040931847,-0.5478066131635048,-0.7935135993907163,10.855668046003904,15.594698850399269,-0.7289249241348603,-0.7289249241348603,0.0641243569224663,0.99999996732122,1,0.0,0.6845936403983635,-0.6845936403983635,0.0,0.0,0,47180.2854402464,99616.69313430009,95728.33357392624,339816.38921792473,27223.301169469043,0.07229310822796761,3.004085184520585,False,1
635,375200.49353971577,26927.4492080297,-0.5466705933513155,-0.7879507034134736,10.86644575087024,15.843528213003214,-0.7346746702812581,-0.7346746702812581,0.0631172550919308,0.9999999891452808,1,0.0,0.6784195810296427,-0.6784195810296427,0.0,0.0,0,47171.10656713031,99701.38580785962,95743.4339591664,339745.3146799199,27305.162024877875,0.07255325390954917,3.0042253735513804,False,1
636,375129.9635835928,26998.340147431623,-0.5455393401234249,-0.7823930171683625,10.877171097359188,16.094995734783588,-0.740384724737012,-0.740384724737012,0.0621311102236631,1.000000042639139,1,0.0,0.672183354962985,-0.672183354962985,0.0,0.0,0,47161.18925423344,99786.326121257,95757.89861509867,339674.5319218913,27386.824015651695,0.07281339959113078,3.0043670793481008,False,1
637,375059.0407764145,27068.83805819464,-0.5444128006006633,-0.7768396900310277,10.887843958970503,16.34912802168442,-0.74605396714349,-0.74605396714349,0.061165339525184,1.000000031132797,1,0.0,0.665885486095752,-0.665885486095752,0.0,0.0,0,47150.537297010655,99872.92100972512,95771.72500334584,339604.0397176725,27468.286720455537,0.07307354527271245,3.004510298505948,False,1
638,374987.727544077,27138.941003165393,-0.5432909241552951,-0.7712910823160996,10.898464210388749,16.605950928790627,-0.7516813120307884,-0.7516813120307884,0.0602193747013954,1.0000000173526773,1,0.0,0.6595265017704476,-0.6595265017704476,0.0,0.0,0,47139.15433041612,99957.26988535281,95784.91054059655,339533.83687428763,27549.549598386377,0.07333369095429416,3.004655027670173,False,1
639,374916.0264378448,27208.647181980996,-0.5421736597794806,-0.7657463205958147,10.909031733975269,16.865491217246124,-0.757265685322856,-0.757265685322856,0.0592926718449311,0.9999999667487562,1,0.0,0.6531069428773718,-0.6531069428773718,0.0,0.0,0,47127.04415029596,100039.37902562541,95797.45275820172,339463.9221606183,27630.61221224936,0.07359383663587576,3.004801263340785,False,1
640,374843.93988375936,27277.954675948906,-0.5410609585065064,-0.7602061475199547,10.919546414021164,17.12777500599693,-0.7628060451148506,-0.7628060451148506,0.0583847010658215,0.999999978383463,1,0.0,0.6466273544360663,-0.6466273544360663,0.0,0.0,0,47114.21041924,100119.2550847559,95809.34914702526,339394.2943702627,27711.474020044712,0.07385398231745768,3.004949002057125,False,1
641,374771.4704624241,27346.861736336996,-0.53995277066203,-0.7546716766557551,10.930008143015096,17.39282952478149,-0.7683013574476212,-0.7683013574476212,0.057494956157842,1.000000026627425,1,0.0,0.6400882958844916,-0.6400882958844916,0.0,0.0,0,47100.65699432138,100196.90458146491,95820.59733394963,339324.9522519651,27792.13461031453,0.07411412799903938,3.0050982401929995,False,1
642,374698.6208360065,27415.36671375337,-0.538849046547584,-0.7491433491262761,10.940416819591254,17.660682682058294,-0.7737506020814793,-0.7737506020814793,0.0566229507532204,1.0000000314088178,1,0.0,0.6334903382020926,-0.6334903382020926,0.0,0.0,0,47086.38783935225,100272.88704791784,95831.19504331081,339255.8945305438,27872.5936439351,0.0743742736806211,3.005248974008289,False,1
643,374625.3936067869,27483.467909784205,-0.5377497378302039,-0.7436192098982003,10.950772346029884,17.93136216535325,-0.7791527842964056,-0.7791527842964056,0.055768212460437,0.9999999865092128,1,0.0,0.6268340588022155,-0.6268340588022155,0.0,0.0,0,47071.406861607975,100352.437495304,95841.14000233205,339187.119939111,27952.85073303161,0.07463441936220282,3.0054011997545858,False,1
644,374551.7912496654,27551.163500675728,-0.5366547982229154,-0.7381008577756775,10.96107462653355,18.204895003320644,-0.7845069398118889,-0.7845069398118889,0.0549302804074036,1.000000011600897,1,0.0,0.6201200387573516,-0.6201200387573516,0.0,0.0,0,47055.71783308365,100429.80061223952,95850.42988493416,339118.62723411515,28032.905379173702,0.07489456504378451,3.0055549137325506,False,1
645,374477.8164933444,27618.451950109793,-0.5355641796288876,-0.7325887633473183,10.971323575054388,18.481310040006,-0.7898121024137345,-0.7898121024137345,0.0541087173355155,1.000000017348162,1,0.0,0.6133488767350023,-0.6133488767350023,0.0,0.0,0,47039.32483295043,100504.98274623447,95859.06258506031,339050.4151072107,28112.757309340763,0.07515471072536603,3.005710112000964,False,1
646,374403.4719624003,27685.3316235443,-0.5344778357393931,-0.7270834910640097,10.981519108216228,18.76063561528958,-0.7950673339371294,-0.7950673339371294,0.0533030967733795,1.0000000220292635,1,0.0,0.6065211758437887,-0.6065211758437887,0.0,0.0,0,47022.23183231591,100577.99045413529,95867.03596312446,338982.4822680097,28192.40616155679,0.07541485640694774,3.005866790648711,False,1
647,374328.76036911324,27751.80099866176,-0.53339572006729,-0.7215836986256522,10.991661148901589,19.042900821976687,-0.8002717077459647,-0.8002717077459647,0.052513008861958,0.9999999823596788,1,0.0,0.5996375503612574,-0.5996375503612574,0.0,0.0,0,47004.44291556353,100648.83029436086,95874.34798657137,338914.8274010865,28271.851656158466,0.07567500208852943,3.006024945649224,False,1
648,374253.68429436954,27817.858420660108,-0.5323177881929461,-0.716090013251585,11.001749622193762,19.32813407860228,-0.805424326673754,-0.805424326673754,0.0517380528097225,0.999999980548986,1,0.0,0.5926986180015165,-0.5926986180015165,0.0,0.0,0,46985.96202884661,100717.50912910946,95880.9965600116,338847.4492127619,28351.093396847034,0.07593514777011096,3.006184573031967,False,1
649,374178.2464447466,27883.502391017493,-0.5312439950926848,-0.7106034973046492,11.011784460172011,19.61636482792916,-0.810524301256214,-0.810524301256214,0.0509778445504842,1.00000000290518,1,0.0,0.5857050087912179,-0.5857050087912179,0.0,0.0,0,46966.79327534331,100787.57355699172,95886.97972457187,338780.3463757174,28430.13110541649,0.07619529345169285,3.0063456686836214,False,1
650,374102.4496089477,27948.731523181512,-0.530174295558028,-0.7051226596195688,11.02176560082014,19.907623240142183,-0.8155707533787246,-0.8155707533787246,0.0502320146570294,0.9999999799943136,1,0.0,0.5786573630870169,-0.5786573630870169,0.0,0.0,0,46946.94086341455,100858.1799142288,95892.2956315123,338713.51754071075,28508.964585274403,0.07645543913327453,3.006508228380085,False,1
651,374026.2963808206,28013.54422136499,-0.5291086471096939,-0.6996501826586049,11.031692983379482,20.201938415410865,-0.820562838560728,-0.820562838560728,0.049500199493303,1.0000000164311005,1,0.0,0.5715563225323976,-0.5715563225323976,0.0,0.0,0,46926.408791684546,100926.66320179957,95896.94230931479,338646.9613914431,28587.593460824675,0.07671558481485614,3.006672248007631,False,1
652,373949.78965305374,28077.93925693774,-0.5280470047460034,-0.6941839804061348,11.041566556731915,20.499341666905984,-0.8254997052222609,-0.8254997052222609,0.0487820554863541,0.9999999798349112,1,0.0,0.5644025462511914,-0.5644025462511914,0.0,0.0,0,46905.20141031506,100993.02972144294,95900.91808153696,338580.6765465358,28666.017645084885,0.07697573049643795,3.006837723171186,False,1
653,373872.93202976167,28141.915078479007,-0.5269893271991597,-0.6887253577677978,11.051386269239098,20.79986255247166,-0.8303805428383451,-0.8303805428383451,0.0480772415418405,0.9999999858237848,1,0.0,0.5571966908381615,-0.5571966908381615,0.0,0.0,0,46883.32275326399,101057.28641477498,95904.22106232015,338514.66167539987,28744.236779866384,0.07723587617801948,3.0070046496637817,False,1
654,373795.72633338487,28205.470412220184,-0.5259355714833229,-0.6832738920632737,11.061152077641374,21.10353236059686,-0.8352045398526415,-0.8352045398526415,0.0473854331639436,0.999999980328382,1,0.0,0.5499394276532215,-0.5499394276532215,0.0,0.0,0,46860.77711423091,101119.43991964775,95906.84959743923,338448.91539862676,28822.25072285886,0.0774960218596009,3.007173023061876,False,1
655,373718.1753162218,28268.603919464786,-0.5248856959906916,-0.6778293963346154,11.070863941852467,21.410382116067545,-0.8399709073254658,-0.8399709073254658,0.0467063138800867,0.9999999757511324,1,0.0,0.542631432641473,-0.542631432641473,0.0,0.0,0,46837.56871846708,101179.49707088331,95908.80201139969,338383.43634486187,28900.05926958996,0.07775616754118303,3.007342838957117,False,1
656,373640.28170064854,28331.314242800818,-0.5238396600553766,-0.6723937673450286,11.080521825888887,21.7204428491674,-0.844678875409303,-0.844678875409303,0.0460395761288915,1.0000000159097535,1,0.0,0.5352733875520012,-0.5352733875520012,0.0,0.0,0,46813.701769381936,101242.53792799194,95910.07663895526,338318.2231415806,28977.662191069485,0.07801631322276446,3.007514092926089,False,1
657,373562.04842946894,28393.600318937904,-0.5227974211605878,-0.6669652754571388,11.09012570128205,22.03374744953357,-0.8493276723510962,-0.8493276723510962,0.0453849272400791,0.9999999781323036,1,0.0,0.5278659886993416,-0.5278659886993416,0.0,0.0,0,46789.18072807358,101304.54369014804,95910.67206838462,338253.2743725889,29055.0594867727,0.07827645890434635,3.0076867803248875,False,1
658,373483.47815072857,28455.460736804675,-0.5217589406558809,-0.6615441208009708,11.099675539708883,22.350326872166576,-0.8539165671403881,-0.8539165671403881,0.0447420759421129,0.9999999804538936,1,0.0,0.5204099284872628,-0.5204099284872628,0.0,0.0,0,46764.00973621197,101364.48972166506,95910.58664349349,338188.5886674371,29132.250865039325,0.07853660458592787,3.0078608967124323,False,1
659,373404.5736732882,28516.894306128568,-0.5207241786694675,-0.6561320006175282,11.109171319606656,22.670213505188947,-0.8584448314159534,-0.8584448314159534,0.0441107437279957,1.0000000192690386,1,0.0,0.5129059114112748,-0.5129059114112748,0.0,0.0,0,46738.193127030274,101422.38273400463,95909.81890262607,338124.16462121793,29209.236203549033,0.07879675026750968,3.008036437479014,False,1
660,373325.3379090679,28577.899991670216,-0.5196930947111835,-0.6507279030003064,11.118613025061824,22.993440776525546,-0.8629117442441359,-0.8629117442441359,0.0434906627807215,1.0000000185326334,1,0.0,0.5053546518358257,-0.5053546518358257,0.0,0.0,0,46711.735358239384,101478.22928093416,95908.36753323763,338060.00080777385,29286.015495555705,0.07905689594909111,3.0082133978911827,False,1
661,373245.773622776,28638.476590673923,-0.518665650514002,-0.6453331734175382,11.1280006423355,23.320041263594703,-0.8673166125527105,-0.8673166125527105,0.0428815696883834,1.0000000223537395,1,0.0,0.4977568650010842,-0.4977568650010842,0.0,0.0,0,46684.6407336627,101532.03627752955,95906.23111376289,337996.09582005086,29362.588589072413,0.07931704163067282,3.008391773300814,False,1
662,373165.8837014748,28698.623082462746,-0.5176418069369931,-0.6399460782214965,11.137334163553806,23.65004874745585,-0.8716587488009597,-0.8716587488009597,0.0422832116045111,0.999999986374233,1,0.0,0.4901132763095982,-0.4901132763095982,0.0,0.0,0,46656.91370285285,101583.81046027223,95903.40839290035,337932.44822662254,29438.95546959515,0.07957718731225466,3.0085715589218456,False,1
663,373085.6708851471,28758.33827397021,-0.5166215270733027,-0.6345676603397086,11.14661358321233,23.98349613810271,-0.8759374928666743,-0.8759374928666743,0.0416953397707298,0.9999999823175004,1,0.0,0.4824246116260585,-0.4824246116260585,0.0,0.0,0,46628.55856238463,101638.7405227111,95899.89800139378,337869.0566135486,29515.115973608383,0.07983733299383632,3.0087527500569053,False,1
664,373005.1380572892,28817.621185818498,-0.5156047728539656,-0.6291978408199419,11.155838901953622,24.320417736582137,-0.8801521882926762,-0.8801521882926762,0.0411177158348411,0.9999999778377144,1,0.0,0.4746916073923894,-0.4746916073923894,0.0,0.0,0,46599.57977807295,101692.48054443242,95895.69876695829,337805.91953921097,29591.07010058474,0.08009747867541812,3.008935341853495,False,1
665,372924.2880433221,28876.470784300654,-0.5145915073920493,-0.6238364437792542,11.165010123414715,24.66084768682856,-0.8843021982122803,-0.8843021982122803,0.0405501070939675,0.9999999872649036,1,0.0,0.4669150032353831,-0.4669150032353831,0.0,0.0,0,46569.9817593277,101744.22321511153,95890.80949484318,337743.0355675387,29666.817796277264,0.08035762435699961,3.009119329475219,False,1
666,372843.12368691416,28934.88608408486,-0.5135816940761366,-0.6184854250665901,11.17412725599419,25.00482055232244,-0.8883868995430394,-0.8883868995430394,0.0399922878864693,1.0000000156248583,1,0.0,0.4590955445391116,-0.4590955445391116,0.0,0.0,0,46539.768946364056,101793.9752699208,95885.22905212917,337680.40325366054,29742.35903574665,0.0806177700385812,3.009304708036396,False,1
667,372761.6479610886,28992.86630572288,-0.5125752952047592,-0.6131426814929505,11.183190313136514,25.352372260042927,-0.8924056735099059,-0.8924056735099059,0.0394440416504005,0.9999999763482058,1,0.0,0.4512339860609761,-0.4512339860609761,0.0,0.0,0,46508.94592814951,101841.7432275166,95878.95650273906,337618.0211327311,29817.693950258323,0.0808779157201629,3.009491472508408,False,1
668,372679.86356918776,29050.410317065576,-0.5115722768137161,-0.6078092081231676,11.19219930957565,25.70353682984233,-0.8963579378960722,-0.8963579378960722,0.0389051524796275,0.9999999830788544,1,0.0,0.4433310777064996,-0.4433310777064996,0.0,0.0,0,46477.51700799586,101887.53419651007,95871.9906318938,337555.88777104346,29892.822376596734,0.08113806140174451,3.0096796180610093,False,1
669,372597.77344131307,29107.517329818103,-0.5105726026328329,-0.6024853412353387,11.201154266383194,26.058350460215262,-0.9002431067603957,-0.9002431067603957,0.0383754151447539,0.9999999854683372,1,0.0,0.4353875817758265,-0.4353875817758265,0.0,0.0,0,46445.486745389004,101931.35492101454,95864.3305374335,337494.00170066406,29967.74441936261,0.08139820708332618,3.0098691396398687,False,1
670,372515.3804414664,29164.18648876961,-0.5095762376418871,-0.5971708927508756,11.21005520782082,26.416849114208013,-0.90406061405514,-0.90406061405514,0.0378546288609684,0.9999999837709496,1,0.0,0.427404262318461,-0.427404262318461,0.0,0.0,0,46412.8596353684,101977.11241955409,95855.97528130407,337432.36145896977,30042.46011918602,0.08165835276490796,3.010060032216169,False,1
671,372432.6874377172,29220.41697099196,-0.5085831472022848,-0.5918646993719786,11.21890216197745,26.77906911668459,-0.9078099077841773,-0.9078099077841773,0.0373425985252422,0.9999999769037768,1,0.0,0.4193818874484539,-0.4193818874484539,0.0,0.0,0,46379.64018515503,102022.9129203052,95846.92397338976,337370.9655792529,30116.969532878647,0.08191849844648987,3.0102522907277214,False,1
672,372349.6972286055,29276.207876985307,-0.5075932979784893,-0.5865696050403211,11.227695160301923,27.14504651928541,-0.9114904557151856,-0.9114904557151856,0.0368391331885328,1.00000001369641,1,0.0,0.4113212264258119,-0.4113212264258119,0.0,0.0,0,46345.832834699075,102066.77749151544,95837.17567480155,337309.8125988413,30191.272645745095,0.08217864412807113,3.010445910143759,False,1
673,372266.4128151055,29331.558635498317,-0.5066066544735673,-0.5812834503283643,11.236434239684703,27.51481945828332,-0.9151017238231748,-0.9151017238231748,0.0363440508848307,1.0000000013410348,1,0.0,0.4032230589090173,-0.4032230589090173,0.0,0.0,0,46311.44224941655,102108.71251097412,95826.72975588197,337248.90102947835,30265.369697849113,0.08243878980965282,3.0106408852291424,False,1
674,372182.83695513767,29386.468339837826,-0.5056231846938064,-0.5760078789026791,11.245119438506856,27.88842431175263,-0.9186432112249888,-0.9186432112249888,0.0358571702508912,1.000000018412301,1,0.0,0.395088159127473,-0.395088159127473,0.0,0.0,0,46276.47283918521,102148.72495962474,95815.5853090148,337188.2294072222,30339.26064886983,0.08269893549123478,3.010837210931493,False,1
675,372098.97259809234,29440.936400362945,-0.504642854569896,-0.5707423842461522,11.253750800714348,28.2658994613132,-0.9221144161462684,-0.9221144161462684,0.0353783183058042,1.0000000100097086,1,0.0,0.3869173105232707,-0.3869173105232707,0.0,0.0,0,46240.92922736629,102186.82140962097,95803.74172718253,337127.7962440225,30412.94570431854,0.08295908117281633,3.011034882004448,False,1
676,372014.8226059235,29494.962124032154,-0.5036656315384491,-0.5654855847717977,11.262328372746186,28.647282878718222,-0.9255148574203336,-0.9255148574203336,0.034907325254838,0.999999982048111,1,0.0,0.3787112957527449,-0.3787112957527449,0.0,0.0,0,46204.8159485028,102223.00869612794,95791.19833001436,337067.60005981114,30486.424976380153,0.08321922685439805,3.011233893250836,False,1
677,371930.38973650394,29548.544682403095,-0.5026914847898675,-0.5602396512935063,11.270852204343582,29.032612006255384,-0.9288440755874512,-0.9288440755874512,0.0344440240852874,1.000000010976333,1,0.0,0.3704708963848599,-0.3704708963848599,0.0,0.0,0,46168.137433889206,102258.56221227879,95777.95433023298,337007.6393799985,30559.69845846039,0.08347937253597963,3.011434239538371,False,1
678,371845.67697593593,29601.6836341895,-0.5017203808429412,-0.5550047282612046,11.279322350085163,29.421926622626906,-0.932101607417494,-0.932101607417494,0.0339882562546115,1.000000015756991,1,0.0,0.362196902441977,-0.362196902441977,0.0,0.0,0,46130.89836325904,102296.74142185332,95764.00930994828,336947.91270736326,30632.76644618483,0.08373951821756151,3.0116359155101304,False,1
679,371760.6871990612,29654.378395093943,-0.5007522880344841,-0.5497795554311299,11.287738867249894,29.81526589536299,-0.93528701189463,-0.93528701189463,0.0335398655657886,0.9999999916152714,1,0.0,0.3538901013422544,-0.3538901013422544,0.0,0.0,0,46093.10330268089,102333.04452740999,95749.36274017513,336888.4185539824,30705.629109898615,0.083999663899143,3.011838915880106,False,1
680,371675.42320872797,29706.628294160448,-0.4997871760198478,-0.5445634042327169,11.296101816145187,30.212668855158743,-0.9383998664910764,-0.9383998664910764,0.0330986986826711,0.9999999806865244,1,0.0,0.3455512799078306,-0.3455512799078306,0.0,0.0,0,46054.75674770604,102367.47824898324,95734.01402785353,336829.1554355669,30778.286540404628,0.08425980958072483,3.012043235401052,False,1
681,371589.88782697776,29758.43271934649,-0.4988250145352325,-0.5393584285149585,11.304411260692808,30.614174906794887,-0.9414397610906804,-0.9414397610906804,0.0326646068978347,1.0000000095211026,1,0.0,0.3371812240958424,-0.3371812240958424,0.0,0.0,0,46015.86322000588,102400.04936571514,95717.96264876024,336770.1218636147,30850.73886637486,0.08451995526230664,3.012248868785606,False,1
682,371504.0840085272,29809.79130907874,-0.4978657717949832,-0.534165062924096,11.312667268746932,31.01982504521157,-0.9444062889649032,-0.9444062889649032,0.0322374475476225,1.0000000145851775,1,0.0,0.3287807231993488,-0.3287807231993488,0.0,0.0,0,45976.427385263145,102430.76429745083,95701.20832904524,336711.3163391125,30922.986408471683,0.084780100943888,3.01245581060609,False,1
683,371418.0146244456,29860.70359761327,-0.4969094174660651,-0.5289813476947922,11.320869910889648,31.4296601520279,-0.9472990622401024,-0.9472990622401024,0.0318170801251696,0.999999987085492,1,0.0,0.3203505645861273,-0.3203505645861273,0.0,0.0,0,45936.453824711905,102459.62972095003,95683.75071540035,336652.73736928357,30995.02939350806,0.08504024662546995,3.0126640554842945,False,1
684,371331.68243504845,29911.1689627054,-0.49595592308252595,-0.5238072187054241,11.329019260527698,31.843720224961885,-0.950117715081356,-0.950117715081356,0.0314033664007207,0.9999999884333588,1,0.0,0.3118915280481426,-0.3118915280481426,0.0,0.0,0,45895.94700831227,102486.65259672361,95665.58932108585,336594.3834669668,31066.867912609032,0.08530039230705144,3.012873598117221,False,1
685,371245.09030164534,29961.186983784846,-0.49500525904413323,-0.5186453262226335,11.337115394735898,32.26204669954889,-0.9528618868652852,-0.9528618868652852,0.030996173221611,1.000000010186804,1,0.0,0.3034043941521782,-0.3034043941521782,0.0,0.0,0,45854.91151605832,102514.8499998596,95646.72386374489,336536.2531372423,31138.502209851657,0.0855605379886332,3.013084433091714,False,1
686,371158.2411724678,30010.757426198747,-0.4940573947591353,-0.5134926727984993,11.345158393881048,32.68468231930566,-0.9555312234910132,-0.9555312234910132,0.0305953720964961,0.9999999853931428,1,0.0,0.2948899423971196,-0.2948899423971196,0.0,0.0,0,45813.35202105157,102543.90062097552,95627.15425517714,336478.3448813015,31209.932669286693,0.0858206836702149,3.0132965548958723,False,1
687,371071.1377339055,30059.879630858242,-0.4931123037074183,-0.5083522831331796,11.353148340497428,33.11166760450017,-0.95812540317494,-0.95812540317494,0.0302008342015351,1.00000001397294,1,0.0,0.2863489381149447,-0.2863489381149447,0.0,0.0,0,45771.272927745886,102571.14069349265,95606.88001475613,336420.6572138084,31281.15932341126,0.08608082935179635,3.0135099582271576,False,1
688,370983.7829804543,30108.553515534604,-0.49216995511214817,-0.5032219399310934,11.361085321196056,33.54304664954226,-0.9606440941209498,-0.9606440941209498,0.0298124382787854,0.9999999934143736,1,0.0,0.2777821504188625,-0.2777821504188625,0.0,0.0,0,45728.678963207756,102596.57630950029,95585.9012308831,336363.18863420794,31352.182659968108,0.08634097503337815,3.013724637491503,False,1
689,370896.1796310961,30156.778542037617,-0.49123032251176096,-0.4981015727571224,11.368969424611908,33.97886114934681,-0.96308699755042,-0.96308699755042,0.0294300624445656,0.9999999955293308,1,0.0,0.2691903307989264,-0.2691903307989264,0.0,0.0,0,45685.57457164151,102620.21431325722,95564.2175663837,336305.9376555963,31423.002789629307,0.08660112071495984,3.0139405873165206,False,1
690,370808.33051765285,30204.554406940668,-0.4902933780151954,-0.4929942295823664,11.37680074276559,34.41915440277404,-0.9654538189571842,-0.9654538189571842,0.0290535894627959,1.000000015411702,1,0.0,0.260574224308536,-0.260574224308536,0.0,0.0,0,45641.96431706962,102642.06125712933,95541.82892365858,336248.9027856679,31493.62000289518,0.08686126639654153,3.0141578022115376,False,1
691,370720.23856447387,30251.881014521598,-0.48935909253799176,-0.4878965834291612,11.384579370440315,34.86397116440717,-0.9677442696300088,-0.9677442696300088,0.0286829062540846,0.999999986218671,1,0.0,0.2519345665568924,-0.2519345665568924,0.0,0.0,0,45597.852859226114,102662.12345358804,95518.73542350678,336192.08253156894,31564.034748006292,0.0871214120781232,3.014376276585109,False,1
692,370631.90646567976,30298.757877925807,-0.48842744073397826,-0.4828098506319392,11.392305404968194,35.313354170834856,-0.9699580900908504,-0.9699580900908504,0.0283178996602961,0.999999983295937,1,0.0,0.2432720701034786,-0.2432720701034786,0.0,0.0,0,45553.24462427874,102680.40781754878,95494.93681631883,336135.4754082253,31634.247148516195,0.08738155775970477,3.0145960050284937,False,1
693,370543.33705126576,30345.184797168393,-0.4874983953876735,-0.4777344137221193,11.39997894669335,35.76734808364735,-0.9720950232860492,-0.9720950232860492,0.0279584611163723,0.9999999911940158,1,0.0,0.2345874333280244,-0.2345874333280244,0.0,0.0,0,45508.14417939872,102700.20976377606,95470.43314598274,336079.07992728293,31704.2575499444,0.0876417034412864,3.0148169819962365,False,1
694,370454.53315101133,30391.16160979849,-0.4865719294749559,-0.4726694749421442,11.40760009850894,36.22599803314312,-0.9741548244888704,-0.9741548244888704,0.0276044847772516,0.999999990695304,1,0.0,0.2258813316373086,-0.2258813316373086,0.0,0.0,0,45462.55609201081,102720.55541922421,95445.22450730903,336022.8946029751,31774.066318617537,0.08790184912286836,3.0150392019249823,False,1
695,370365.4975210825,30436.688048305954,-0.48564801732536117,-0.4676159487158176,11.415168966018456,36.68934882158983,-0.9761372664501506,-0.9761372664501506,0.0272558665394527,1.0000000043045512,1,0.0,0.2171544101376097,-0.2171544101376097,0.0,0.0,0,45416.48485611263,102739.1539550257,95419.31090307697,335966.91795231367,31843.673726837256,0.08816199480445,3.015262659297873,False,1
696,370276.23297532246,30481.763993889534,-0.4847266325305136,-0.4625737768513133,11.42268565730889,37.15744636469936,-0.9780421298949712,-0.9780421298949712,0.0269125056032387,1.0000000137775125,1,0.0,0.208407281252602,-0.208407281252602,0.0,0.0,0,45369.93502434768,102756.01167029665,95392.69249649829,335911.14849405165,31913.080157537934,0.0884221404860318,3.015487348530991,False,1
697,370186.74229974824,30526.389311650473,-0.48380774929433673,-0.4575437466510345,11.430150282984286,37.63033675806248,-0.9798692095927476,-0.9798692095927476,0.0265743033327728,1.000000013737666,1,0.0,0.1996405140035174,-0.1996405140035174,0.0,0.0,0,45322.91112135135,102771.13495397619,95365.36944740385,335855.5847499879,31982.28597137641,0.08868228616761335,3.0157132640476765,False,1
698,370097.0282905297,30570.563925966195,-0.4828913418091002,-0.4525225827649304,11.43756295602492,38.10806676054208,-0.981618311496063,-0.981618311496063,0.0262411636093634,0.9999999878689596,1,0.0,0.1908546252170963,-0.1908546252170963,0.0,0.0,0,45275.41768149054,102784.53013923827,95337.34198775142,335800.22524521046,32051.291567572498,0.08894243184919512,3.0159404002461527,False,1
699,370007.0935754623,30614.287455395217,-0.48197738722656497,-0.4475148298917559,11.444923792496256,38.59068157246197,-0.9832892653642344,-0.9832892653642344,0.0259129908452581,1.0000000180521256,1,0.0,0.1820500597897323,-0.1820500597897323,0.0,0.0,0,45227.45907237899,102796.20406550792,95308.61004975354,335745.06850476924,32120.097089645897,0.08920257753077662,3.016168751653966,False,1
700,369916.94107598095,30657.560158538072,-0.48106585793029205,-0.4425178230021064,11.45223290976248,39.07823039207303,-0.9848818920308658,-0.9848818920308658,0.0255896950655302,1.0000000005217045,1,0.0,0.1732271883881863,-0.1732271883881863,0.0,0.0,0,45179.03995182994,102806.16264645466,95279.17422702565,335690.1130615734,32188.703188355634,0.08946272321235856,3.0163983125311638,False,1
701,369826.5734403445,30700.38177024821,-0.4801567310364298,-0.4375320038080319,11.459490428342871,39.57075983861967,-0.9863960430086542,-0.9863960430086542,0.025271185370922,0.9999999941563908,1,0.0,0.1643862677574998,-0.1643862677574998,0.0,0.0,0,45130.16470586549,102816.56912088214,95249.0345921762,335635.35744805064,32257.11008267448,0.08972286889394002,3.0166290773562907,False,1
702,369735.9934135752,30742.752264114424,-0.4792499821563609,-0.4325567656069104,11.466696470930868,40.06831784810862,-0.9878315751112682,-0.9878315751112682,0.0249573743627243,0.9999999929256774,1,0.0,0.155527417742442,-0.155527417742442,0.0,0.0,0,45080.837816069194,102828.62069988482,95218.1914710762,335580.8002009416,32325.31817536744,0.08998301457552156,3.016861040510553,False,1
703,369645.2037009853,30784.671568591548,-0.4783455877089119,-0.427593204736404,11.47385116235404,40.57095278990633,-0.9891883588283736,-0.9891883588283736,0.0246481761055516,1.0000000090352732,1,0.0,0.1466505799141235,-0.1466505799141235,0.0,0.0,0,45031.06372297084,102838.98690319456,95186.64515352766,335526.43986037123,32393.327823826883,0.09024316025710341,3.017094196395028,False,1
704,369554.20707119955,30826.139789769346,-0.477443523105679,-0.4226424162805341,11.48095462940858,41.0787141368795,-0.990466272100336,-0.990466272100336,0.0243435075228021,1.0000000110922564,1,0.0,0.1377554576758482,-0.1377554576758482,0.0,0.0,0,44980.84692741698,102847.67386157693,95154.39612352669,335472.2749728927,32461.139519929126,0.0905033059386852,3.0173285393429103,False,1
705,369463.00625703426,30867.156999518145,-0.4765437644708036,-0.4177007492155821,11.488007000892438,41.59165152533632,-0.9916652065987392,-0.9916652065987392,0.0240432871239867,0.9999999839193486,1,0.0,0.1288414316639001,-0.1288414316639001,0.0,0.0,0,44930.19189204776,102854.68771622992,95121.44484144163,335418.30408973637,32528.753718969612,0.09076345162026675,3.0175640637041745,False,1
706,369371.60382414056,30907.722936720475,-0.47564629104921097,-0.4127711545436829,11.4950084091546,42.10981294705,-0.992785076772046,-0.992785076772046,0.0237474337125541,1.0000000069670183,1,0.0,0.1199074341515445,-0.1199074341515445,0.0,0.0,0,44879.10291737254,102860.03512669704,95087.79142973867,335364.5257565312,32596.17059860657,0.09102359730184838,3.017800763955041,False,1
707,369280.00256828166,30947.83789558983,-0.4747510779969742,-0.4078537969118261,11.501958986646544,42.633249960258894,-0.993825792351541,-0.993825792351541,0.0234558703145521,1.0000000147360886,1,0.0,0.1109517803586226,-0.1109517803586226,0.0,0.0,0,44827.584522335266,102863.72196085461,95053.43659871793,335310.93853685947,32663.390776469507,0.0912837429834302,3.018038634367905,False,1
708,369188.20516109135,30987.50193513623,-0.47385810279600776,-0.4029482888015312,11.50885886866624,43.16201308813213,-0.9947872827460936,-0.9947872827460936,0.0231685205378605,1.0000000109982865,1,0.0,0.1019718804339756,-0.1019718804339756,0.0,0.0,0,44775.64110320137,102865.75455030434,95018.38082454047,335257.54099333007,32730.414671299546,0.09154388866501198,3.018277669305121,False,1
709,369096.2142901569,31026.715193923483,-0.4729673426918129,-0.3980528507502434,11.515708192178565,43.6961535467848,-0.9956694873383618,-0.9956694873383618,0.0228853100001853,0.9999999838482914,1,0.0,0.0929638015583434,-0.0929638015583434,0.0,0.0,0,44723.27706798114,102866.13897375048,94982.62467656343,335204.33169552626,32797.24275750041,0.0918040343465936,3.0185178631038734,False,1
710,369004.032515246,31065.47755162103,-0.4720787774215827,-0.3931685492062648,11.522507097505262,44.23572147233821,-0.9964723650211456,-0.9964723650211456,0.0226061648226199,0.9999999913030048,1,0.0,0.0839215335663307,-0.0839215335663307,0.0,0.0,0,44670.49670142995,102869.96254180408,94946.16845917646,335151.3092076162,32863.87529165926,0.09206418002817522,3.018759210193472,False,1
711,368911.66252492496,31103.789232452255,-0.471192384328605,-0.3882962878396743,11.529255725250811,44.78076928569138,-0.997195876698749,-0.997195876698749,0.022331014110935,1.000000007596599,1,0.0,0.0748357206164753,-0.0748357206164753,0.0,0.0,0,44617.30440594588,102872.49285042206,94909.01284854164,335098.4721101233,32930.312800583044,0.09232432570975713,3.019001704887778,False,1
712,368819.1069928802,31141.65047236708,-0.4703081410575666,-0.3834358940742626,11.535954217889156,45.33134982231356,0.0220597884628079,-0.9978399951474632,-0.9978399951474632,1.0000000100568154,1,0.0,0.0,0.0656912947872739,-0.0656912947872739,0.0,0,44563.70456538879,102873.40359855593,94871.1585438977,335045.8189895161,32996.55581201792,0.09258447139133857,3.019245341501377,False,1
713,368726.36853426,31179.06141051023,-0.46942602642190634,-0.3785860292553745,11.542602720214225,45.88751567492677,0.0217924195698518,-0.9984047077324996,-0.9984047077324996,1.0000000044712989,1,0.0,0.0,0.056462735507278,-0.056462735507278,0.0,0,44509.70150429889,102872.70079766889,94832.60615084131,334993.34843381116,33062.604766939876,0.09284461707292015,3.0194901143848645,False,1
714,368633.44972901297,31216.022141448062,-0.4685460199720899,-0.3737484864734826,11.549201379052583,46.44931952671123,0.0215288404044336,-0.9988900146751722,-0.9988900146751722,1.0000000107066669,1,0.0,0.0,0.0471035125318859,-0.0471035125318859,0.0,0,44455.29951044993,102870.3906515305,94793.35623497429,334941.0590336034,33128.460061945494,0.09310476275450194,3.019736017906147,False,1
715,368540.3532125759,31252.532942963437,-0.46766810015597826,-0.368922060274296,11.555750342059214,47.01681546536004,0.0212689859811299,-0.999295922958528,-0.999295922958528,1.0000000090573236,1,0.0,0.0,0.0375187991866829,-0.0375187991866829,0.0,0,44400.50291779294,102866.47906206107,94753.40956631218,334888.9493928093,33194.122233712675,0.09336490843608375,3.0199830463796244,False,1
716,368447.08156444255,31288.593997502965,-0.46679224656111457,-0.3641068037487532,11.56224975930234,47.59005736548193,0.0210127923240609,-0.9996224537411902,-0.9996224537411902,1.000000006501972,1,0.0,0.0,0.0274763782564337,-0.0274763782564337,0.0,0,44345.3160039832,102860.9721371825,94712.76682121646,334837.01811614796,33259.591733453046,0.09362505411766564,3.02023119415316,False,1
717,368353.63735507824,31324.205508791616,-0.4659184389668192,-0.3593042330835581,11.568699782279342,48.1690995834183,0.0207601968586435,-0.9998696389803174,-0.9998696389803174,1.0000000083481364,1,0.0,0.0,0.016146418885612,-0.016146418885612,0.0,0,44289.743032935134,102853.87588371847,94671.42870647908,334785.2638148268,33324.869021481034,0.09388519979924706,3.0204804555722475,False,1
718,368260.02319797466,31359.36784076493,-0.4650466562245344,-0.3545115734671792,11.575100563230876,48.75399779487087,0.0205111387828023,-1.008700094357167,-0.9913749416672798,0.9999999878104532,1,0.0,0.0,0.0,0.0,0.0,0,44233.788301264576,102846.39835418673,94629.39611062552,334733.68511437596,33389.954679837916,0.09414534548082894,3.020730824940778,False,1
719,368166.2415660332,31394.081030050856,-0.46417688017218833,-0.3497311427600543,11.58145225818565,49.34480605814321,0.0202655575519548,-1.0160106231611306,-0.984241676075582,0.9999999942886328,1,0.0,0.0,0.0,0.0,0.0,0,44177.45597443974,102841.47643022248,94586.66957449452,334682.280627298,33454.84901716709,0.09440549116241054,3.0209822966588105,False,0
720,368072.2950674886,31428.34552203909,-0.4633090897082561,-0.3449608886772559,11.587755022074877,49.94158119401756,0.020023395103584,-1.016603981111761,-0.9836672059682894,0.9999999899781266,1,0.0,0.0,0.0,0.0,0.0,0,44120.75033194962,102834.99257149585,94543.25009010384,334631.0489951264,33519.55266571705,0.09466563684399229,3.02123486501792,False,0
721,367978.186188123,31462.161477216257,-0.4624432663680552,-0.3402035751529749,11.594009013388002,50.544378742091936,0.0197845936922062,-1.0115489150262496,-0.9885829401530156,1.0000000026353804,1,0.0,0.0,0.0,0.0,0.0,0,44063.675538694195,102826.9528924606,94499.13834684325,334579.98884839483,33584.06601862522,0.09492578252557389,3.0214885243908696,False,0
722,367883.9175124921,31495.529377881732,-0.4615793894414236,-0.3354561563312724,11.600214389715138,51.15325650532878,0.019549097655424,-0.9999172328200276,-0.9999172328200276,0.9999999944957172,1,0.0,0.0,0.0128656984903892,-0.0128656984903892,0.0,0,44006.23583872744,102817.362952912,94454.33539337311,334529.09884402424,33648.38972239282,0.0951859282071559,3.021743269071833,False,1
723,367789.49147711217,31528.44933903623,-0.460717441504447,-0.3307218980495699,11.606371313015764,51.76827045739368,0.019316851443032,-0.9996896098374032,-0.9996896098374032,1.0000000083051583,1,0.0,0.0,0.0249135664191653,-0.0249135664191653,0.0,0,43948.435340844444,102806.22883825161,94408.84188283455,334478.3776211109,33712.52411746945,0.09544607388873753,3.0219990934521896,False,1
724,367694.9106709947,31560.921960029398,-0.4598574015746613,-0.3259974655134289,11.612479942752987,52.38947985056069,0.0190878019021667,-0.9993831587391336,-0.9993831587391336,0.9999999893378784,1,0.0,0.0,0.0351183647929207,-0.0351183647929207,0.0,0,43890.27827717422,102793.55601454565,94362.6590079987,334427.8238578223,33776.46993003885,0.09570621957031908,3.022255991810172,False,1
725,367600.17748461076,31592.94731557086,-0.4589992532086325,-0.321284463710832,11.618540444242951,53.01694116261632,0.0188618955824644,-0.9989980023208116,-0.9989980023208116,0.999999993288765,1,0.0,0.0,0.044754773586891,-0.044754773586891,0.0,0,43831.76870299457,102779.35064981617,94315.78739043465,334377.4362022865,33840.22745224028,0.09596636525190096,3.0225139585531657,False,1
726,367505.29440681194,31624.525813752465,-0.4581429776040204,-0.3165840336214868,11.62455298151198,53.65071324230881,0.0186390809614893,-0.9985342662551836,-0.9985342662551836,1.0000000100243949,1,0.0,0.0,0.0541232050645162,-0.0541232050645162,0.0,0,43772.910750220355,102763.61848341627,94268.22802492994,334327.21333148103,33903.79723972615,0.09622651093348238,3.022772988014954,False,1
727,367410.2639784731,31655.658074989584,-0.45728855457653855,-0.3118942295576923,11.630517717720462,54.29085655421123,0.0184193080408615,-0.9979920820514524,-0.9979920820514524,0.9999999913599884,1,0.0,0.0,0.0633387884912181,-0.0633387884912181,0.0,0,43713.70858408447,102747.69291499021,94219.98215029274,334277.15394668037,33967.1800132433,0.09648665661506414,3.023033074490132,False,1
728,367315.0885670415,31686.344245471195,-0.456435968060489,-0.3072141040459224,11.636434821865189,54.93742929450432,0.0182025266093059,-0.9973716020830246,-0.9973716020830246,0.9999999849180052,1,0.0,0.0,0.0724560822534476,-0.0724560822534476,0.0,0,43654.16621789173,102734.18357857733,94171.05048522548,334227.2567194199,34030.37610016339,0.09674680229664574,3.023294212379442,False,1
729,367219.7705770882,31716.584628922075,-0.45558520102859207,-0.302548086426774,11.642304462927706,55.59049077296372,0.0179886879169751,-0.9966729852541324,-0.9966729852541324,1.00000000847399,1,0.0,0.0,0.0815043699675971,-0.0815043699675971,0.0,0,43594.28768854862,102719.17413821121,94121.43392751746,334177.52033852995,34093.38594877002,0.0970069479782274,3.023556396053234,False,1
730,367124.3125494,31746.380013629758,-0.4547362328746156,-0.2978915510648822,11.648126806187724,56.25010353433892,0.0177777452470217,-0.9958963903890592,-0.9958963903890592,0.9999999912987124,1,0.0,0.0,0.0905007047534894,-0.0905007047534894,0.0,0,43534.07713288808,102702.66953120042,94071.13392415579,334127.9435405128,34156.21039460763,0.09726709365980901,3.023819619793724,False,1
731,367028.716794044,31775.730508649653,-0.45388904874181435,-0.2932467765480033,11.65390202502324,56.9163267466384,0.0175696512020088,-0.9950420007736668,-0.9950420007736668,0.9999999930224414,1,0.0,0.0,0.0994555933025824,-0.0994555933025824,0.0,0,43473.53849283635,102684.67580751053,94020.15116860486,334078.5250127491,34218.84971245495,0.09752723934139074,3.0240838780176564,False,1
732,366932.98574161954,31804.63666027377,-0.4530436305582806,-0.2886130839275657,11.659630289597947,57.5892223716519,0.0173643603257775,-0.9941100003339058,-0.9941100003339058,0.9999999934242488,1,0.0,0.0,0.1083757614532599,-0.1083757614532599,0.0,0,43412.675797758624,102665.19844328817,93968.48684918214,334029.26348581363,34281.3045263555,0.09778738502297253,3.024349165065451,False,1
733,366837.1217774589,31833.098922576617,-0.4521999612848363,-0.2839894926211888,11.66531177212027,58.26885227025532,0.0171618278215397,-0.993100584771606,-0.993100584771606,0.9999999918942856,1,0.0,0.0,0.1172656241702493,-0.1172656241702493,0.0,0,43351.49303099478,102644.24298684447,93916.1420571975,333980.1576900407,34343.57537796363,0.09804753070455413,3.0246154752997523,False,1
734,366741.12724056916,31861.117646447154,-0.4513580249956444,-0.2793789921824817,11.670946647160523,58.95527807545925,0.0169620095586476,-0.9920139615092608,-0.9920139615092608,1.0000000080019886,1,0.0,0.0,0.1261281171028341,-0.1261281171028341,0.0,0,43289.99413054722,102621.81522280305,93863.11777259097,333931.2063531758,34405.662717654326,0.09830767638613593,3.024882803104416,False,1
735,366645.00456267514,31888.693556123777,-0.45051780305508116,-0.2747786893730732,11.67653508621301,59.64856410613966,0.0167648629573943,-0.9908503402164984,-0.9908503402164984,0.9999999977358738,1,0.0,0.0,0.1349651907344038,-0.1349651907344038,0.0,0,43228.18309416948,102597.92027275512,93809.41540379486,333882.4082454863,34467.567293565226,0.09856782206771775,3.025151142810921,False,1
736,366548.7560356472,31915.826949662172,-0.44967928052635664,-0.2701896131455645,11.682077266476108,60.34877249121065,0.016570345446383,-0.989609948442343,-0.989609948442343,0.9999999939912624,1,0.0,0.0,0.1437781224978853,-0.1437781224978853,0.0,0,43166.063802963414,102572.66869443833,93755.03588254942,333833.76210493286,34529.289498742546,0.09882796774929892,3.0254204888202647,False,1
737,366452.3839963176,31942.51833470436,-0.4488424410640183,-0.2656116601218881,11.687573364064926,61.05596704006224,0.0163784156609585,-0.9882930189571004,-0.9882930189571004,0.9999999945498208,1,0.0,0.0,0.1525677140429897,-0.1525677140429897,0.0,0,43103.640161719115,102551.04376504156,93699.98038263833,333785.2666962708,34590.829890632755,0.09908811343088071,3.025690835507226,False,1
738,366355.89077537396,31968.768254931332,-0.4480072683053996,-0.2610436038226214,11.69302355559494,61.77021223299289,0.0161890330681318,-0.9868997931689174,-0.9868997931689174,0.999999993153447,1,0.0,0.0,0.1613344247957818,-0.1613344247957818,0.0,0,43040.91605934041,102527.97734812732,93644.25012451364,333736.92079564417,34652.18904930652,0.0993482591124624,3.0259621772473246,False,1
739,366259.27865050256,31994.577116352244,-0.4471737472590515,-0.2564890341810206,11.69842802027457,62.491572046422085,0.016002157690068,-0.9854305241367074,-0.9854305241367074,1.000000008054435,1,0.0,0.0,0.1700784638159211,-0.1700784638159211,0.0,0,42977.89533526468,102503.47507315382,93587.84617628036,333688.7231728495,34713.36743543354,0.09960840479404434,3.0262345084377644,False,1
740,366162.54999695247,32019.945750181392,-0.4463418597866057,-0.2519430562113993,11.703786933019694,63.22011348036175,0.0158177509911474,-0.983885466157468,-0.983885466157468,0.9999999897304752,1,0.0,0.0,0.1787998520373674,-0.1787998520373674,0.0,0,42914.581885584164,102477.54166738075,93530.77009848024,333640.67265012494,34774.3658510097,0.09986855047562565,3.026507823432949,False,1
741,366065.70699656074,32044.874313621083,-0.4455115934196164,-0.2474088305224645,11.70910047822499,63.95589978378468,0.0156357740789725,-0.9822648948137046,-0.9822648948137046,1.0000000000211633,1,0.0,0.0,0.1874984702802242,-0.1874984702802242,0.0,0,42850.979459575436,102450.18314144234,93473.02268407981,333592.76798645966,34835.18453937571,0.10012869615720779,3.0267821166647977,False,1
742,365968.7519731741,32069.36356514267,-0.44468293111575075,-0.2428864902506136,11.714368833450129,64.69899855401584,0.0154561896872822,-0.980569083623534,-0.980569083623534,1.000000004766712,1,0.0,0.0,0.1961740891310692,-0.1961740891310692,0.0,0,42787.09189285559,102421.40451989144,93414.60541993643,333545.00801244425,34895.82422999753,0.10038884183878932,3.0270573825082567,False,1
743,365871.6872009793,32093.41413683535,-0.443855857103329,-0.2383734416912752,11.71959217870236,65.44947693066341,0.015278961053801,-0.978798317190821,-0.978798317190821,0.9999999926949988,1,0.0,0.0,0.204826396133926,-0.204826396133926,0.0,0,42722.922973301494,102391.21103580084,93355.51965431838,333497.3915543064,34956.28554219104,0.1006489875203708,3.0273336153576933,False,1
744,365774.5148603316,32117.026341583634,-0.44303035842231636,-0.2338727480349516,11.724770699190936,66.20740024006194,0.0151040516991084,-0.9769528941353722,-0.9769528941353722,1.000000003246233,1,0.0,0.0,0.213455014708568,-0.213455014708568,0.0,0,42658.47641504137,102359.60834274873,93295.76637096236,333449.9174099844,35016.5688269453,0.10090913320195279,3.0276108096373484,False,1
745,365677.2372485264,32140.201031257533,-0.4422064180264211,-0.2293820487188518,11.729904573517071,66.97283787976454,0.0149314265150098,-0.9750331123007592,-0.9750331123007592,0.9999999940901574,1,0.0,0.0,0.222059515723475,-0.222059515723475,0.0,0,42593.755994685984,102326.60145627051,93235.34718101061,333402.5844469535,35076.674871276286,0.10116927888353448,3.027888959735998,False,1
746,365579.8565320605,32162.938578630863,-0.44138402296362267,-0.2249026463574,11.734993987837202,67.74585663342839,0.0147610503828941,-0.973039286245517,-0.973039286245517,0.9999999976016418,1,0.0,0.0,0.2306394303204226,-0.2306394303204226,0.0,0,42528.765392307134,102294.90151875801,93174.26314594745,333355.3914858139,35136.604062368475,0.10142942456511583,3.028168060079924,False,1
747,365482.3749497937,32185.23972476262,-0.44056315755761943,-0.2204335206964308,11.74003912376024,68.52652579656754,-0.9709717322797572,-0.9709717322797572,0.0145928893731451,0.9999999918159548,1,0.0,0.23919425833768,-0.23919425833768,0.0,0.0,0,42463.5083194435,102264.2288521727,93112.51575843335,333308.3373986399,35196.35708379413,0.10168957024669785,3.028448105078043,False,1
748,365384.79466737685,32207.104959347056,-0.4397438083898848,-0.2159746398878117,11.7450401672999,69.31491396931402,-0.9688307794801744,-0.9688307794801744,0.0144269097477857,0.999999993499116,1,0.0,0.2477234732904302,-0.2477234732904302,0.0,0.0,0,42397.9884293495,102232.17654648052,93050.106223527,333261.4210359288,35255.93440621266,0.10194971592827935,3.0287290891569056,False,1
749,365287.1178608348,32228.534879173374,-0.4389259614105074,-0.2115280080957563,11.749997303764571,70.11109047490217,-0.9666167628622652,-0.9666167628622652,0.0142630786057732,1.0000000044927837,1,0.0,0.2562265300124803,-0.2562265300124803,0.0,0.0,0,42332.20936805417,102198.74978349886,92987.0358744181,333214.6412690537,35315.33658224364,0.10220986160986122,3.0290110067419502,False,1
750,365189.34674343147,32249.530321576847,-0.43810960086217055,-0.2070913055995877,11.7549107152258,70.91512669303316,-0.9643300215026368,-0.9643300215026368,0.0141013639005643,0.9999999938630784,1,0.0,0.2647028677757757,-0.2647028677757757,0.0,0.0,0,42266.174786785035,102163.9532889205,92923.30633049934,333167.99700891844,35374.56435648021,0.10247000729144297,3.0292938522575064,False,1
751,365091.48341887776,32270.091686008414,-0.43729471474055875,-0.2026641269962476,11.759780591278757,71.72709170879772,-0.9619709095695368,-0.9619709095695368,0.0139417336368682,0.9999999941916798,1,0.0,0.2731519134056053,-0.2731519134056053,0.0,0.0,0,42199.88826144877,102127.7925599825,92858.91870318007,333121.4871196835,35433.618106737245,0.1027301529730246,3.029577620143,False,1
752,364993.53003009845,32290.21961751285,-0.4364812892820657,-0.1982494399203842,11.764607118487437,72.54705658230685,-0.9595397848414609,-0.9595397848414609,0.0137841566907467,1.0000000038416144,1,0.0,0.2815730847979386,-0.2815730847979386,0.0,0.0,0,42133.353375454084,102090.2726928391,92793.87439415437,333075.11050452973,35492.49840729875,0.10299029865460627,3.029862304836114,False,1
753,364895.48875086394,32309.914986665346,-0.4356693091240781,-0.1938432736633712,11.76939048015864,73.3750942601508,0.0136286027315259,-0.9570370091077544,-0.9570370091077544,0.999999991798764,1,0.0,0.0,0.2899657933953758,-0.2899657933953758,0.0,0,42066.57371082838,102051.3983925763,92728.1750752556,333028.8661060981,35551.2060126078,0.10325044433618794,3.030147900779954,False,1
754,364797.3616247863,32329.17808942059,-0.4348587637560828,-0.1894489762731647,11.774130869741098,74.21127445020058,0.0134750413567912,-0.9544629608720906,-0.9544629608720906,1.0000000063323666,1,0.0,0.0,0.2983294447999938,-0.2983294447999938,0.0,0,41999.55277027725,102011.17542351827,92661.8217456243,332982.7527988959,35609.74119692964,0.10351059001776974,3.030434402419634,False,1
755,364699.15081594023,32348.00989830342,-0.43404963741659347,-0.185065755745196,11.778828470010785,75.05567164629757,0.0133234434108925,-0.9518180151849742,-0.9518180151849742,1.0000000051158553,1,0.0,0.0,0.3066634425730377,-0.3066634425730377,0.0,0,41932.294097991195,101969.60816330533,92594.81620496199,332936.769557247,35668.10478757047,0.10377073569935137,3.030721804211093,False,1
756,364600.85840682813,32366.41104802094,-0.4332419172843094,-0.1806906332844183,11.783483469835463,75.9083585968829,0.0131737799008543,-0.9491025597906322,-0.9491025597906322,0.9999999928241246,1,0.0,0.0,0.3149671877907717,-0.3149671877907717,0.0,0,41864.80118244322,101930.63943536379,92527.15985970938,332890.91531962255,35726.29732693434,0.10403088138093297,3.03101010061117,False,1
757,364502.48641935154,32384.3819155543,-0.43243559282670335,-0.1763280948470698,11.788096063201108,76.76940682946292,0.0130260221070656,-0.9463169935604238,-0.9463169935604238,1.0000000078757614,1,0.0,0.0,0.3232400800066273,-0.3232400800066273,0.0,0,41797.07747183979,101891.46762419405,92458.85381311107,332845.1889959222,35784.31913853842,0.10429102706251452,3.031299286070031,False,1
758,364404.0369814041,32401.92352801845,-0.4316306484550981,-0.1719757436080609,11.792666433340994,77.63889268123167,-0.9434617123596156,-0.9434617123596156,0.0128801424017529,1.0000000052829594,1,0.0,0.3314815204192582,-0.3314815204192582,0.0,0.0,0,41729.12644013326,101850.97503808698,92389.8999423745,332799.5895969652,35842.1710783864,0.10455117274409628,3.0315893550662434,False,1
759,364305.51212889847,32419.036489151087,-0.43082707220983185,-0.1676323773650799,11.797194771146678,78.51688986818101,-0.94053712538104,-0.94053712538104,0.0127361132936988,0.9999999960673428,1,0.0,0.3396909107958479,-0.3396909107958479,0.0,0.0,0,41660.95150621509,101809.16651678926,92320.2996273731,332754.11608349707,35899.85364632748,0.1048113184256778,3.0318803020661425,False,1
760,364206.9138668873,32435.721294465555,-0.43002485320498474,-0.1633007214216658,11.801681270238795,79.40347202427637,-0.9375436503880368,-0.9375436503880368,0.0125939076547014,1.0000000049000808,1,0.0,0.3478676538298845,-0.3478676538298845,0.0,0.0,0,41592.55606261233,101766.04735165607,92250.05412098588,332708.7674080792,35957.367246962815,0.10507146410725966,3.032172121530851,False,1
761,364108.2442681944,32451.978917101747,-0.42922397687717817,-0.1589789929720973,11.806126115838522,80.298716539948,-0.9344817046501164,-0.9344817046501164,0.0124534992068411,0.999999997791162,1,0.0,0.3560111559222462,-0.3560111559222462,0.0,0.0,0,41523.94350538205,101721.6220045938,92179.16524862063,332663.54260313103,36014.712675615156,0.10533160978884115,3.032464807956317,False,1
762,364009.5053195015,32467.809899731325,-0.4284244323481427,-0.1546668709525431,11.810529501524073,81.20269813859332,-0.9313517184116262,-0.9313517184116262,0.0123148618095655,0.999999994968624,1,0.0,0.3641208254113709,-0.3641208254113709,0.0,0.0,0,41455.11718491238,101675.89559908607,92107.63432608261,332618.4406466008,36071.89036497107,0.10559175547042289,3.032758355812478,False,1
763,363910.6990238864,32483.21496210832,-0.42762620749067687,-0.1503652427139548,11.81489161802264,82.11549331872097,-0.9281541257807476,-0.9281541257807476,0.0121779698967018,0.9999999953418742,1,0.0,0.3721960743545485,-0.3721960743545485,0.0,0.0,0,41386.080438459816,101628.8730562738,92035.46288298852,332573.46055166,36128.90088944077,0.10585190115200475,3.0330527595854635,False,1
764,363811.82737578015,32498.194855323596,-0.4268292901096505,-0.1460736860022045,11.81921265583881,83.03717910623362,-0.9248893666789764,-0.9248893666789764,0.0120427983822539,0.9999999949096858,1,0.0,0.3802363190013829,-0.3802363190013829,0.0,0.0,0,41316.83658146765,101580.55927206129,91962.65248980271,332528.60134569346,36185.744844226894,0.10611204683358641,3.0333480137681947,False,1
765,363712.89235083474,32512.75029551091,-0.4260336684782776,-0.1417911926929154,11.823492806507144,83.9678329499101,-0.9215578879530716,-0.9215578879530716,0.0119093225520254,0.999999994580381,1,0.0,0.3882409792602522,-0.3882409792602522,0.0,0.0,0,41247.38890540274,101530.95890538792,91889.20467824733,332483.8620600678,36242.42279025336,0.10637219251516794,3.033644112853875,False,1
766,363613.8959001696,32526.881918053856,-0.42523933170845757,-0.1375208592743842,11.82773226354893,84.90753198680906,-0.9181601436164252,-0.9181601436164252,0.0117775180900304,1.0000000050796765,1,0.0,0.3962094794934722,-0.3962094794934722,0.0,0.0,0,41177.74067812989,101483.92525857144,91815.12088541393,332439.24172229925,36298.93521604372,0.10663233819674943,3.0339410513291774,False,1
767,363514.84001477953,32540.590731627533,-0.42444626604927166,-0.133259063213899,11.831931213224534,85.85635648215289,-0.9146965882904998,-0.9146965882904998,0.0116473613245017,0.999999995103266,1,0.0,0.4041412504509251,-0.4041412504509251,0.0,0.0,0,41107.895150506985,101436.77764757189,91740.40300135664,332394.7394296128,36355.28291605136,0.10689248387833129,3.034238823729796,False,1
768,363415.7265960576,32553.87719952761,-0.42365446237384374,-0.1290077637151013,11.836089853187447,86.8143834034186,-0.911167690563168,-0.911167690563168,0.0115188286243992,0.99999999625536,1,0.0,0.4120357252217928,-0.4120357252217928,0.0,0.0,0,41037.85554347513,101388.36599930146,91665.0522618345,332350.3542006005,36411.46622501048,0.10715262955991318,3.034537424525805,False,1
769,363316.5575884165,32566.742187809188,-0.4228639084413549,-0.1247650057530877,11.840208373195267,87.78169290833435,-0.9075739188389118,-0.9075739188389118,0.0113918970244282,0.9999999948449764,1,0.0,0.419892344243679,-0.419892344243679,0.0,0.0,0,40967.62506027089,101338.69483155702,91589.07039047296,332306.0851282883,36467.485808653866,0.10741277524149484,3.034836848242935,False,1
770,363217.33489047765,32579.1863114715,-0.4220745942336764,-0.1205339255579194,11.844286968491453,88.75836388280361,-0.9039157509083312,-0.9039157509083312,0.0112665437882709,1.0000000056816418,1,0.0,0.4277105520246865,-0.4277105520246865,0.0,0.0,0,40897.20688152639,101287.7690799418,91512.45881005531,332261.9312735322,36523.342118149805,0.10767292092307641,3.03513708937346,False,1
771,363118.06043791486,32591.210581443698,-0.4212865066630289,-0.1163117293342669,11.848325826126636,89.74447838838059,-0.9001936643270296,-0.9001936643270296,0.011142746795787,1.0000000008883936,1,0.0,0.4354898010444667,-0.4354898010444667,0.0,0.0,0,40826.604162454314,101235.59303649691,91435.21942596177,332217.89177354006,36579.03593068257,0.10793306660465814,3.035438142474737,False,1
772,363018.73609660234,32602.815546881735,-0.420499636588584,-0.1121001112862388,11.852325143318364,90.74011579542952,-0.8964081489255206,-0.8964081489255206,0.0110204840190996,1.0000000033951588,1,0.0,0.4432295467718362,-0.4432295467718362,0.0,0.0,0,40755.82004039228,101182.17175558575,91357.35358650441,332173.9656969931,36634.56763244973,0.10819321228623967,3.035740002032301,False,1
773,362919.36376439256,32614.002127734613,-0.419713971994825,-0.1078969231202079,11.856285109416472,91.7453583874474,-0.8925596943735212,-0.8925596943735212,0.0108997340201181,0.9999999966991364,1,0.0,0.450929253077988,-0.450929253077988,0.0,0.0,0,40684.85762486892,101127.50969786952,91278.86309241413,332130.15218535,36689.93791519816,0.10845335796782127,3.036042662597428,False,1
774,362819.94528359635,32624.770863787842,-0.4189295041471337,-0.1037047035101376,11.860205922424722,92.76028641876196,-0.8886488012443603,-0.8886488012443603,0.0107804754909384,1.000000004869022,1,0.0,0.458588387234155,-0.458588387234155,0.0,0.0,0,40613.72001258406,101071.6117925211,91199.74928408934,332086.45032332063,36745.14714748807,0.10871350364940299,3.036346118654171,False,1
775,362720.4825385837,32635.122788949182,-0.41814622041206545,-0.0995214101516532,11.864087769465222,93.78498387262913,-0.8846759679010422,-0.8846759679010422,0.0106626877547764,1.0000000008015315,1,0.0,0.4662064262749364,-0.4662064262749364,0.0,0.0,0,40542.41026362934,101014.48251822924,91120.01410629091,332042.85929196863,36800.19610745817,0.1089736493309847,3.036650364783543,False,1
776,362620.9773555253,32645.05850958308,-0.41736411182836863,-0.0953480219710569,11.867930847480997,94.81953229471318,-0.8806417040538757,-0.8806417040538757,0.0105463502421714,1.0000000022662388,1,0.0,0.4737828505130908,-0.4737828505130908,0.0,0.0,0,40470.93142992759,100958.60190111502,91039.658985058,331999.3782064667,36855.08520995715,0.10923379501256641,3.036955395484552,False,1
777,362521.43157670327,32654.578904464368,-0.4165831673477456,-0.0911839708620232,11.87173534731697,95.8640155608038,-0.8765465202950005,-0.8765465202950005,0.0104314428608363,0.9999999994363172,1,0.0,0.4813171486567466,-0.4813171486567466,0.0,0.0,0,40399.28653097589,100903.97922700872,90958.68568101071,331956.00624016003,36909.81509398438,0.10949394069414789,3.037261205314571,False,1
778,362421.8470145633,32663.684670958693,-0.4158033775696602,-0.0870295997564149,11.87550146419948,96.91851671807332,-0.8723909346737522,-0.8723909346737522,0.0103179457597969,1.0000000012258186,1,0.0,0.4888088146286929,-0.4888088146286929,0.0,0.0,0,40327.47857274354,100848.14681408319,90877.09573506266,331912.74254303164,36964.386241574204,0.10975408637573034,3.037567788793531,False,1
779,362322.22548315313,32672.376648838286,-0.4150247320695613,-0.0828852667226478,11.879229390189067,97.98312028152525,-0.8681754678383646,-0.8681754678383646,0.0102058394757726,1.00000000265546,1,0.0,0.4962573500302482,-0.4962573500302482,0.0,0.0,0,40255.5105321696,100791.10896855751,90794.89086449449,331869.58630060905,37018.79925006266,0.11001423205731155,3.037875140475399,False,1
780,362222.5687876881,32680.655721793315,-0.41424722020799204,-0.0787494273987859,11.882919316240242,99.05791149137632,-0.8639006443491908,-0.8639006443491908,0.0100951048810298,0.9999999951306466,1,0.0,0.5036622635879828,-0.5036622635879828,0.0,0.0,0,40183.38536031364,100732.87005517245,90712.07284327844,331826.5367168401,37073.05474941239,0.11027437773889331,3.038183254928265,False,1
781,362122.8786984628,32688.522494336903,-0.4134708338012447,-0.0746229065511322,11.886571440255816,100.14297408838247,-0.8595669973433893,-0.8595669973433893,0.0099857230357555,0.9999999973144575,1,0.0,0.5110230685026522,-0.5110230685026522,0.0,0.0,0,40111.1060054556,100673.43495408421,90628.64310380636,331783.59295251314,37127.15312995547,0.11053452342047491,3.038492126651843,False,1
782,362023.156995698,32695.977827844334,-0.4126955626840411,-0.0705063862007539,11.890185954041458,101.23839406516733,-0.8551750605150752,-0.8551750605150752,0.0098776754164543,1.0000000032422391,1,0.0,0.5183392869276796,-0.5183392869276796,0.0,0.0,0,40038.67537744169,100612.80811177946,90544.6033957316,331740.75422600267,37181.094994256215,0.11079466910205685,3.038801750211743,False,1
783,361923.4054526551,32703.02266003008,-0.4119213961994928,-0.0663989709134558,11.893763047399904,102.3442584013383,-0.850725370675371,-0.850725370675371,0.0097709438235244,1.0000000004811682,1,0.0,0.525610448628607,-0.525610448628607,0.0,0.0,0,39966.096356641036,100550.99386272798,90459.95556567665,331698.0197808248,37234.881005144365,0.11105481478363811,3.039112120197965,False,1
784,361823.6258128432,32709.65767917465,-0.4111483259015099,-0.0623009953280642,11.897302916438498,103.46065274242493,-0.846218472454219,-0.846218472454219,0.0096655102512086,1.0000000003261855,1,0.0,0.5328360881820154,-0.5328360881820154,0.0,0.0,0,39893.3718220953,100487.9968575709,90374.70115439285,331655.388822042,37288.511610531874,0.1113149604652203,3.039423231133505,False,1
785,361723.81982078,32715.88374922356,-0.4103763420228947,-0.0582114754200232,11.900805752959569,104.5876644344918,-0.8416549118991705,-0.8416549118991705,0.0095613570477563,0.9999999979553932,1,0.0,0.5400157487265008,-0.5400157487265008,0.0,0.0,0,39820.504616545164,100423.82171977623,90288.84192106884,331612.860598282,37341.987402658146,0.11157510614680168,3.039735077591995,False,1
786,361623.9891997911,32721.701576392774,-0.4096054362460913,-0.0541324246849044,11.90427175278985,105.72538012492716,-0.8370352413083378,-0.8370352413083378,0.0094584667864423,1.0000000031495266,1,0.0,0.5471489790377172,-0.5471489790377172,0.0,0.0,0,39747.49757656839,100358.47299216989,90202.37943116415,331570.43433648266,37395.308836134354,0.11183525182838332,3.040047654101191,False,1
787,361524.135682122,32727.112214907713,-0.4088355974871247,-0.0500609475932066,11.907701102711163,106.87388940902326,-0.8323600116028951,-0.8323600116028951,0.0093568224347817,0.9999999947891576,1,0.0,0.554235338263442,-0.554235338263442,0.0,0.0,0,39674.353481380094,100296.69655929506,90115.31568358108,331528.10934303154,37448.47665634829,0.11209539750996533,3.040360955297635,False,1
788,361424.2609592074,32732.116185602194,-0.40806681924626154,-0.0459993413892339,11.911094003473762,108.03327846343647,-0.8276297853602637,-0.8276297853602637,0.0092564070520251,0.999999999520639,1,0.0,0.5612743876588027,-0.5612743876588027,0.0,0.0,0,39601.07514561474,100233.92018349939,90027.652016813,331485.88482657564,37501.49115241805,0.11235554319154693,3.0406749756506906,False,1
789,361324.36673752416,32736.71449771576,-0.4072990910745544,-0.0419463470318662,11.914450643008903,109.20363741739536,-0.8228451214252592,-0.8228451214252592,0.0091572041248261,1.0000000009177246,1,0.0,0.5682657003785898,-0.5682657003785898,0.0,0.0,0,39527.665309544944,100169.99031640957,89939.39037696432,331443.76010380406,37554.353023873424,0.11261568887312852,3.040989709787311,False,1
790,361224.4546994271,32740.90790245332,-0.4065324048104153,-0.0379030859684575,11.917771216012753,110.38505497807768,-0.818006586000805,-0.818006586000805,0.0090591973151822,1.0000000055181428,1,0.0,0.5752088542830759,-0.5752088542830759,0.0,0.0,0,39454.12672119669,100104.91160580235,89850.532391252,331401.73444881325,37607.06274721198,0.11287583455471008,3.0413051522507994,False,1
791,361124.5265242893,32744.697336926944,-0.4057667508615184,-0.033869025325049,11.921055912124515,111.577621605393,-0.8131147458445633,-0.8131147458445633,0.0089623705981096,1.0000000041487829,1,0.0,0.5821034363901818,-0.5821034363901818,0.0,0.0,0,39380.4620843071,100038.68817358123,89761.07992000638,331359.807183856,37659.620953117825,0.11313598023629197,3.041621297649499,False,1
792,361024.58387548104,32748.083625335556,-0.4050021207077041,-0.0298425942130854,11.924304923867206,112.78142745752262,-0.8081701727206017,-0.8081701727206017,0.0088667081564873,0.9999999976685924,1,0.0,0.5889490398303036,-0.5889490398303036,0.0,0.0,0,39306.67409501481,99971.32443688984,89671.03468463515,331317.97761773155,37712.02817241422,0.11339612591787361,3.0419381405539463,False,1
793,360924.628400202,32751.06740846,-0.40423850749606993,-0.0258262915487861,11.927518449058097,113.99656166166648,-0.8031734443054792,-0.8031734443054792,0.0087721943800185,1.000000002191953,1,0.0,0.5957452631964489,-0.5957452631964489,0.0,0.0,0,39232.765455085086,99902.82516887216,89580.39817783613,331276.2450293078,37764.28477577834,0.1136562715994551,3.042255675466041,False,1
794,360824.6617490768,32753.64978388386,-0.40347590065074634,-0.0218172842912621,11.930696672490322,115.22311716467745,-0.7981251343565551,-0.7981251343565551,0.0086788140178544,0.9999999961763406,1,0.0,0.6024917172053004,-0.6024917172053004,0.0,0.0,0,39158.738780692394,99833.19432635061,89489.1724649639,331234.6088043462,37816.39151963856,0.11391641728103703,3.04257389705936,False,1
795,360724.6855470996,32755.831305877764,-0.40271429429609634,-0.0178186716488525,11.933839794277056,116.46118331185032,-0.7930258279132089,-0.7930258279132089,0.008586551916554,1.0000000028866172,1,0.0,0.6091880141688262,-0.6091880141688262,0.0,0.0,0,39084.59674655559,99762.43683641027,89397.35893240517,331193.0682217109,37868.348693042986,0.11417656296261859,3.042892799799679,False,1
796,360624.70142252697,32757.61311210665,-0.40195367775057916,-0.0138283593070769,11.93694799779557,117.71085415201036,-0.7878761038462745,-0.7878761038462745,0.0084953933014416,0.9999999984047656,1,0.0,0.615833780097512,-0.615833780097512,0.0,0.0,0,39010.341918098275,99690.5565894151,89304.95969888459,331151.6226959614,37920.157079732155,0.11443670864420026,3.043212378382252,False,1
797,360524.7109830895,32758.995870615312,-0.40119404441894707,-0.009845626523605,11.940021479750795,118.97222084362453,-0.7826765510910181,-0.7826765510910181,0.0084053234987387,0.9999999969195572,1,0.0,0.6224286432183487,-0.6224286432183487,0.0,0.0,0,38935.97691264871,99618.36027307734,89211.97629555844,331110.27154939173,37971.81705836032,0.11469685432578182,3.043532627315147,False,1
798,360424.71582954,32759.98038401478,-0.40043538668473755,-0.005872960813887,11.9430604329566,120.24537569953566,-0.7774277590452559,-0.7774277590452559,0.0083163281108043,1.0000000017095836,1,0.0,0.6289722407481535,-0.6289722407481535,0.0,0.0,0,38861.50430712622,99549.0967062438,89118.41042260584,331069.01414242375,38023.32911903172,0.11495700000736385,3.043853541159076,False,1
799,360324.7175543144,32760.56771006152,-0.3996776948798328,-0.0019077964227938,11.946065042485166,121.5304134587142,-0.77213031566429,-0.77213031566429,0.0082283930050342,0.999999996502394,1,0.0,0.635464220177212,-0.635464220177212,0.0,0.0,0,38786.9266131699,99478.7298537953,89024.26410294435,331027.84990238404,38074.693967025254,0.11521714568894527,3.044175114584864,False,1
800,360224.71773623506,32760.75845625196,-0.3989209632737593,0.0020478264106906,11.949035506648285,122.82742605369856,-0.766784818458318,-0.766784818458318,0.0081415041587344,1.000000000033686,1,0.0,0.6419042312745779,-0.6419042312745779,0.0,0.0,0,38712.24640076829,99407.2644282463,88929.53879325677,330986.77816521266,38125.91191796833,0.115477291370527,3.04449734206802,False,1
801,360124.7179459147,32760.553673754028,-0.3981651824729381,0.0059953158416969,11.95197201037197,124.13650871469346,-0.7613918601199821,-0.7613918601199821,0.0080556478803262,0.9999999971057562,1,0.0,0.6482919365021227,-0.6482919365021227,0.0,0.0,0,38637.46613999974,99334.70431408819,88834.23651029138,330945.7983762629,38176.983664878346,0.11573743705210852,3.044820218279704,False,1
802,360024.7197432998,32759.954112419808,-0.39741034575992445,0.0099356151771986,11.954874747416527,125.45775532965904,-0.7559520404852245,-0.7559520404852245,0.0079708105910793,0.9999999956538768,1,0.0,0.6546270021281156,-0.6546270021281156,0.0,0.0,0,38562.58833564265,99261.0540638319,88738.35889175133,330904.9099222295,38227.90963850897,0.11599758273369029,3.0451437377556925,False,1
803,359924.72467941296,32758.960533902387,-0.3966564464273334,0.0138663547426998,11.957743911180046,126.79125997848598,-0.7504659612526463,-0.7504659612526463,0.0078869789401048,1.000000002523232,1,0.0,0.6609091020995337,-0.6609091020995337,0.0,0.0,0,38487.61547187972,99186.3181220628,88641.90759009268,330864.1122010813,38278.69027625095,0.11625772841527197,3.045467895034105,False,1
804,359824.73429258616,32757.57397621445,-0.3959034755104363,0.0177879432295347,11.960579686255018,128.137118994471,-0.7449342216335844,-0.7449342216335844,0.0078041398389728,1.000000004375114,1,0.0,0.667137921177595,-0.667137921177595,0.0,0.0,0,38412.549957378185,99110.50055401049,88544.88460858555,330823.4046845318,38329.32625019941,0.11651787409685367,3.0457926847845957,False,1
805,359724.75011212187,32755.795309049474,-0.39515142558869276,0.0217020565136444,11.963382262279689,129.4954285090995,-0.7393574256041346,-0.7393574256041346,0.0077222803219107,1.0000000006356444,1,0.0,0.6733131494475338,-0.6733131494475338,0.0,0.0,0,38337.39421296789,99033.60562785137,88447.29173889662,330782.786815306,38379.818084225975,0.11677801977843538,3.0461181015975933,False,1
806,359624.77366016054,32753.625273747726,-0.39440029044809766,0.0256074610919498,11.966151832580294,130.8662834365448,-0.7337361809186528,-0.7337361809186528,0.0076413876351828,0.9999999999442531,1,0.0,0.6794344830469335,-0.6794344830469335,0.0,0.0,0,38262.15066723485,98955.63799968654,88349.13061004547,330742.2580148838,38430.16618812182,0.11703816546001693,3.0464441399980364,False,1
807,359524.806445472,32751.06480749416,-0.3936500622947691,0.0295060448775918,11.96888858429248,132.24978055383448,-0.7280710938484705,-0.7280710938484705,0.0075614492455703,0.9999999969682726,1,0.0,0.6855016279655232,-0.6855016279655232,0.0,0.0,0,38186.82168734621,98876.6018424212,88250.40310006657,330701.81776028743,38480.37113759926,0.1172983111415988,3.0467707946082005,False,1
808,359424.8499740876,32748.11458235587,-0.3929007357201296,0.0333941736285167,11.9715927128185,133.64601528666276,-0.7223627767126037,-0.7223627767126037,0.0074824527492568,1.0000000050448454,1,0.0,0.6915142943340478,-0.6915142943340478,0.0,0.0,0,38111.4096799721,98796.894508395,88151.11075003762,330661.46547405614,38530.43327586841,0.11755845682318031,3.047098059911562,False,1
809,359324.90572545445,32744.77584529524,-0.3921523004546844,0.0372752035341437,11.974264394560828,135.0550881282946,-0.7166118338130509,-0.7166118338130509,0.0074043859910049,0.9999999977095116,1,0.0,0.6974722068840727,-0.6974722068840727,0.0,0.0,0,38035.91690063273,98720.52738300938,88051.25583389474,330621.200727225,38580.35344078655,0.11781860250476207,3.047425930695004,False,1
810,359224.97519112285,32741.0491432412,-0.39140475237422406,0.0411492786912267,11.97690382860652,136.47709370237297,-0.7108188824359118,-0.7108188824359118,0.0073272369456946,0.9999999970880928,1,0.0,0.7033750891684648,-0.7033750891684648,0.0,0.0,0,37960.34574618342,98643.11026617725,87950.83973462705,330581.0229306346,38630.13186058661,0.11807874818634378,3.047754401370864,False,1
811,359125.0598437078,32736.93534318358,-0.3906580846869107,0.0450134713600462,11.979511203385876,137.91213003519556,-0.7049845359168655,-0.7049845359168655,0.0072509937777303,1.0000000030186524,1,0.0,0.7092226761319025,-0.7092226761319025,0.0,0.0,0,37884.698521271814,98564.64742689718,87849.86424226404,330540.9315811586,38679.76903781202,0.11833889386792532,3.048083466520342,False,1
812,359025.1611357297,32732.435549374233,-0.38991228863593674,0.0488713033742974,11.98208669904526,139.3602972986886,-0.6991094047655582,-0.6991094047655582,0.0071756448550869,0.9999999997437788,1,0.0,0.7150147132090036,-0.7150147132090036,0.0,0.0,0,37808.97745129955,98485.14279122044,87748.33145113732,330500.92624435306,38729.265678222466,0.11859903954950715,3.0484131208587666,False,1
813,358925.28053217765,32727.5503642117,-0.3891673599190279,0.052718957838315,11.984630512327058,140.8216919598945,-0.693194109143022,-0.693194109143022,0.0071011786652405,1.000000005082535,1,0.0,0.7207509468724473,-0.7207509468724473,0.0,0.0,0,37733.184866855154,98404.60110310496,87646.24281440976,330461.00637032033,38778.622048298115,0.11885918523108881,3.0487433588155874,False,1
814,358825.41946095123,32722.280975868038,-0.3884232892289871,0.0565605240607659,11.987142819889668,142.29641558309896,-0.6872392602140696,-0.6872392602140696,0.007027583919131,0.9999999982756588,1,0.0,0.7264311385443961,-0.7264311385443961,0.0,0.0,0,37657.32293030259,98323.02607556903,87543.60053507125,330421.171564956,38827.83892140418,0.11911933091267059,3.0490741751575463,False,1
815,358725.57937484654,32716.62790532199,-0.38768007316851916,0.0603938751363528,11.989623820804336,143.78456462974287,-0.6812454815660711,-0.6812454815660711,0.0069548494322405,1.0000000022019968,1,0.0,0.7320550484508155,-0.7320550484508155,0.0,0.0,0,37581.39395781298,98240.42262982494,87440.40596174737,330381.42127511796,38876.916486688286,0.11937947659425213,3.049405564257636,False,1
816,358625.76168841164,32710.592221864772,-0.38693770364477115,0.0642185462476965,11.992073695188925,145.28624037966114,-0.675213388138351,-0.675213388138351,0.0068829642299107,1.0000000041329304,1,0.0,0.7376224513376322,-0.7376224513376322,0.0,0.0,0,37505.400102859945,98156.79474980729,87336.66114542686,330341.75509514526,38925.85540852486,0.11963962227583398,3.049737520812936,False,1
817,358525.9678151804,32704.174834117148,-0.3861961740568379,0.0680352993705074,11.994492628232337,146.80154311712408,-0.669143598389905,-0.669143598389905,0.0068119174817803,1.0000000020044777,1,0.0,0.7431331272496663,-0.7431331272496663,0.0,0.0,0,37429.34354098537,98072.1466997697,87232.36793205772,330302.1725884046,38974.65620837084,0.11989976795741546,3.050070039424635,False,1
818,358426.1991627138,32697.376600155596,-0.3854554783354951,0.0718445566463953,11.996880806600172,148.33057304641443,-0.6630367323158668,-0.6630367323158668,0.0067416985093567,0.9999999970286144,1,0.0,0.7485868629433974,-0.7485868629433974,0.0,0.0,0,37353.22644249222,97986.4830398383,87127.52810279556,330262.6733143468,39023.31936071754,0.12015991363899728,3.050403114661279,False,1
819,358326.45713843073,32690.19825829247,-0.38471561155430173,0.0756473100923256,11.999238420985472,149.87342967489354,-0.6568934126048711,-0.6568934126048711,0.0066722967814059,0.9999999977399896,1,0.0,0.7539834509439686,-0.7539834509439686,0.0,0.0,0,37277.05099391966,97899.80805277944,87022.14328411347,330223.2568096888,39071.84523233574,0.12042005932057878,3.050736741012004,False,1
820,358226.74313055864,32682.640703523015,-0.38397656749659315,0.0794404140950078,12.001565656244486,151.43021411590783,-0.650714259637273,-0.650714259637273,0.0066037019287274,1.000000002876938,1,0.0,0.7593226931956658,-0.7593226931956658,0.0,0.0,0,37200.819319200644,97815.43750374568,86916.21530361238,330183.9226604686,39120.2343244265,0.12068020500216059,3.0510709130627425,False,1
821,358127.0585004172,32674.705055246755,-0.38323833804699586,0.0832268439113267,12.00386268868831,153.00102969513807,-0.6444998901113027,-0.6444998901113027,0.006535903740629,0.9999999978525438,1,0.0,0.7646044019540879,-0.7646044019540879,0.0,0.0,0,37124.53345548874,97731.48811253888,86809.74627911442,330144.6705217267,39168.487332578385,0.12094035068374218,3.0514056255476585,False,1
822,358027.4046387084,32666.391942321025,-0.38250091950976706,0.0870053302757192,12.006129712035737,154.5859758682736,-0.6382509298668041,-0.6382509298668041,0.0064688921278267,0.9999999977839186,1,0.0,0.7698283902070797,-0.7698283902070797,0.0,0.0,0,37048.19556739158,97646.54485188748,86702.73769558044,330105.49992753787,39216.604518942826,0.12120049636532382,3.0517408728741664,False,1
823,357927.78289956035,32657.70234571859,-0.38176430515758925,0.0907767073545337,12.008366906968329,156.18515542258262,-0.6319679985517539,-0.6319679985517539,0.006402657159811,0.9999999965675556,1,0.0,0.7749944829541916,-0.7749944829541916,0.0,0.0,0,36971.80769559636,97560.61181245513,86595.19149176605,330066.4105139806,39264.58645246358,0.12146064204690554,3.052076649682394,False,1
824,357828.19464251393,32648.63707912177,-0.38102848982915033,0.0945400754830198,12.010574459916842,157.79866992696932,-0.6256517189824737,-0.6256517189824737,0.0063371890429192,0.9999999980858364,1,0.0,0.7801025101887286,-0.7801025101887286,0.0,0.0,0,36895.371913642564,97473.69319419962,86487.10939017795,330027.40188118647,39312.43355227704,0.12172078772848738,3.052412950496617,False,1
825,357728.64120421355,32639.197115002706,-0.3802934670321804,0.0982973356545927,12.01275255104353,159.42662261526232,-0.6193027110607949,-0.6193027110607949,0.0062724781266497,0.9999999969955472,1,0.0,0.7851523112828053,-0.7851523112828053,0.0,0.0,0,36818.890226528805,97385.7933189986,86378.49331858922,329988.4736810466,39360.14637491134,0.12198093341006902,3.0527497699497044,False,1
826,357629.1239369287,32629.383170221394,-0.37955923263359337,0.1020446768418954,12.01490136980523,161.06911472370922,-0.6129215993792151,-0.6129215993792151,0.0062085148913951,1.0000000026946174,1,0.0,0.7901437293390741,-0.7901437293390741,0.0,0.0,0,36742.36470339546,97296.91677291981,86269.34487318297,329949.62550433556,39407.725248774,0.12224107909165087,3.0530871024909554,False,1
827,357529.644137674,32619.196436680213,-0.3788257783355695,0.1057870331920987,12.01702108718708,162.72625210778313,-0.6065089994444015,-0.6065089994444015,0.0061452899552661,0.9999999975895176,1,0.0,0.7950766211284193,-0.7950766211284193,0.0,0.0,0,36665.797239284846,97207.0672872456,86159.66626612954,329910.85708114645,39455.17091953292,0.12250122477323251,3.0534249429100133,False,1
828,357430.2031644071,32608.637419882747,-0.3780931020607497,0.1095202723792379,12.019111900031486,164.3981347254679,-0.6000655394604173,-0.6000655394604173,0.0060827940583379,1.0000000029165403,1,0.0,0.7999508411913648,-0.7999508411913648,0.0,0.0,0,36589.189938795345,97116.2499983077,86049.45881843768,329872.167960784,39502.483523298724,0.12276137045481406,3.0537632854939982,False,1
829,357330.8022953521,32597.707313245835,-0.3773611956436036,0.1132470959350854,12.021173978468155,166.08486844878837,-0.5935918343462971,-0.5935918343462971,0.0060210180981673,1.000000001305945,1,0.0,0.8047662605562254,-0.8047662605562254,0.0,0.0,0,36512.544657828985,97024.46873825096,85938.72474370556,329833.557891625,39549.663802767405,0.12302151613639567,3.054102125034591,False,1
830,357231.44285177026,32586.406827808496,-0.3766300553256185,0.1169660535963408,12.02320751075132,167.78655605279152,-0.5870885076279029,-0.5870885076279029,0.0059599530574434,1.0000000023215636,1,0.0,0.8095227508476531,-0.8095227508476531,0.0,0.0,0,36435.86339790269,96931.7282350569,85827.4656286616,329795.02649651404,39596.71207075985,0.1232816618179774,3.054441455961785,False,1
831,357132.12612121966,32574.736907810897,-0.3758996753268848,0.1206769070338874,12.02521267579801,169.50330167806368,-0.5805561780373254,-0.5805561780373254,0.0058995900820639,1.0000000026265208,1,0.0,0.81422019384061,-0.81422019384061,0.0,0.0,0,36359.14806278754,96838.03274099965,85715.6833624408,329756.5734718198,39643.62884458338,0.12354180749955936,3.054781272878737,False,1
832,357032.8533797483,32562.69851918346,-0.375170049743142,0.1243825486673064,12.027189651089197,171.23521037250987,-0.5739954631981136,-0.5739954631981136,0.0058399204230502,0.9999999978899484,1,0.0,0.8188584786957036,-0.8188584786957036,0.0,0.0,0,36282.40052951267,96748.01823391911,85603.37986246479,329718.1985290991,39690.41465863595,0.12380195318114073,3.055121570405111,False,1
833,356933.6259380397,32550.292278335954,-0.37444117590863896,0.1280791902860779,12.029138627736414,172.98238416508912,-0.567406986917596,-0.567406986917596,0.0057809354553358,1.000000002347798,1,0.0,0.8234374967639023,-0.8234374967639023,0.0,0.0,0,36205.62278442457,96657.09262455766,85490.55658921778,329679.9012880302,39737.06973381618,0.12406209886272244,3.0554623428815435,False,1
834,356834.4450270684,32537.519381291662,-0.3737130459772624,0.1317697293591388,12.03105977325392,174.74493049671503,-0.560791360895281,-0.560791360895281,0.0057226266750579,0.9999999995176198,1,0.0,0.8279571543486773,-0.8279571543486773,0.0,0.0,0,36128.81658512226,96565.22770048135,85377.21575887443,329641.6815428134,39783.59480512779,0.12432224454430423,3.055803585106916,False,1
835,356735.31193469535,32524.380507802136,-0.37298565686091195,0.1354528920781033,12.032953275464656,176.52295235699916,-0.5541492061745668,-0.5541492061745668,0.0056649856949845,1.0000000001812963,1,0.0,0.8324173575645868,-0.8324173575645868,0.0,0.0,0,36051.983861329674,96472.42835611723,85263.35891324755,329603.53894760733,39829.990144961484,0.124582390225886,3.056145291463541,False,1
836,356636.22790722555,32510.87660094694,-0.37225900314957827,0.1391283181891275,12.034819311110825,178.31655530624826,-0.5474811376838571,-0.5474811376838571,0.0056080042436946,1.000000001272591,1,0.0,0.8368180230648776,-0.8368180230648776,0.0,0.0,0,35975.126428137766,96378.69875001031,85148.98793696563,329565.4732405666,39876.256258480535,0.12484253590746767,3.0564874565436857,False,1
837,356537.1941768548,32497.00864331591,-0.3715330791393502,0.1427969574230898,12.036658054946871,180.12584545723416,-0.5407877685560368,-0.5407877685560368,0.0055516741623243,0.9999999978804438,1,0.0,0.8411590749090114,-0.8411590749090114,0.0,0.0,0,35898.246066922555,96284.04313250144,85034.1047662186,329527.4841802012,39922.39368416465,0.1251026815890494,3.056830074972082,False,1
838,356438.21200214175,32482.777371796004,-0.3708078814434275,0.1464593179160904,12.038469691292438,181.9509268430152,-0.5340697158115618,-0.5340697158115618,0.0054959874064463,0.9999999975456648,1,0.0,0.845440440591198,-0.845440440591198,0.0,0.0,0,35821.34463706595,96188.46622647818,84918.71101449347,329489.5714608451,39968.4027382907,0.12536282727063106,3.0571731411637795,False,1
839,356339.2826078454,32468.183710700774,-0.370083405029191,0.1501139639865091,12.040254396424793,183.7919053736535,-0.5273275915514355,-0.5273275915514355,0.0054409360400451,0.9999999982627348,1,0.0,0.84966205699748,-0.84966205699748,0.0,0.0,0,35744.42390864057,96091.9723885523,84802.80853958808,329451.7348398105,40014.28390288336,0.12562297295221275,3.057516649688614,False,1
840,356240.4072115105,32453.22857781571,-0.36935964499009766,0.1537619858039179,12.042012346328349,185.64888707181785,-0.5205620067790845,-0.5205620067790845,0.0053865122351836,0.9999999984299834,1,0.0,0.8538238676695342,-0.8538238676695342,0.0,0.0,0,35667.48563666706,95994.56609722927,84686.39919014345,329413.97408080776,40060.037652083774,0.1258831186337943,3.0578605951091182,False,1
841,356141.5870289277,32437.912850138604,-0.3686365968616053,0.1574030195426023,12.043743718286269,187.5219777532344,-0.5137735720296772,-0.5137735720296772,0.0053327082701788,0.9999999984891782,1,0.0,0.8579258223093558,-0.8579258223093558,0.0,0.0,0,35590.531575456145,95896.25179760299,84569.48476043117,329376.288943442,40105.66442132363,0.12614326431537579,3.0582049719497246,False,1
842,356042.8232643323,32422.237429794484,-0.3679142560135308,0.1610375385032897,12.045448688110817,189.4112834776248,-0.5069628959948054,-0.5069628959948054,0.00527951653161,0.999999997661855,1,0.0,0.8619678776067898,-0.8619678776067898,0.0,0.0,0,35513.56345222669,95797.03426471572,84452.0670768006,329338.6792028442,40151.16466660243,0.1264034099969577,3.0585497747543218,False,1
843,355944.11712438904,32406.203155957042,-0.36719261846429707,0.1646649334560518,12.04712743379761,191.3169100260573,-0.5001305871720519,-0.5001305871720519,0.0052269295054113,0.9999999981825214,1,0.0,0.8659499960669039,-0.8659499960669039,0.0,0.0,0,35436.58300376113,95696.91766952422,84334.14788170147,329301.14462287264,40196.53878513293,0.12666355567853935,3.0588949980069606,False,1
844,355845.46979634976,32389.810942234937,-0.3664716796078137,0.1682855081443616,12.048780129674658,193.2389638858796,-0.4932772510282219,-0.4932772510282219,0.005174939780787,0.9999999987084685,1,0.0,0.8698721477876737,-0.8698721477876737,0.0,0.0,0,35359.591919306724,95600.15093296947,84215.72901442635,329263.68499777786,40241.78723926235,0.12692370136012096,3.059240636255969,False,1
845,355746.8824639774,32373.06167670795,-0.36575143513851754,0.1718989530596346,12.05040695076541,195.177551432183,-0.4864034919686244,-0.4864034919686244,0.0051235400469461,0.9999999991338516,1,0.0,0.8737343090697988,-0.8737343090697988,0.0,0.0,0,35282.591882151144,95502.83287572219,84096.8122796842,329226.3001218956,40286.910466340116,0.12718384704170263,3.05958668402372,False,1
846,355648.3562976484,32355.956281403345,-0.3650318804970672,0.1755064715522281,12.052008070068252,197.1327794718395,-0.4795099120128334,-0.4795099120128334,0.0050727230902056,0.9999999977990836,1,0.0,0.8775364631836076,-0.8775364631836076,0.0,0.0,0,35205.58454425284,95404.6306633767,83977.39952596955,329188.989807899,40331.90893252823,0.1274439927232845,3.0599331358617965,False,1
847,355549.8924803349,32338.495563203713,-0.3643130122629342,0.1791071310994772,12.053583665193957,199.10475377248028,-0.4725971139157308,-0.4725971139157308,0.0050224817982193,0.9999999983319052,1,0.0,0.8812785982929133,-0.8812785982929133,0.0,0.0,0,35128.57159167534,95305.54869654567,83857.49244854195,329151.75384031504,40376.78299771586,0.12770413840486614,3.060279986209536,False,1
848,355451.4921712668,32320.68042426782,-0.36359482618792205,0.1827008888684752,12.055133909087717,201.09358110744543,-0.4656656965934513,-0.4656656965934513,0.0049728091509303,0.999999999930373,1,0.0,0.8849607102948076,-0.8849607102948076,0.0,0.0,0,35051.55465295038,95205.59148353754,83737.09286702768,329114.5920406867,40421.53310623218,0.12796428408644778,3.0606272295930537,False,1
849,355353.1565146745,32302.511807299696,-0.362877317702766,0.1862880223077768,12.056658972420552,203.09936871296912,-0.4587162562107634,-0.4587162562107634,0.0049236982201873,1.0000000000172002,1,0.0,0.8885828020022463,-0.8885828020022463,0.0,0.0,0,34974.53532177035,95104.76343254872,83616.20265369536,329077.5042511035,40466.15973745873,0.12822442976802922,3.060974860575768,False,1
850,355254.8866638633,32283.99056485848,-0.362160483145753,0.1898685742632201,12.058159029350314,205.1222231128942,-0.4517493888998506,-0.4517493888998506,0.004875142171586,1.0000000000789817,1,0.0,0.8921448813572038,-0.8921448813572038,0.0,0.0,0,34897.51521619863,95003.0692358048,83494.82356042141,329040.490292886,40510.66328698596,0.12848457544961106,3.061322873630296,False,1
851,355156.68375910766,32265.117581586914,-0.36144431861379456,0.1934431879207295,12.059634252095236,207.16225093870423,-0.4447656882000639,-0.4447656882000639,0.0048271342662731,1.0000000001385243,1,0.0,0.895646962971145,-0.895646962971145,0.0,0.0,0,34820.495924069546,94900.51345333447,83372.95738011914,329003.55000481056,40555.044177758755,0.12874472113119304,3.0616712632573027,False,1
852,355058.5489452431,32245.893682196453,-0.36072882083128793,0.1970100685268185,12.06108481516714,209.2195584571488,-0.4377657468187308,-0.4377657468187308,0.0047796678532972,1.000000002789965,1,0.0,0.8990890669372262,-0.8990890669372262,0.0,0.0,0,34743.47904559114,94797.10093628871,83250.60582473918,328966.6832137385,40599.30277619414,0.1290048668127747,3.062020023893294,False,1
853,354960.4833182715,32226.319903648175,-0.36001398456819794,0.2005714997721246,12.062510882829953,211.2942540265421,-0.4307501506501169,-0.4307501506501169,0.0047327363616493,1.0000000014631871,1,0.0,0.9024712223692246,-0.9024712223692246,0.0,0.0,0,34666.46606534434,94692.83589591071,83127.77088660098,328929.88982214365,40643.43964088204,0.1292650124943562,3.0623691501881525,False,1
854,354862.48802373937,32206.396995990133,-0.3592998073763651,0.2041249865875624,12.063912632002925,213.3864431402692,-0.4237194897614099,-0.4237194897614099,0.0046863333205853,1.000000001955442,1,0.0,0.9057934606727528,-0.9057934606727528,0.0,0.0,0,34589.45858758397,94587.72325520987,83004.45417601557,328893.16964753385,40687.455066339564,0.12952515817593782,3.0627186364949037,False,1
855,354764.56414355256,32186.125989868884,-0.35858628419372746,0.2076734004771097,12.065290226124665,215.496234124338,-0.4166743456836321,-0.4166743456836321,0.0046404523313765,0.9999999980953814,1,0.0,0.9090558230940032,-0.9090558230940032,0.0,0.0,0,34512.45806693309,94481.76776578705,82880.65767447751,328856.5226054485,40731.34960231412,0.12978530385751963,3.0630684774544745,False,1
856,354666.712823497,32165.50757180675,-0.35787341330063244,0.2112150271166062,12.066643844142932,217.6237317968226,-0.4096153053599566,-0.4096153053599566,0.0045950870970297,0.9999999981854496,1,0.0,0.9122583523564656,-0.9122583523564656,0.0,0.0,0,34435.46610925003,94376.98879682379,82756.38290452336,328819.94850645226,40775.12348124663,0.13004544953910133,3.063418667342893,False,1
857,354568.93514168,32144.542721735703,-0.35716119022993725,0.2147504105443789,12.067973650882577,219.7690439367564,-0.4025429467280129,-0.4025429467280129,0.0045502313888419,0.9999999981634372,1,0.0,0.9154011010792116,-0.9154011010792116,0.0,0.0,0,34358.48416269809,94273.84380216214,82631.63177698966,328783.44726375345,40818.777203171085,0.1303055952206831,3.063769200742421,False,1
858,354471.2321917593,32123.232311679523,-0.3564496116024564,0.2182794620262802,12.069279815542414,221.93227719822067,-0.3954578477114333,-0.3954578477114333,0.0045058790653603,0.9999999984955809,1,0.0,0.918484126394642,-0.918484126394642,0.0,0.0,0,34281.51371271559,94169.86883202985,82506.40605787962,328747.0187624565,40862.31116737247,0.1305657409022645,3.0641200721178534,False,1
859,354373.60505638964,32101.577232840013,-0.35573867390982505,0.221802224296642,12.070562506028631,224.11353837568885,-0.3883605832915451,-0.3883605832915451,0.0044620240647271,0.999999998844742,1,0.0,0.9215074915768422,-0.9215074915768422,0.0,0.0,0,34204.55622005579,94065.06874429584,82380.70753714896,328710.6629009755,40905.72578916367,0.13082588658384653,3.064471275951532,False,1
860,354276.0548125739,32079.57837079093,-0.3550283737521296,0.2253195467960269,12.07182188990624,226.31293414651824,-0.3812517260095035,-0.3812517260095035,0.0044186604051057,0.99999999909641,1,0.0,0.9244712656650302,-0.9244712656650302,0.0,0.0,0,34127.61313316232,93959.4481292429,82254.53799568319,328674.37958282954,40949.02147707972,0.13108603226542787,3.064822806716617,False,1
861,354178.5825436578,32057.23655366745,-0.3543187083403216,0.228829039172851,12.073058137045605,228.530570518014,-0.3741318471065958,-0.3741318471065958,0.0043757821858122,1.0000000013871089,1,0.0,0.9273755227570992,-0.9273755227570992,0.0,0.0,0,34050.6859153164,93853.01184771696,82127.89913591763,328638.1686989924,40992.19858496019,0.13134617794700984,3.065174658818478,False,1
862,354081.18926800234,32034.55286223317,-0.35360967248589903,0.2323334231920222,12.074271404409007,230.7665560809794,-0.3670015092623798,-0.3670015092623798,0.0043333835686478,0.9999999979153348,1,0.0,0.9302203459247066,-0.9302203459247066,0.0,0.0,0,33973.77588342695,93745.7641902538,82000.792996381,328602.0302326413,41035.257698911155,0.13160632362859134,3.0655268269450464,False,1
863,353983.87610228435,32011.527924058522,-0.35290126545808753,0.2358322790416111,12.07546187054536,233.0209944888376,-0.3598612830155999,-0.3598612830155999,0.0042914588186889,0.9999999986502934,1,0.0,0.9330058181018164,-0.9330058181018164,0.0,0.0,0,33896.88457616331,93637.71051896596,81873.22100827956,328565.9640205295,41078.19898374418,0.13186646931017312,3.0658793052665008,False,1
864,353886.6440887353,31988.1626604998,-0.35219348372410436,0.239323866875009,12.07662969924938,235.2939924835869,-0.3527117291932566,-0.3527117291932566,0.0042500022567731,1.0000000019297692,1,0.0,0.935732031669055,-0.935732031669055,0.0,0.0,0,33820.01336492895,93528.85551663573,81745.1849930421,328529.9700049053,41121.02287487958,0.13212661499175443,3.0662320882825838,False,1
865,353789.4942317337,31964.458119065603,-0.3514863225637814,0.242808803484812,12.077775047378392,237.58565798205404,-0.3455534028158616,-0.3455534028158616,0.0042090082711195,1.0000000013769843,1,0.0,0.9383990861354718,-0.9383990861354718,0.0,0.0,0,33743.163537641696,93419.20383098161,81616.68693986395,328494.0481784516,41163.72992372239,0.1323867606733365,3.066585170639599,False,1
866,353692.42757521867,31940.415153504106,-0.35077977920069237,0.2462898024401457,12.078898080765748,239.896096708738,-0.3383868605658727,-0.3383868605658727,0.0041684713339183,0.9999999981008038,1,0.0,0.9410070840558776,-0.9410070840558776,0.0,0.0,0,33666.33647049335,93308.76009005944,81487.72857724609,328458.19847458776,41206.32050021318,0.1326469063549182,3.0669385467564774,False,1
867,353595.4452205609,31916.034364242194,-0.3500738534072778,0.2497622599282548,12.07999897751102,242.2254114651916,-0.3312126622238838,-0.3312126622238838,0.0041283860049491,1.000000002537434,1,0.0,0.9435561303433112,-0.9435561303433112,0.0,0.0,0,33589.53366551438,93197.53024225897,81358.3112913512,328422.4207447625,41248.7947364131,0.1329070520364999,3.067292210743961,False,1
868,353498.5480870201,31891.317052261096,-0.3493685381044709,0.2532299289898828,12.08107787994452,244.5737125426797,-0.3240313477998512,-0.3240313477998512,0.0040887468698508,0.9999999989878898,1,0.0,0.9460463440261342,-0.9460463440261342,0.0,0.0,0,33512.75622548431,93085.51802790163,81228.43740624968,328386.71508990857,41291.15341665446,0.1331671977180815,3.067646157549308,False,1
869,353401.73726828286,31866.263801465182,-0.34866383333680356,0.2566919051817128,12.08213496593708,246.9411021993416,-0.3168434714575848,-0.3168434714575848,0.0040495486300099,0.9999999984095326,1,0.0,0.9484778405855,-0.9484778405855,0.0,0.0,0,33436.005634467525,92974.89361289429,81098.1082825003,328351.08136838546,41333.39665418748,0.13342734339966342,3.068000381253189,False,1
870,353305.0137632834,31840.875544719176,-0.34795973575296213,0.2601479052620425,12.083170395208011,249.327686338414,-0.3096495758476124,-0.3096495758476124,0.0040107860325144,0.9999999987550316,1,0.0,0.950850745149281,-0.950850745149281,0.0,0.0,0,33359.28316977166,92865.69026507501,80967.32574639343,328315.5195659226,41375.524886962456,0.13368748908124486,3.06835487635449,False,1
871,353208.378577557,31815.153163810315,-0.34725624255529725,0.2635985276849094,12.0841843295447,251.73357014247912,0.0039724538943982,-0.3024502016669718,-0.3024502016669718,0.999999999857394,1,0.0,0.0,0.9531651874635874,-0.9531651874635874,0.0,0,33282.590123009344,92755.71626970549,80836.09155386126,328280.0296567805,41417.53850379896,0.1339476347628265,3.06870963728713,False,1
872,353111.8327164001,31789.097517714337,-0.3465533512221186,0.2670420838073563,12.08517693130785,254.15885813571435,0.0039345471039657,-0.2952458870730318,-0.2952458870730318,1.0000000023430002,1,0.0,0.0,0.9554213021555756,-0.9554213021555756,0.0,0,33205.92778504337,92644.97680025919,80704.40742814167,328244.6116132981,41459.437870739726,0.13420778044440826,3.0690646584533074,False,1
873,353015.3771365724,31762.70962048674,-0.3458510577276598,0.2704803222227038,12.086148354180796,256.6036566929829,0.0038970605987966,-0.2880371629692015,-0.2880371629692015,1.000000001376582,1,0.0,0.0,0.9576192308834583,-0.9576192308834583,0.0,0,33129.2973427634,92533.47576451555,80572.27529954386,328209.26546942024,41501.22349843537,0.13446792612598996,3.069419934449369,False,1
874,352919.01286074286,31735.9902203466,-0.3451493607533258,0.2739117825996148,12.0870987651175,259.06806848098995,0.0038599894068154,-0.2808245637646629,-0.2808245637646629,1.0000000014896695,1,0.0,0.0,0.959759117122338,-0.959759117122338,0.0,0,33052.700123482035,92421.21894185747,80439.6967384716,328173.991170439,41542.89564604306,0.1347280718075716,3.069775459531193,False,1
875,352822.7408386352,31708.940307975332,-0.3444482565951189,0.277338474955666,12.08802831783265,261.5521991483875,0.0038233285952556,-0.2736086142471533,-0.2736086142471533,0.9999999987111752,1,0.0,0.0,0.961841112325232,-0.961841112325232,0.0,0,32976.137299126945,92308.21076102724,80306.67363988628,328138.78875442944,41584.454799960506,0.13498821748915318,3.070131228262465,False,1
876,352726.56209177413,31681.56059555468,-0.34374774439972755,0.2807602324654127,12.08893718011186,264.0561505713803,0.0037870733178585,-0.2663898428995339,-0.2663898428995339,0.9999999986565754,1,0.0,0.0,0.9638653695963112,-0.9638653695963112,0.0,0,32899.61019311042,92194.45667297949,80173.20752102953,328103.65816499834,41625.90118231758,0.13524836317073483,3.070487234842247,False,1
877,352630.47759451845,31653.851943708516,-0.3430478218691285,0.2841749715907476,12.08982551142723,266.5800261109455,0.0037512187789973,-0.2591687710399715,-0.2591687710399715,1.00000000171312,1,0.0,0.0,0.9658320487252104,-0.9658320487252104,0.0,0,32823.12002858188,92079.96168356543,80039.30009667457,328068.5994046167,41667.235154044785,0.1355085088523167,3.070843473657596,False,1
878,352534.48825616395,31625.81541535254,-0.3423484846972876,0.2875835550017541,12.090693459812428,269.1239311733079,0.0037157602296231,-0.2519459114593636,-0.2519459114593636,1.0000000014971462,1,0.0,0.0,0.9677413166248908,-0.9677413166248908,0.0,0,32746.66789209633,91964.73045571028,79904.95335316753,328033.61255575786,41708.4572667039,0.1357686545338982,3.0711999393631637,False,1
879,352438.5950400911,31597.451862838818,-0.3416497307533175,0.2909875482975262,12.09154118385373,271.68796844393444,0.0036806929951108,-0.2447217786723679,-0.2447217786723679,0.9999999987956216,1,0.0,0.0,0.9695933425549498,-0.9695933425549498,0.0,0,32670.254983299004,91848.76819192347,79770.16899083607,327998.69763042463,41749.56787123504,0.13602880021547992,3.0715566263330474,False,1
880,352342.7989481835,31568.76199049282,-0.3409515594650444,0.2943852486532899,12.092368849682549,274.2722384515991,0.0036460124719509,-0.2374968874089034,-0.2374968874089034,0.99999999917907,1,0.0,0.0,0.9713882988654452,-0.9713882988654452,0.0,0,32593.882581111684,91732.08023206485,79634.94850706281,327963.85459129355,41790.56717644653,0.1362889458970616,3.0719135287356525,False,1
881,352247.10089449014,31539.74677863266,-0.3402539674908502,0.2977786776536164,12.093176607826106,276.8768445643926,0.0036117140956646,-0.230271741878111,-0.230271741878111,0.9999999990553378,1,0.0,0.0,0.973126365666302,-0.973126365666302,0.0,0,32517.551781515183,91614.67193332603,79499.29377013905,327929.0835081182,41831.45565243835,0.13654909157864303,3.072270641110704,False,1
882,352151.50184667157,31510.407009441395,-0.3395569535600847,0.3011655279172014,12.093964619097012,279.5018876181647,0.0035777933713288,-0.223046847549701,-0.223046847549701,1.000000001295982,1,0.0,0.0,0.9748077255017586,-0.9748077255017586,0.0,0,32441.263790861238,91496.5480553271,79363.2063780051,327894.3843829698,41872.233579391635,0.1368092372602249,3.0726279577236166,False,1
883,352056.0026963251,31480.743693997825,-0.33886051409453544,0.3045458786223203,12.094733031129271,282.14747105558365,0.0035442458410551,-0.2158227002323016,-0.2158227002323016,1.0000000013780848,1,0.0,0.0,0.976432567993767,-0.976432567993767,0.0,0,32365.01965837268,91381.8403068928,79226.68823654401,327859.7573087165,41912.90145489064,0.1370693829418067,3.072985473155211,False,1
884,351960.6043638184,31450.757728031444,-0.3381646467395821,0.3079219698041553,12.095481997194891,284.8136953032681,0.0035110671268874,-0.208599795782205,-0.208599795782205,0.9999999985559224,1,0.0,0.0,0.9780010857706408,-0.9780010857706408,0.0,0,32288.82049215521,91266.50251620125,79089.74109359685,327825.2023412262,41953.45966544086,0.1373295286233882,3.0733431818255124,False,1
885,351865.30783727294,31420.44977481176,-0.3374693515905948,0.3112921860260633,12.096211682907668,287.5006593270533,0.0034782529012898,-0.2013786310844492,-0.2013786310844492,0.9999999993331616,1,0.0,0.0,0.9795134737053186,-0.9795134737053186,0.0,0,32212.667537990143,91150.45797875414,78952.36637883322,327790.71945379564,41993.90837356285,0.1375896743049699,3.073701077820386,False,1
886,351770.11398938287,31389.82084528622,-0.33677462518892937,0.3146570252027885,12.0969222340196,290.2084646354625,0.0034457988807405,-0.1941596911458386,-0.1941596911458386,0.99999999921466,1,0.0,0.0,0.9809699345556242,-0.9809699345556242,0.0,0,32136.561805532663,91033.71233006711,78814.56599118175,327756.3087558733,42034.24807396924,0.13784981998655157,3.074059155717238,False,1
887,351675.0237416206,31358.87177776402,-0.3360804659057288,0.318016416465595,12.097613805228432,292.9372106073105,0.0034137008429315,-0.1869434613203433,-0.1869434613203433,0.9999999991324976,1,0.0,0.0,0.9823706736063662,-0.9823706736063662,0.0,0,32060.504403235216,90916.27002060367,78676.34159319033,327721.9702972071,42074.47909470157,0.1381099656681331,3.074417409844925,False,1
888,351580.03800026164,31327.603440128263,-0.33538687184723714,0.3213703829297752,12.09828654905773,295.68699647545816,0.0033819546170757,-0.1797304223776533,-0.1797304223776533,0.9999999990663048,1,0.0,0.0,0.9837159006948486,-0.9837159006948486,0.0,0,31984.496408096456,90798.13643885162,78537.69488512244,327687.70414387004,42114.60179114727,0.13837011134971494,3.074775834572205,False,1
889,351485.1576659146,31296.016699963984,-0.3346938411641763,0.3247199994324891,12.098940617293316,298.4579209714516,0.0033505560846106,-0.1725210512251092,-0.1725210512251092,0.9999999989826308,1,0.0,0.0,0.9850058298349016,-0.9850058298349016,0.0,0,31908.53888504958,90679.31657416697,78398.62756445156,327653.5103669626,42154.61651737592,0.13863025703129672,3.075134424265042,False,1
890,351390.3836671125,31264.112324855938,-0.3340013731000944,0.3280628927933101,12.099576166937274,301.2500810895899,0.0033195011858511,-0.1653158234432397,-0.1653158234432397,1.0000000017987472,1,0.0,0.0,0.9862406781814334,-0.9862406781814334,0.0,0,31832.63295443065,90559.81607819063,78259.14118987709,327619.38900388347,42194.52352974326,0.13889040271287814,3.075493173137436,False,1
891,351295.71682878886,31231.891373258946,-0.33330946387933963,0.3314007929974366,12.100193337755025,304.0635769849143,0.0032887858898606,-0.1581152030789521,-0.1581152030789521,1.000000001737606,1,0.0,0.0,0.9874206698327715,-0.9874206698327715,0.0,0,31756.779528222163,90439.63947148845,78119.23771392764,327585.3402095385,42234.32336496882,0.1391505483944599,3.075852075836547,False,1
892,351201.15806795337,31199.354613290354,-0.3326181128215361,0.3347333892041816,12.100792285429437,306.89850459921666,0.0032584062379129,-0.1509196578090471,-0.1509196578090471,1.0000000016851331,1,0.0,0.0,0.9885460299918124,-0.9885460299918124,0.0,0,31680.979702218086,90318.7924623668,77978.91869155136,327551.3640317035,42274.01627784843,0.13941069407604165,3.076211126572547,False,1
893,351106.70826389204,31166.50290842176,-0.3319273182829488,0.3380606606509608,12.101373159597854,309.7549605449762,0.003228358313351,-0.143729648797759,-0.143729648797759,1.0000000016416983,1,0.0,0.0,0.989616988759468,-0.989616988759468,0.0,0,31605.234496119432,90197.28024739966,77838.18580486032,327517.46055976034,42313.6026145059,0.1396708397576232,3.0765703196962475,False,1
894,351012.3682889808,31133.33712584758,-0.33123707861990365,0.3413827783453176,12.1019361090704,312.6330408978845,0.0031986382480611,-0.1365456330948576,-0.1365456330948576,1.0000000014789363,1,0.0,0.0,0.9906337801468568,-0.9906337801468568,0.0,0,31529.54491527361,90075.10807492759,77697.04073856985,327483.62988935894,42353.08272373886,0.1399309854392051,3.0769296495621528,False,1
895,350918.1390150879,31099.8581183709,-0.3305473923813578,0.344699621298025,12.102481282868682,315.53284096559963,0.0031692422232556,-0.1293680640713999,-0.1293680640713999,1.0000000014592718,1,0.0,0.0,0.9915966418475508,-0.9915966418475508,0.0,0,31453.911963372142,89952.28185575566,77555.485155235,327449.87211524224,42392.45693939601,0.1401911311207868,3.0772891105004088,False,1
896,350824.0213039286,31066.06675192748,-0.3298582580154991,0.3480112681735913,12.103008828636872,318.4544556729313,0.0031401664657928,-0.1221973906367698,-0.1221973906367698,1.000000001442457,1,0.0,0.0,0.9925058154361618,-0.9925058154361618,0.0,0,31378.336623376992,89828.80627723264,77413.52073280003,327416.1873420078,42431.72560719804,0.14045127680236832,3.0776486968595664,False,1
897,350730.0160137302,31031.96388672918,-0.3291696740702972,0.3513172202588069,12.10351889368274,321.3979793103489,0.0031114072494513,-0.115034057700861,-0.115034057700861,1.0000000014331212,1,0.0,0.0,0.9933615461356534,-0.9933615461356534,0.0,0,31302.819870774634,89707.8807455364,77271.14913886313,327382.57567660924,42470.88906638234,0.1407114224839502,3.078008402977367,False,1
898,350636.12397946964,30997.550431476768,-0.32848163860961205,0.354618099738194,12.10401162185643,324.3635059515298,0.0030829608924526,-0.1078785049122565,-0.1078785049122565,1.0000000000737888,1,0.0,0.0,0.9941640832068016,-0.9941640832068016,0.0,0,31227.362634780875,89587.13885509591,77128.37210490264,327349.03725002357,42509.94770281735,0.1409715681655318,3.0783682232675407,False,1
899,350542.34607469756,30962.827174478498,-0.32779415103205717,0.3544364940861594,12.104487163405413,327.3511273534017,0.0030548237683229,-0.100731171023471,-0.100731171023471,0.9999999993164058,1,0.0,0.0,0.9949136783900662,-0.9949136783900662,0.0,0,31151.965919511684,89465.75408998113,76985.19119507138,327315.5721497092,42548.90178351566,0.1412317138471136,3.0787281519492287,False,1
900,350448.5618655322,30928.12094865051,-0.3271036818879343,0.3517801648086696,12.10492606392054,330.3653427767061,0.003026966794114,-0.0935838239928824,-0.0935838239928824,0.999991175863656,1,0.0,0.0,0.9956133634928114,-0.9956133634928114,0.0,0,31076.393320798525,89342.82961328175,76842.05580595494,327282.31250037614,42588.07174447862,0.14149185952869522,3.079088712862073,False,1
901,350354.6857845192,30893.663998500615,-0.3264077272012092,0.3617796862327708,12.105314227158544,333.40934340773526,-0.0864310005373824,-0.0864310005373824,0.002999369536677,0.9999675931206496,1,0.0,0.9962651564577903,-0.9962651564577903,0.0,0.0,0,31000.47463117831,89217.71792145113,76699.2900994455,327249.35498117853,42627.684264194824,0.14175200521027695,3.0794502762546268,False,1
902,350261.158944091,30858.270070779396,-0.32571911752501065,0.3717792078051888,12.10572339667634,336.4672429403344,-0.079304403653751,-0.079304403653751,0.0029721200585172,0.9999611837181956,1,0.0,0.9968593617999794,-0.9968593617999794,0.0,0.0,0,30925.075282919162,89093.71462734313,76555.26106560857,327216.2169678746,42666.575531353825,0.1420121508918587,3.0798109142105243,False,1
903,350167.9906959642,30821.942704497505,-0.32503791091256634,0.3817787295259239,12.106154140977909,339.5389066238473,-0.0722046705877155,-0.0722046705877155,0.0029452155013987,0.999971439958894,1,0.0,0.997396508452484,-0.997396508452484,0.0,0.0,0,30850.206849224225,88970.85447942393,76409.97477705563,327182.8969117365,42704.743633003054,0.1422722965734404,3.0801705899135423,False,1
904,349982.1469517125,30748.039591998353,-0.3236808424685236,-2.7663914444177378,12.106987476407207,345.74513238680714,0.0028923039741105,-0.0580455780116763,-0.0580455780116763,1.0000000014199617,1,0.0,0.0,0.9983139230811984,-0.9983139230811984,0.0,0,30700.928552518366,88724.27531195921,76117.75569200973,327116.33720022795,42780.43905485393,0.14279258512256496,3.080889586580628,False,1
905,349889.19122495543,30711.17181659683,-0.32299715537495366,-2.7640068562200804,12.10734675695743,348.88995529378184,0.0028662333361297,-0.0509676472708316,-0.0509676472708316,1.0000000032915102,1,0.0,0.0,0.9987002929502848,-0.9987002929502848,0.0,0,30625.981270003656,88598.53887893901,75971.7939814346,327083.3889467069,42818.670578983656,0.14305273080414652,3.0812501150791154,False,1
906,349796.3561673682,30674.001235719385,-0.3223140052262595,-2.760746471142295,12.107689989546367,352.0575926060528,0.0028404444141415,-0.0439012732234488,-0.0439012732234488,1.000000001657012,1,0.0,0.0,0.9990358623036948,-0.9990358623036948,0.0,0,30551.101646472933,88472.2015214732,75825.44175717153,327050.51514970936,42856.800331786355,0.14331287648572805,3.0816107067879157,False,1
907,349703.6426972189,30636.528412862095,-0.32163139426537124,-2.7574894011645688,12.108017333035932,355.2481263315041,0.002814933980702,-0.0368468622886043,-0.0368468622886043,1.0000000038538672,1,0.0,0.0,0.9993209106639744,-0.9993209106639744,0.0,0,30476.2907646175,88345.26962903226,75678.70024976722,327017.71583982854,42894.82834812619,0.14357302216730988,3.08197135551596,False,1
908,349611.05149007135,30598.7545017733,-0.3209493182159095,-2.754239747940488,12.10832890871655,358.46164611859786,0.0027896988009877,-0.029804800463173,-0.029804800463173,1.0000000021874966,1,0.0,0.0,0.9995557249707916,-0.9995557249707916,0.0,0,30401.549242034613,88217.74766359119,75531.57149895576,326984.9912972239,42932.755250467155,0.14383316784889147,3.08233205609669,False,1
909,349518.5833982057,30560.680206156176,-0.32026777784131194,-2.750992642735376,12.108624865416996,361.6982343082108,0.0027647357149918,-0.0227754816493408,-0.0227754816493408,1.000000000363471,1,0.0,0.0,0.9997405916801904,-0.9997405916801904,0.0,0,30326.878033656743,88089.64191447746,75384.05692288524,326952.3416183928,42970.5812115623,0.1440933135304733,3.0826928025779643,False,1
910,349426.2393279895,30522.30609123616,-0.3195867755096163,-2.7477491324824346,12.108905360111176,364.95797023126886,0.002740041612711,-0.0157592991761741,-0.0157592991761741,1.000000005328236,1,0.0,0.0,0.999875799204914,-0.999875799204914,0.0,0,30252.278196307423,87960.95789114322,75236.15774492922,326919.76684392395,43008.306263999024,0.14435345921205484,3.083053588753548,False,1
911,349334.0198031117,30483.63363034578,-0.3189063034251649,-2.744515076091559,12.10917049186003,368.2409457024675,0.0027156133504691,-0.0087566171598273,-0.0087566171598273,1.0000000016662338,1,0.0,0.0,0.9999616450980616,-0.9999616450980616,0.0,0,30177.7500591437,87834.76124806768,75087.87643785191,326887.26740194304,43045.93135036608,0.14461360489363664,3.083414410039275,False,1
912,349241.9258249961,30444.663139011303,-0.31822636684283817,-2.7412811276825155,12.109420432167845,371.5472346264988,0.0026914479133309,-0.0017678269836072,-0.0017678269836072,1.0000000024091735,1,0.0,0.0,0.9999984215239328,-0.9999984215239328,0.0,0,30103.294857623463,87708.72987468925,74939.21387601199,326854.84323484683,43083.456250593605,0.14487375057521848,3.083775259776051,False,1
913,349149.95807092777,30405.39569433215,-0.3175469624747635,-2.738054459334158,12.109655303729706,374.87692118115854,0.0026675422637385,0.0052067052299251,0.0052067052299251,1.0000000018977595,1,0.0,0.0,0.9999864285920952,-0.9999864285920952,0.0,0,30028.913212497777,87582.12389222073,74790.17198036436,326822.4946109311,43120.88150910295,0.14513389625680018,3.084136132674576,False,1
914,349058.1173389113,30365.83207540412,-0.31686809043123426,-2.7348318226167003,12.109875247487354,378.2300841883221,0.0026438934243832,0.0121666096027918,0.0121666096027918,1.0000000017123536,1,0.0,0.0,0.9999259669654446,-0.9999259669654446,0.0,0,29954.60597249458,87454.94807726434,74640.75225838278,326790.2216755738,43158.20736983237,0.1453940419383819,3.0844970229057123,False,1
915,348966.404435306,30325.973032361413,-0.3161897511936619,-2.7316136326556184,12.110080405680666,381.6068010186424,0.0026204984563493,0.0191115198845196,0.0191115198845196,1.000000004033394,1,0.0,0.0,0.9998173396992338,-0.9998173396992338,0.0,0,29880.374001454737,87327.20767918784,74490.95617425893,326758.0245646445,43195.434046484945,0.14565418761996354,3.0848579245834693,False,1
916,348874.819997184,30285.819692601508,-0.31551194096796986,-2.7284017477168776,12.11027089545911,385.0071538517756,0.0025973544267174,0.0260410846502107,0.0260410846502107,1.0000000021595254,1,0.0,0.0,0.999660854675503,-0.999660854675503,0.0,0,29806.21784454619,87198.90753763838,74340.78571107765,326725.90358026937,43232.562134022875,0.14591433330154513,3.085218832523803,False,1
917,348783.36489553825,30245.372636058783,-0.3148346622499233,-2.7251924244556847,12.110446868781557,388.43121546610325,0.0025744584811682,0.0329549418228627,0.0329549418228627,1.0000000022388589,1,0.0,0.0,0.999456818769721,-0.999456818769721,0.0,0,29732.138485997508,87070.05371309145,74190.24209256624,326693.85879177455,43269.59167231392,0.1461744789831269,3.0855797405220717,False,1
918,348692.03988572734,30204.632697632085,-0.3141579146589676,-2.7219884290048046,12.110608460494294,391.8790615093012,0.0025518077796691,0.0398527408344398,0.0398527408344398,1.0000000043452764,1,0.0,0.0,0.999205542845326,-0.999205542845326,0.0,0,29658.13669253193,86940.65143729279,74039.32689134349,326661.89038125344,43306.52295872427,0.1464346246647083,3.085940642847079,False,1
919,348600.8456374816,30163.600891835806,-0.3134816957710547,-2.718790222654257,12.11075579295806,395.3507693999127,0.0025293995028263,0.0467341405139486,0.0467341405139486,1.0000000044547346,1,0.0,0.0,0.998907341078168,-0.998907341078168,0.0,0,29584.21307061822,86810.70560473864,73888.04192619125,326629.99861277,43343.35647303679,0.14669477034628997,3.086301534111476,False,1
920,348509.7829303031,30122.277976143607,-0.31280600615672405,-2.715595725610477,12.110889004701102,398.8464114941963,0.0025072308854646,0.0535987970508761,0.0535987970508761,1.000000004440902,1,0.0,0.0,0.9985625283629584,-0.9985625283629584,0.0,0,29510.368431562674,86680.22178739416,73736.38865754868,326598.18364167726,43380.09243287819,0.14695491602787158,3.086662408439572,False,1
921,348418.8525057186,30080.664782503794,-0.31213084556102916,-2.712405740329185,12.111008228719768,402.36606019668847,0.0024852991898003,0.0604463731514133,0.0604463731514133,1.000000004430895,1,0.0,0.0,0.9981714222227904,-0.9981714222227904,0.0,0,29436.603515493043,86549.20535428754,73584.36864586401,326566.445658781,43416.73113109577,0.14721506170945345,3.087023260097303,False,1
922,348328.0550631443,30038.762223847378,-0.3114562128158423,-2.7092203988690984,12.11111359196211,405.9097881484069,0.002463601704778,0.0672765382525439,0.0672765382525439,1.0000000027333726,1,0.0,0.0,0.9977343427190476,-0.9977343427190476,0.0,0,29362.918984073447,86417.6615358068,73431.98356113856,326534.7848938277,43453.272942943746,0.14747520739103492,3.0873840835094324,False,1
923,348237.3914088774,29996.570971259225,-0.3107821096099832,-2.706038519238312,12.111205236858543,409.4776629570509,0.0024421357706709,0.0740889595686235,0.0740889595686235,1.0000000029953764,1,0.0,0.0,0.9972516107137296,-0.9972516107137296,0.0,0,29289.3156970875,86285.59597653322,73279.23473498081,326503.2014724123,43489.717995211504,0.1477353530726165,3.087744872627172,False,1
924,348146.8622232129,29954.091958288944,-0.31010853459696897,-2.7028622332876138,12.111283287581609,413.0697553122701,0.0024208987399404,0.0808833160656627,0.0808833160656627,1.000000003009304,1,0.0,0.0,0.9967235504492188,-0.9967235504492188,0.0,0,29215.794280469767,86153.01395437123,73126.12385993388,326471.69563923863,43526.066683323625,0.1479954987541983,3.088105621917167,False,1
925,348056.4682326912,29911.326008310392,-0.3094354877499186,-2.699690315023908,12.111347875170027,416.6861329682539,0.0023998880050545,0.0876592881302358,0.0876592881302358,1.0000000029968568,1,0.0,0.0,0.9961504875333697,-0.9961504875333697,0.0,0,29142.3554456915,86019.92107927686,72972.65247304534,326440.2675931598,43562.31928913245,0.14825564443578007,3.0884663256303693,False,1
926,347966.21015438944,29868.273954918328,-0.30876296895330924,-2.6965228653300795,12.111399129181152,420.3268626627531,0.002379100989118,0.0944165609144302,0.0944165609144302,1.00000000293151,1,0.0,0.0,0.9955327495143976,-0.9955327495143976,0.0,0,29068.999886558508,85886.32245178979,72818.82212262959,326408.9175404227,43598.47610448542,0.14851579011736168,3.0888269780387647,False,1
927,347876.0887064666,29824.936619694716,-0.3080909782651432,-2.693359739276376,12.11143717932118,423.9920097306372,0.0023585351473727,0.1011548237170163,0.1011548237170163,1.000000003018433,1,0.0,0.0,0.994870665713567,-0.994870665713567,0.0,0,28995.728298761125,85755.32873735136,72664.63433739266,326377.64568460424,43634.537408311284,0.14877593579894335,3.089187573390922,False,1
928,347786.10461567703,29781.314797119634,-0.307419516098418,-2.6902009968878886,12.11146215652962,427.68163782818647,0.0023381879670899,0.1078737695762966,0.1078737695762966,1.0000000040043038,1,0.0,0.0,0.9941645671175212,-0.9941645671175212,0.0,0,28922.54139363405,85624.27607027446,72510.09060533818,326346.4522196426,43670.50345091082,0.14903608148052497,3.0895481058805374,False,1
929,347696.25852273236,29737.409449124323,-0.30674858089838014,-2.687047369007185,12.11147417967163,431.3958121870272,0.0023180569536544,0.1145731006350405,0.1145731006350405,1.000000003098667,1,0.0,0.0,0.9934147871393464,-0.9934147871393464,0.0,0,28849.439724470023,85492.71775512051,72355.19264464988,326315.3374181952,43706.37465582475,0.14929622716210678,3.089908570046384,False,1
930,347606.55120230565,29693.22125316821,-0.30607817453844877,-2.683896799855132,12.11147338629656,435.1345919791197,0.0022981396635144,0.121252515636421,0.121252515636421,1.000000003462665,1,0.0,0.0,0.992621659643187,-0.992621659643187,0.0,0,28776.42409023427,85360.66043519662,72199.94177486245,326284.3014263585,43742.151150813064,0.14955637284368845,3.090268959843218,False,1
931,347516.98335806327,29648.751024050536,-0.30540829728686164,-2.680751176885331,12.11145990401619,438.89803739141774,0.0022784336723222,0.127911721622367,0.127911721622367,1.0000000053113005,1,0.0,0.0,0.9917855207083024,-0.9917855207083024,0.0,0,28703.495159597252,85228.10863947697,72044.33950322942,326253.3444547608,43777.833205581075,0.14981651852527014,3.090629269508017,False,1
932,347427.55557670916,29603.999801474143,-0.3047389467257001,-2.6776111379241287,12.111433844157672,442.6862112153552,0.0022589365671137,0.1345504363242076,0.1345504363242076,1.0000000042620092,1,0.0,0.0,0.9909067087942264,-0.9909067087942264,0.0,0,28630.653387651953,85095.0671427664,71888.38764779651,326222.46682010527,43813.42132425346,0.15007666420685195,3.0909894937529216,False,1
933,347338.2686460905,29558.96821233165,-0.30407012544606404,-2.674473925520076,12.111395345969438,446.49916777352695,0.0022396459959335,0.1411683704854294,0.1411683704854294,1.00000000437754,1,0.0,0.0,0.9899855622753404,-0.9899855622753404,0.0,0,28557.899596712086,84961.54169748756,71732.08744872495,326191.6686521127,43848.91557958556,0.15033680988843354,3.0913496264246327,False,1
934,347249.122634652,29513.658294602577,-0.30340181902717345,-2.6713534825190988,12.111344616492332,450.3370012601525,0.0022205592643639,0.1477653118605085,0.1477653118605085,0.9999999991897912,1,0.0,0.0,0.9890224533361088,-0.9890224533361088,0.0,0,28485.2334934065,84827.53354352852,71575.44213413206,326160.9505470997,43884.31752265142,0.15059695557001535,3.0917096643203474,False,1
935,347160.1193785776,29468.068598308902,-0.3027340552058587,-2.668212539709036,12.11128161188623,454.19969481258624,0.0022016747513862,0.1543408570364323,0.1543408570364323,0.9999999993494748,1,0.0,0.0,0.988017661952961,-0.988017661952961,0.0,0,28412.657425163023,84693.0552691029,71418.44999954151,326130.3120482866,43919.625045606226,0.15085710125159693,3.092069596959631,False,1
936,347071.25902281667,29422.200993465638,-0.3020668216608383,-2.6650883256251423,12.111206543028974,458.0873360378787,0.0021829898387226,0.1608947968481809,0.1608947968481809,1.00000000084944,1,0.0,0.0,0.9869715617462712,-0.9869715617462712,0.0,0,28340.171232532535,84558.1086131476,71261.11402768086,326099.7536834974,43954.83952340236,0.15111724693317888,3.092429420786932,False,1
937,346982.54215599067,29376.05646463974,-0.30140011675367523,-2.661969414784932,12.111119521407357,461.9999799502903,0.0021645022581927,0.1674268697117639,0.1674268697117639,1.000000000454767,1,0.0,0.0,0.9858844977694122,-0.9858844977694122,0.0,0,28267.775375832105,84422.69826338347,71103.43594556107,326069.2757571484,43989.9614021646,0.1513773926147604,3.0927891304200057,False,1
938,346893.9694688209,29329.635789423424,-0.300733941407869,-2.6588534696740087,12.111020672534458,465.93767648035714,0.0021462097844849,0.1739368127588358,0.1739368127588358,0.9999999990201992,1,0.0,0.0,0.984756815625064,-0.984756815625064,0.0,0,28195.470500630385,84286.82960487797,70945.41718864828,326038.8784794682,44024.99090974232,0.15163753829634222,3.0931487200309404,False,1
939,346805.5417413162,29282.939568930233,-0.30006829876669333,-2.6557407190247253,12.110910133841369,469.9004712671057,0.0021281102297224,0.1804243629850891,0.1804243629850891,1.0000000007365164,1,0.0,0.0,0.98358886159548,-0.98358886159548,0.0,0,28123.25741384487,84150.50840505844,70787.05894222426,326008.56197900046,44059.928086455264,0.15189768397792378,3.0935081834013234,False,1
940,346717.2594979225,29235.968881247598,-0.29940318610286654,-2.6526343071863003,12.1107880080613,473.8884166474515,0.0021102013992363,0.1868892746168626,0.1868892746168626,1.0000000005540737,1,0.0,0.0,0.9823809844379188,-0.9823809844379188,0.0,0,28051.136461107293,84013.73885624186,70628.36305525007,325978.32661131053,44094.77347726908,0.15215782965950556,3.0938675153694994,False,1
941,346629.1234363787,29188.72446723336,-0.2987386048892128,-2.6495307858626727,12.110654421430343,477.90155717444736,0.0020924811501279,0.1933312968625283,0.1933312968625283,0.99999999993678,1,0.0,0.0,0.98113353306084,-0.98113353306084,0.0,0,27979.108301045257,83876.52688034839,70469.3309028404,325948.17257512617,44129.52726961133,0.1524179753410872,3.0942267100307648,False,1
942,346541.13426181575,29141.20704769354,-0.2980745568878944,-2.646431031369864,12.110509500862229,481.939937158475,0.0020749473590777,0.1997501839191838,0.1997501839191838,1.0000000006538865,1,0.0,0.0,0.979846857159482,-0.979846857159482,0.0,0,27907.17360562313,83738.87727263768,70309.96382862958,325918.1000610314,44164.18962876947,0.1526781210226689,3.094585761434392,False,1
943,346453.2925297718,29093.417612548077,-0.2974110405214928,-2.643336047129585,12.110353353194728,486.0036018404109,0.00205759791969,0.2061457000699035,0.2061457000699035,0.999999999394496,1,0.0,0.0,0.9785213083167364,-0.9785213083167364,0.0,0,27835.332778225362,83600.79506078566,70150.26355008454,325888.10939005204,44198.761006513385,0.1529382667042506,3.0949446642412,False,1
944,346365.59900026565,29045.35676691715,-0.2967480590679366,-2.640244228982784,12.11018611262661,490.0925894066649,0.0020404307708193,0.2125176045463001,0.2125176045463001,1.000000000029376,1,0.0,0.0,0.9771572379744884,-0.9771572379744884,0.0,0,27763.586589694372,83465.16052157216,69990.2312429884,325858.2007009036,44233.24144355249,0.15319841238583234,3.0953034122406486,False,1
945,346278.0542671543,28997.025413693158,-0.29608561209392287,-2.637157291911614,12.1100078908093,494.20694173443087,0.0020234438560445,0.2188656689220016,0.2188656689220016,1.0000000008324943,1,0.0,0.0,0.9757549990962084,-0.9757549990962084,0.0,0,27691.935513103846,83329.49844369642,69829.86849685009,325828.37427666975,44267.63129834487,0.15345855806741399,3.0956619999033688,False,1
946,346190.6589466658,28948.424405918442,-0.29542369981449595,-2.634074471990542,12.109818802535573,498.3466978883781,0.0020066351479723,0.2251896675423138,0.2251896675423138,1.0000000010186516,1,0.0,0.0,0.9743149453628884,-0.9743149453628884,0.0,0,27620.380062142445,83193.40193988619,69669.1768287727,325798.6303786474,44301.93087599768,0.15371870374899577,3.0960204215916183,False,1
947,346103.41362746654,28899.554637371555,-0.29476232194734664,-2.6309958576056705,12.109618958754131,502.5118966055583,0.0019900026384999,0.2314893805026124,0.2314893805026124,0.9999999990763564,1,0.0,0.0,0.9728374311759692,-0.9728374311759692,0.0,0,27548.920701754512,83056.87612121055,69508.1578103672,325768.96929002565,44336.14052541376,0.15397884943057757,3.096378671768422,False,1
948,346016.31909320294,28850.416646962953,-0.2941014827646598,-2.6279192324233462,12.109408495997991,506.702567772878,0.0019735443702202,0.2377645823478253,0.2377645823478253,0.9999999998556413,1,0.0,0.0,0.9713228111693868,-0.9713228111693868,0.0,0,27477.558245282737,82919.92721298404,69346.81251217161,325739.3911227304,44370.26021283849,0.1542389951121591,3.0967367440680507,False,1
949,345929.3758690887,28801.011426787143,-0.29344118078639364,-2.6248482947182,12.109187516655073,510.9187485430341,0.0019572583759099,0.2440150644157097,0.2440150644157097,0.9999999999987796,1,0.0,0.0,0.9697714412838374,-0.9697714412838374,0.0,0,27406.293045543483,82782.55902468228,69185.14263727848,325709.8962107701,44404.29039257662,0.15449914079374077,3.0970946331910483,False,1
950,345842.58459723304,28751.339753474538,-0.2927814173096687,-2.6217809369499903,12.10895613835354,515.1604702338484,0.001941142726994,0.2502406164620975,0.2502406164620975,1.0000000000247558,1,0.0,0.0,0.9681836777392884,-0.9681836777392884,0.0,0,27335.125664207037,82644.7768567197,69023.14958389135,325680.48478494404,44438.23128631481,0.15475928647532236,3.097452333335855,False,1
951,345755.9458828028,28701.40246117826,-0.2921221929190602,-2.6187174407826546,12.108714473765016,519.4277634896633,0.0019251955138308,0.256441034024658,0.256441034024658,0.9999999994107748,1,0.0,0.0,0.9665598773924508,-0.9665598773924508,0.0,0,27264.05659775017,82506.58532318956,68860.83482803401,325651.15710579284,44472.083177736844,0.15501943215690428,3.097809838841825,False,1
952,345669.46038204565,28651.20028832908,-0.29146350946422955,-2.61565743739732,12.108462642056852,523.7206551770764,0.0019094148573975,0.2626161142291413,0.2626161142291413,0.9999999992859816,1,0.0,0.0,0.9649003975444376,-0.9649003975444376,0.0,0,27193.086433875374,82367.98966760024,68698.19970824107,325621.91338805953,44505.84624629172,0.1552795778384858,3.098167143822128,False,1
953,345583.1286934211,28600.73406656419,-0.29080536761698816,-2.612601622089904,12.108200754742056,528.0391735455767,0.0018937988888722,0.2687656617930891,0.2687656617930891,0.9999999991218388,1,0.0,0.0,0.9632055958268726,-0.9632055958268726,0.0,0,27122.215658285655,82228.99463717177,68535.24569097997,325592.7538938496,44539.52077238862,0.15553972352006737,3.098524242618208,False,1
954,345496.95143183647,28550.004592037218,-0.2901477685355929,-2.6095495769239565,12.1079289253294,532.3833424385002,0.0018783457714782,0.2748894834837561,0.2748894834837561,0.9999999989893668,1,0.0,0.0,0.9614758305792585,-0.9614758305792585,0.0,0,27051.444786455133,82089.60497549614,68371.97418997118,325563.67886911903,44573.106997589275,0.1557998692016492,3.098881129490263,False,1
955,345410.92922747304,28499.01262839144,-0.2894907138323083,-2.606500915765592,12.107647269133723,536.7531845527318,0.0018630536879611,0.2809873902519804,0.2809873902519804,0.9999999994884156,1,0.0,0.0,0.95971146027473,-0.95971146027473,0.0,0,26980.774361445045,81949.82584952224,68208.38657016869,325534.6885448234,44606.60512757809,0.15606001488323082,3.099237798622518,False,1
956,345325.0626823,28447.758980520783,-0.2888342046079651,-2.6034569493154702,12.107355897642217,541.148721199161,0.0018479208410107,0.2870591981060214,0.2870591981060214,1.0000000004840348,1,0.0,0.0,0.9579128437991836,-0.9579128437991836,0.0,0,26910.204877063923,81809.66212362258,68044.48425154886,325505.7831737002,44640.01541283298,0.15632016056481254,3.099594244304651,False,1
957,345239.3523195837,28396.24457745681,-0.28817824034779915,-2.6004169693874903,12.10705491216926,545.5699748084977,0.0018329454445364,0.2931047307689842,0.2931047307689842,0.9999999997592144,1,0.0,0.0,0.9560803402521316,-0.9560803402521316,0.0,0,26839.73668902146,81669.11778723623,67880.26882626076,325476.9630724766,44673.33824013676,0.15658030624639413,3.0999504611419626,False,1
958,345153.7988339236,28344.470055813366,-0.2875228244240032,-2.597379336146095,12.106744435752292,550.0169595661224,0.0018181257552153,0.2991238080922305,0.2991238080922305,0.9999999999777288,1,0.0,0.0,0.9542143089685012,-0.9542143089685012,0.0,0,26769.370455768076,81528.19863323659,67715.7414717213,325448.22841178876,44706.57367462415,0.1568404519279759,3.100306443014793,False,1
959,345068.4027951908,28292.436253638793,-0.28686795757596634,-2.594346294052724,12.106424575312063,554.4896921803929,0.0018034600356092,0.3051162596255141,0.3051162596255141,1.0000000003958864,1,0.0,0.0,0.9523151094662118,-0.9523151094662118,0.0,0,26699.10661670484,81386.9090114507,67550.90364584525,325419.57946473267,44739.722002658724,0.15710059760955747,3.100662184311347,False,1
960,344983.1647825141,28240.143986572588,-0.2862136408623059,-2.591316890450336,12.106095438780113,558.9881870118643,0.0017889465702899,0.3110819184295971,0.3110819184295971,1.000000000635728,1,0.0,0.0,0.9503831013818226,-0.9503831013818226,0.0,0,26628.945628338028,81245.2530716077,67385.7567722319,325391.01649437833,44772.78348585612,0.15736074329113917,3.1010176793699906,False,1
961,344898.08538352605,28187.59404967603,-0.28555987564048435,-2.5882910739050824,12.105757135080008,563.5124561103622,0.0017745836656542,0.3170206211414394,0.3170206211414394,1.0000000006450187,1,0.0,0.0,0.9484186444397148,-0.9484186444397148,0.0,0,26558.88796292094,81103.2368785135,67220.30224262664,325362.5397544621,44805.75836293339,0.15762088897272084,3.1013729224826965,False,1
962,344813.16519146535,28134.787222651703,-0.28490666350037097,-2.585268832093252,12.105409773526365,568.0625092936643,0.0017603696487656,0.3229322080983602,0.3229322080983602,1.000000000598472,1,0.0,0.0,0.9464220984131204,-0.9464220984131204,0.0,0,26488.93410333607,80963.12170859778,67054.54142418229,325334.1494918508,44838.646855343635,0.1578810346543026,3.1017279079074025,False,1
963,344728.4047445306,28081.724367136547,-0.28425400495156794,-2.582250322014416,12.105053456441794,572.638356274045,0.0017463028612311,0.3288165258997202,0.3288165258997202,0.9999999993393448,1,0.0,0.0,0.944393823011422,-0.944393823011422,0.0,0,26419.084436898353,80823.3958115178,66888.47579690395,325305.84599656984,44871.44927554701,0.1581411803358842,3.102082630120192,False,1
964,344643.8047180461,28028.406119614552,-0.28360190357417475,-2.5792343667057023,12.104688303064734,577.239999826826,0.0017323816788628,0.3346734192276209,0.3346734192276209,0.9999999992849388,1,0.0,0.0,0.942334178075586,-0.942334178075586,0.0,0,26349.339591740398,80683.30737959537,66722.10651990773,325277.62944349565,44904.16568487856,0.1584013260174659,3.10243708301728,False,1
965,344559.3656475345,27974.833333882056,-0.282950360037052,-2.576222779222757,12.1043144149847,581.867445592306,0.0017186044820065,0.3405027426174493,0.3405027426174493,0.999999999348846,1,0.0,0.0,0.9402435231991692,-0.9402435231991692,0.0,0,26279.699952333875,80542.85942635562,66555.43505600716,325249.50012018345,44936.79638666151,0.15866147169904768,3.102791261065656,False,1
966,344475.08810686006,27921.006796394668,-0.28229937594518967,-2.5732147581626763,12.103931898359043,586.5206957888181,0.0017049696749531,0.3463043528533629,0.3463043528533629,0.9999999995054544,1,0.0,0.0,0.9381222178829454,-0.9381222178829454,0.0,0,26210.165971093287,80402.05799767142,66388.46277019187,325221.45828039426,44969.34160894606,0.15892161738062952,3.1031451585631937,False,1
967,344390.9726614976,27866.92730072888,-0.281648952831265,-2.5702103814323145,12.103540858137483,591.1997507146378,0.0016914756793413,0.3520781108592169,0.3520781108592169,0.9999999996011864,1,0.0,0.0,0.935970621467212,-0.935970621467212,0.0,0,26140.738086729427,80260.90629829242,66221.1910346524,325193.5041824146,45001.80158760683,0.15918176306221105,3.103498769833014,False,1
968,344307.0199219406,27812.595564875202,-0.280999093293666,-2.567209485427677,12.103141404603452,595.9046070201665,0.0016781209412893,0.3578238796199403,0.3578238796199403,1.0000000006245429,1,0.0,0.0,0.9337890931586036,-0.9337890931586036,0.0,0,26071.41681732994,80119.40999446035,66053.62111170749,325165.63804561767,45034.176473246254,0.15944190874379277,3.1038520890021903,False,1
969,344223.23037569737,27758.012491121928,-0.2803497974170609,-2.564212772773323,12.10273363265036,600.6352636353643,0.0016649039118715,0.3635415309539925,0.3635415309539925,1.0000000007079863,1,0.0,0.0,0.931577991638232,-0.931577991638232,0.0,0,26002.202467908268,79977.57284304527,65885.75452155285,325137.86018675007,45066.46662394401,0.15970205442537444,3.104205110698808,False,1
970,344139.6045835283,27703.17886198709,-0.27970106695524743,-2.5612191846937127,12.102317646029892,605.3917141986356,0.0016518230702395,0.3692309371515597,0.3692309371515597,0.9999999998318192,1,0.0,0.0,0.9293376755559702,-0.9293376755559702,0.0,0,25933.095471996,79835.39920433117,65717.59261241548,325110.17086075863,45098.672262889784,0.15996220010695614,3.1045578292381024,False,1
971,344056.14322846406,27648.095269050104,-0.279052906348889,-2.558227541088124,12.10189356319584,610.1739467318861,0.0016388769225798,0.3748919700226846,0.3748919700226846,1.0000000008221654,1,0.0,0.0,0.9270685033525996,-0.9270685033525996,0.0,0,25864.096476401784,79692.89453950629,65549.13645896933,325082.5702218234,45130.79339654874,0.1602223457885379,3.104910238420067,False,1
972,343972.8466754561,27592.762780790672,-0.2784053134202552,-2.55524169111723,12.10146146356515,614.9819577995603,0.0016260639637623,0.3805245173293045,0.3805245173293045,0.9999999992942138,1,0.0,0.0,0.92477083239831,-0.92477083239831,0.0,0,25795.205577087647,79550.0621349945,65380.38780840827,325055.0586774014,45162.830572084866,0.16048249147011948,3.105262333354528,False,1
973,343889.7156610058,27537.181898857525,-0.27775829393255835,-2.5522566870172967,12.101021471555937,619.8157274762415,0.001613382745385,0.3861284554113483,0.3861284554113483,0.9999999993591326,1,0.0,0.0,0.9224450209079844,-0.9224450209079844,0.0,0,25726.423515249917,79406.90748576378,65211.347602408234,325027.63633456087,45194.78369265482,0.16074263715170115,3.1056141076035626,False,1
974,343806.75066288887,27481.353509238415,-0.27711184829892865,-2.549276392725672,12.1005736799505,624.675245170093,0.0016008318044894,0.3917036757841113,0.3917036757841113,0.9999999993418048,1,0.0,0.0,0.9200914253914898,-0.9200914253914898,0.0,0,25657.750584953465,79263.43463857172,65042.017323836626,325000.303505037,45226.653098272494,0.16100278283328295,3.105965555793389,False,1
975,343723.9522640042,27425.278335211708,-0.27646597924292543,-2.5462992159952504,12.100118193961707,629.5604924910934,0.0015884097112709,0.3972500685602693,0.3972500685602693,0.9999999999686826,1,0.0,0.0,0.9177104026004808,-0.9177104026004808,0.0,0,25589.18726332637,79119.6483915711,64872.39822229576,324973.0604142256,45258.438943325826,0.16126292851486446,3.1063166721071056,False,1
976,343641.32094817486,27368.95724107881,-0.275820687516974,-2.543326111369693,12.099655106698908,634.471452788712,0.0015761150412439,0.4027675315344234,0.4027675315344234,0.9999999998831616,1,0.0,0.0,0.9153023083384968,-0.9153023083384968,0.0,0,25520.733857470448,78975.55210262237,64702.491744587984,324945.9073637509,45290.141543497724,0.16152307419644638,3.106667451130514,False,1
977,343558.8573182385,27312.390910654252,-0.27517597645856773,-2.540355632970204,12.09918452526848,639.4081028419887,0.0015639463992571,0.408255961643266,0.408255961643266,1.0000000003440337,1,0.0,0.0,0.9128674982551044,-0.9128674982551044,0.0,0,25452.39088116295,78831.15139741283,64532.299078738375,324918.8445584119,45321.76100741694,0.16178321987802782,3.107017886949594,False,1
978,343476.5618357826,27255.58022884742,-0.27453184656389107,-2.5373887278476963,12.098706539710536,644.3704222471534,0.0015519023925946,0.4137152647337098,0.4137152647337098,0.9999999996830696,1,0.0,0.0,0.9104063268993886,-0.9104063268993886,0.0,0,25384.158605787554,78686.44982250301,64361.82169531485,324891.8723121097,45353.297674745154,0.16204336555960958,3.1073679742278344,False,1
979,343394.43514027447,27198.525817230828,-0.27388830212190907,-2.5344244180872235,12.098221260996311,649.3583817630686,0.0015399816620411,0.4191453436221418,0.4191453436221418,0.9999999999945646,1,0.0,0.0,0.9079191488766452,-0.9079191488766452,0.0,0,25316.037610442843,78541.45236914557,64191.06068826484,324864.99079607666,45384.75158157545,0.16230351124119125,3.107717706886158,False,1
980,343312.47773689294,27141.228487179822,-0.2732453447310082,-2.531463889544812,12.097728783858551,654.371954685224,0.0015281828520743,0.4245461096970657,0.4245461096970657,1.000000000620489,1,0.0,0.0,0.905406317627464,-0.905406317627464,0.0,0,25248.02824419277,78396.16266049142,64020.01741792142,324838.2002847212,45416.122982606204,0.16256365692277316,3.1080670793946,False,1
981,343230.69005965005,27083.68914541085,-0.2726029746243613,-2.5285071928646428,12.09722919432562,659.4111145743566,0.0015165046172885,0.4299174803964583,0.4299174803964583,0.9999999995665132,1,0.0,0.0,0.9028681855752512,-0.9028681855752512,0.0,0,25180.13073518884,78252.1069407403,63848.69337770647,324811.5011054136,45447.41224340488,0.16282380260435472,3.1084160865109265,False,1
982,343149.0728149915,27025.90830624812,-0.2719611977465895,-2.5255521212295835,12.09672261045691,664.475822621425,0.0015049456520365,0.4352593668834141,0.4352593668834141,1.000000000328955,1,0.0,0.0,0.9003051055757063,-0.9003051055757063,0.0,0,25112.345780862554,78108.99673040287,63677.08950050296,324784.8933701787,45478.61927385281,0.16308394828593648,3.1087647218608527,False,1
983,343067.62642246566,26967.886886543565,-0.27132001422889396,-2.522601510267862,12.09620911611466,669.566048201141,0.001493504640578,0.4405716941737796,0.4405716941737796,1.0000000007307508,1,0.0,0.0,0.8977174284825011,-0.8977174284825011,0.0,0,25044.673587403027,77965.5913992615,63505.207288220925,324758.3774122369,45509.74445134073,0.16334409396751826,3.109112980250217,False,1
984,342986.3514014456,26909.6256562255,-0.27067942635542563,-2.5196539712503823,12.095688806702036,674.6817544053424,0.00148218029262,0.4458543870139219,0.4458543870139219,1.0000000006511087,1,0.0,0.0,0.895105504829405,-0.895105504829405,0.0,0,24977.11453370517,77821.89568167948,63333.04803154086,324731.9534843934,45540.78798250379,0.16360423964909984,3.109460856066605,False,1
985,342905.24830130365,26851.125338727354,-0.2700394371183817,-2.5167091174849574,12.095161780904812,679.8229011347601,0.001470971334537,0.4511073727385101,0.4511073727385101,1.000000000586322,1,0.0,0.0,0.8924696843747343,-0.8924696843747343,0.0,0,24909.669051406847,77677.91366190425,63160.612952178126,324705.6218136339,45571.75001942153,0.16386438533068168,3.1098083435684343,False,1
986,342824.31764269783,26792.38669303632,-0.26940004901538395,-2.5137673690744884,12.094628133756665,684.9894470647613,0.0014598765052476,0.4563305831992013,0.4563305831992013,1.0000000005176977,1,0.0,0.0,0.8898103158416913,-0.8898103158416913,0.0,0,24842.337524357892,77533.65003265333,62987.903319573554,324679.38264657545,45602.63075553564,0.16412453101226324,3.110155437127732,False,1
987,342743.55994801456,26733.410471137653,-0.2687612646726196,-2.5108286526471963,12.094087960173598,690.1813465727444,0.0014488945623433,0.4615239526706916,0.4615239526706916,1.0000000005044274,1,0.0,0.0,0.8871277475451109,-0.8871277475451109,0.0,0,24775.120340778085,77389.10845576333,62814.92039043717,324653.23622587824,45633.430375917786,0.16438467669384485,3.1105021311045853,False,1
988,342662.97572573565,26674.197439466312,-0.268123086526435,-2.507893152554556,12.093541353237002,695.3985549480722,0.0014380242710642,0.4666874207476564,0.4666874207476564,1.000000000388921,1,0.0,0.0,0.8844223260418009,-0.8844223260418009,0.0,0,24708.01786657801,77244.29319750388,62641.66543931814,324627.1828022418,45664.14908253101,0.1646448223754266,3.110848419911909,False,1
989,342582.565502023,26614.7483358358,-0.2674855174643126,-2.504960482523201,12.092988407769136,700.6410224018005,0.0014272644166643,0.4718209287786074,0.4718209287786074,1.0000000003820757,1,0.0,0.0,0.8816943975415819,-0.8816943975415819,0.0,0,24641.03049929312,77099.20871184125,62468.13969725331,324601.2226101679,45694.78704342462,0.16490496805700822,3.111194297885336,False,1
990,342502.329783701,26555.063919902008,-0.2668485600731387,-2.5020309078882894,12.092429216073242,705.9086978390707,0.0014166137960086,0.47692442232326,0.47692442232326,1.0000000003794076,1,0.0,0.0,0.878944307041045,-0.878944307041045,0.0,0,24574.15860497387,76953.85887432976,62294.34442364188,324575.35589627334,45725.344452304584,0.16516511373858994,3.111539759436215,False,1
991,342422.26905529667,26495.144976592183,-0.26621221658176564,-2.499104368916984,12.09186386768934,711.2015284848361,0.0014060712188344,0.4819978509500871,0.4819978509500871,0.9999999999326996,1,0.0,0.0,0.8761723984023596,-0.8761723984023596,0.0,0,24507.402513216774,76808.24778665447,62120.28091127603,324549.58292145224,45755.821532858135,0.16542525942017156,3.11188479906396,False,1
992,342342.3838814837,26434.99217944288,-0.26557649092536534,-2.4961802093158783,12.091292460936817,716.5194560310549,0.0013956355150744,0.4870411648879464,0.4870411648879464,1.000000000030852,1,0.0,0.0,0.8733790148746899,-0.8733790148746899,0.0,0,24440.762691545184,76662.37988844622,61945.95029133918,324523.90388297546,45786.21837611894,0.16568540510175347,3.1122294109339137,False,1
993,342262.67477564694,26374.606266791754,-0.2649413860923156,-2.4932592301110925,12.090715088026958,721.8624215393489,0.001385305524411,0.4920543193134976,0.4920543193134976,1.000000000782741,1,0.0,0.0,0.8705644983651086,-0.8705644983651086,0.0,0,24374.2395217155,76516.25928034149,61771.35378449326,324498.3190144418,45816.535149824806,0.16594555078333517,3.112573589419677,False,1
994,342183.1421486836,26313.98810739786,-0.2643069031050292,-2.4903423241283007,12.090131829192876,727.2303673679554,0.001375080091656,0.4970372758355362,0.4970372758355362,1.0000000006040948,1,0.0,0.0,0.8677291891003994,-0.8677291891003994,0.0,0,24307.83321297652,76369.88942145802,61596.492795020706,324472.8286241734,45846.77217775946,0.16620569646491676,3.1129173293140115,False,1
995,342103.78649822186,26253.13845053935,-0.26367304482009657,-2.487427620377593,12.08954277428642,732.6232300519955,0.0013649580831104,0.5019899964266337,0.5019899964266337,0.9999999994573332,1,0.0,0.0,0.8648734266537849,-0.8648734266537849,0.0,0,24241.544123541098,76223.27458817729,61421.3685543479,324447.4329521109,45876.929641065195,0.1664658421464985,3.113260625049131,False,1
996,342024.60845407326,26192.05786995262,-0.2630398168221784,-2.4845143777124434,12.088948027819802,738.0409385366534,0.0013549383884132,0.5069124421536823,0.5069124421536823,0.9999999995072218,1,0.0,0.0,0.8619975502122856,-0.8619975502122856,0.0,0,24175.372837414558,76076.41929163966,61245.982040250005,324422.1321360267,45907.00750942083,0.16672598782808037,3.1136034705102404,False,1
997,341945.6084985363,26130.74712843738,-0.26240722182955245,-2.481604969136712,12.088347677296172,743.4834247307294,0.0013450198980603,0.5118045818758725,0.5118045818758725,1.0000000004640617,1,0.0,0.0,0.8591018969345435,-0.8591018969345435,0.0,0,24109.319689969998,75929.32764955082,61070.3344973872,324396.9264220314,45937.00597918926,0.16698613350966196,3.1139458601880774,False,1
998,341866.7870107468,26069.207116553644,-0.2617752605969693,-2.4786995311202222,12.087741798187764,748.9506218614764,0.0013352015085882,0.5166663906346758,0.5166663906346758,1.0000000004342082,1,0.0,0.0,0.8561868021460411,-0.8561868021460411,0.0,0,24043.384843643173,75782.00275635066,60894.42735065542,324371.81613057334,45966.92540137892,0.16724627919124363,3.114287788995796,False,1
999,341788.14451686654,26007.438531040396,-0.2611439368973499,-2.4757959768580844,12.08713048246615,754.4424549509546,0.0013254821404615,0.5214978420078425,0.5214978420078425,0.9999999999602892,1,0.0,0.0,0.8532526008031011,-0.8532526008031011,0.0,0,23977.56871150434,75634.44942023077,60718.26174565931,324346.80146920914,45996.76589296544,0.16750642487282547,3.114629251239041,False,1
1000,341709.6815958543,25945.441998667877,-0.26051325563281097,-2.4728945156445774,12.08651382748005,759.9588443633695,0.001315860730688,0.5262989111146745,0.5262989111146745,1.0000000004147835,1,0.0,0.0,0.850299626927143,-0.850299626927143,0.0,0,23911.871797459724,75486.67140685758,60541.838724975634,324321.8826035176,46026.52748532417,0.16776657055440705,3.114970241004701,False,1
1001,341631.39863965893,25883.21837960474,-0.2598832180820734,-2.4699970035807626,12.085891909414103,765.4997149204106,0.0013063362149933,0.5310695816401119,0.5310695816401119,1.000000000257536,1,0.0,0.0,0.8473282121196443,-0.8473282121196443,0.0,0,23846.2942911188,75339.90987765916,60365.15966223086,324297.059835435,46056.21049336215,0.1680267162359887,3.1153107531478765,False,1
1002,341553.2961833885,25820.76834898407,-0.25925382844607686,-2.467101447030589,12.08526482012925,771.0649834024779,0.0012969075520696,0.5358098360433958,0.5358098360433958,1.0000000002223224,1,0.0,0.0,0.8443386875185863,-0.8443386875185863,0.0,0,23780.836625618278,75194.22902236939,60188.225663982375,324272.333357693,46085.81500668352,0.16828686191757036,3.11565078193328,False,1
1003,341475.37466084067,25758.09270519934,-0.2586250890081364,-2.464208677309704,12.08463263995685,776.6545676969406,0.0012875737058523,0.5405196626439186,0.5405196626439186,0.9999999995143852,1,0.0,0.0,0.8413313823226445,-0.8413313823226445,0.0,0,23715.499064907257,75048.32104924147,60011.038010494434,324247.703435239,46115.341265317285,0.16854700759915212,3.115990322041425,False,1
1004,341397.6346508313,25695.192062565562,-0.25799700499493167,-2.4613178065167567,12.083995464870798,782.2683774697433,0.0012783336622943,0.5451990485611997,0.5451990485611997,0.9999999995565212,1,0.0,0.0,0.8383066252740271,-0.8383066252740271,0.0,0,23650.282119155163,74902.19021300235,59833.59771589552,324223.17022306984,46144.78928349631,0.1688071532807338,3.1163293675557515,False,1
1005,341320.07663974405,25632.0671473879,-0.25736957989155645,-2.458430262242528,12.08335338036015,787.9063232785087,0.0012691864129419,0.5498479865353705,0.5498479865353705,1.00000000037616,1,0.0,0.0,0.8352647431336641,-0.8352647431336641,0.0,0,23585.186144499225,74755.84136995664,59655.905951700566,324198.7339416327,46174.15921225533,0.16906729896231545,3.116667912939526,False,1
1006,341242.70094439766,25568.718889561347,-0.2567428139394215,-2.45554645096428,12.082706452890182,793.5683194584476,0.0012601309495478,0.5544664768170948,0.5544664768170948,0.9999999995661534,1,0.0,0.0,0.832206060183475,-0.832206060183475,0.0,0,23520.211213615607,74609.27707467097,59477.96417880629,324174.3949329915,46203.45145393276,0.16932744464389707,3.1170059533524905,False,1
1007,341165.5082589328,25505.1477537313,-0.2561167148669941,-2.4526633166681022,12.082054790109206,799.2542631136342,0.0012511663013732,0.5590545120533975,0.5590545120533975,1.0000000002548826,1,0.0,0.0,0.8291309016853421,-0.8291309016853421,0.0,0,23455.35803564405,74462.50181090226,59299.77318905608,324150.1532595015,46232.6658362628,0.1695875903254788,3.1173434824036748,False,1
1008,341088.49885883246,25441.354711036995,-0.2554912822796764,-2.4497844487546665,12.081398453381194,804.9640647578269,0.0012422914806548,0.5636120992179956,0.5636120992179956,0.9999999995293594,1,0.0,0.0,0.8260395887520653,-0.8260395887520653,0.0,0,23390.626617868547,74315.51918113483,59121.33449727268,324126.0092871897,46261.8028134341,0.1698477360070606,3.117680495422704,False,1
1009,341011.673369208,25377.340305283647,-0.254866522707342,-2.446906520303117,12.080737542053791,810.6976187957368,0.0012335055349962,0.5681392385966055,0.5681392385966055,0.9999999995195852,1,0.0,0.0,0.822932443248853,-0.822932443248853,0.0,0,23326.01755670202,74168.33357018548,58942.64900349233,324101.96312370914,46290.86230961292,0.1701078816886422,3.118016986303214,False,1
1010,340935.0322871783,25313.10523273503,-0.25424244025347426,-2.4440314978316104,12.080072141086342,816.4548214409401,0.001224807514328,0.5726359366174316,0.5726359366174316,1.0000000005142011,1,0.0,0.0,0.8198097848256585,-0.8198097848256585,0.0,0,23261.53123545926,74020.94891001146,58763.717823222,324078.01496734424,46319.84443748441,0.17036802737022394,3.11835294946567,False,1
1011,340858.57587683224,25248.650463190854,-0.2536190345653893,-2.441160733320312,12.079402309814736,822.2355757369111,0.0012161964643032,0.5771022087269706,0.5771022087269706,0.999999999625076,1,0.0,0.0,0.8166719299225739,-0.8166719299225739,0.0,0,23197.167648734234,73873.36790743194,58584.542462179204,324054.16518264654,46348.74965169958,0.1706281730518057,3.118688380287942,False,1
1012,340782.30481050926,25183.97647736996,-0.2529963133202827,-2.438290049829607,12.07872815151834,828.0397656952266,0.0012076714686445,0.5815380621828308,0.5815380621828308,0.9999999996235088,1,0.0,0.0,0.8135191962548683,-0.8135191962548683,0.0,0,23132.92747720878,73725.59554365919,58405.12372208254,324030.41383502004,46377.57779519744,0.17088831873338745,3.119023272473074,False,1
1013,340706.2195635162,25119.083987897026,-0.25237428043599963,-2.4354224665281423,12.078049747812768,833.8672803261528,0.0011992316090879,0.5859435122111019,0.5859435122111019,1.0000000005520815,1,0.0,0.0,0.8103518986381458,-0.8103518986381458,0.0,0,23068.81107333093,73577.63582756234,58225.4627342313,324006.7611298805,46406.329000350495,0.17114846441496898,3.119357620534753,False,1
1014,340630.32048298616,25053.973853703497,-0.2517529374262174,-2.4325587548901906,12.077367166098709,839.7180108698968,0.0011908759697486,0.5903185798856404,0.5903185798856404,1.0000000007787622,1,0.0,0.0,0.8071703494576677,-0.8071703494576677,0.0,0,23004.818577121536,73429.4916465844,58045.56083770338,323983.20736211806,46435.003583896156,0.17140861009655067,3.119691419514007,False,1
1015,340554.60799801,24988.646833116785,-0.2511322874781697,-2.4296966101868964,12.07668048234348,845.5918428044378,0.0011826036503283,0.5946632868009278,0.5946632868009278,0.9999999998267032,1,0.0,0.0,0.8039748599815729,-0.8039748599815729,0.0,0,22940.95026776829,73281.16679798026,57865.41922509498,323959.75276437885,46463.60173642686,0.17166875577813245,3.1200246641171754,False,1
1016,340479.08273722307,24923.103450666193,-0.2505123377145303,-2.426835397042088,12.07598979357453,851.4886505812069,0.0011744137744786,0.5989776520597598,0.5989776520597598,0.99999999983279,1,0.0,0.0,0.8007657413212125,-0.8007657413212125,0.0,0,22877.206759800494,73132.66606628864,57685.03875042214,323936.3974229904,46492.12335213446,0.1719289014597141,3.1203573482346405,False,1
1017,340403.74514188984,24857.34444573603,-0.2498930917095178,-2.4239776145046616,12.075295176312377,857.4083135006254,0.0011663054633784,0.6032617021682661,0.6032617021682661,1.0000000004710528,1,0.0,0.0,0.7975433015932814,-0.7975433015932814,0.0,0,22813.58835669805,72983.99276206014,57504.42057341062,323913.14155599143,46520.568596517216,0.1721890471412958,3.120689466527847,False,1
1018,340328.59555149026,24791.37067016743,-0.2492745511560688,-2.421123299411829,12.074596695922532,863.3507118077077,0.0011582778428791,0.607515468438558,0.607515468438558,1.0000000001620828,1,0.0,0.0,0.7943078466601057,-0.7943078466601057,0.0,0,22750.09519423853,72835.15071675148,57323.56601328075,323889.98545112537,46548.93777856811,0.17244919282287746,3.121021014077772,False,1
1019,340253.6345281476,24725.182718247022,-0.2486567221153143,-2.418269700010424,12.073894441168502,869.315714425994,0.001150330062742,0.6117389794048766,0.6117389794048766,1.0000000001850289,1,0.0,0.0,0.7910596821356947,-0.7910596821356947,0.0,0,22686.727781550202,72686.14323849708,57142.476016694636,323866.9292340124,46577.23087898458,0.17270933850445913,3.1213519850557234,False,1
1020,340178.862517353,24658.781314634387,-0.2480396084774984,-2.415418605032983,12.07318848795598,875.3031918776762,0.0011424612745764,0.6159322688245666,0.6159322688245666,1.0000000003406404,1,0.0,0.0,0.7877991112039218,-0.7877991112039218,0.0,0,22623.486435349623,72536.97466372409,56961.15171502122,323843.9731105707,46605.44804433784,0.17296948418604077,3.1216823741142443,False,1
1021,340104.27995874063,24592.167187372666,-0.2474232140976696,-2.412570034557643,12.072478911329902,881.3130121491323,0.0011346706408697,0.6200953730318408,0.6200953730318408,1.0000000003826175,1,0.0,0.0,0.7845264352882416,-0.7845264352882416,0.0,0,22560.371464696596,72387.64825568674,56779.59424212741,323821.1172878319,46633.58942548141,0.17322962986762253,3.122012175933141,False,1
1022,340029.88727872213,24525.341076011366,-0.24680754265457966,-2.4097237702633567,12.071765784539185,887.345040909222,0.0011269573321207,0.624228331040205,0.624228331040205,0.999999999931712,1,0.0,0.0,0.7812419540118062,-0.7812419540118062,0.0,0,22497.383158769575,72240.23161712024,56597.80474611504,323798.3619791353,46661.65518808364,0.17348977554920433,3.122341385249836,False,1
1023,339955.6850223045,24458.303585436937,-0.2461926001731188,-2.406878732934113,12.071049192958974,893.3991362527095,0.001119320535935,0.628331181542104,0.628331181542104,1.0000000000468288,1,0.0,0.0,0.7779459660576894,-0.7779459660576894,0.0,0,22434.52200604335,72092.95871970999,56415.78417874349,323775.70731083304,46689.64532373815,0.17374992123078586,3.1226699963201727,False,1
1024,339881.6735444765,24391.055528589768,-0.24557838911669813,-2.404036979072491,12.070329201626118,899.4751610836221,0.0011117594383525,0.6324039699158703,0.6324039699158703,0.9999999995221962,1,0.0,0.0,0.7746387670499073,-0.7746387670499073,0.0,0,22371.788181258482,71945.52716709723,56233.53378878138,323753.1535406243,46717.560092643864,0.1740100669123676,3.1229980041818366,False,1
1025,339807.8534065045,24323.597488077266,-0.24496491596572903,-2.4011960968657524,12.069605896841884,905.5729669164303,0.0011042732464427,0.6364467391195991,0.6364467391195991,0.9999999996124372,1,0.0,0.0,0.771320652330339,-0.771320652330339,0.0,0,22309.18220393383,71797.9409021811,56051.05449098976,323730.70077758736,46745.3994562682,0.17427021259394912,3.123325403032713,False,1
1026,339734.22505816846,24255.930167151233,-0.2443521851431719,-2.398358179643065,12.068879352830404,911.6924070691764,0.0010968611700446,0.640459537011363,0.640459537011363,1.0000000002502067,1,0.0,0.0,0.7679919146316274,-0.7679919146316274,0.0,0,22246.704410554783,71650.20440797381,55868.34737115301,323708.3492064242,46773.16353196651,0.17453035827553084,3.123652187531631,False,1
1027,339660.78882282734,24188.054403148726,-0.24374019873958205,-2.395523097826824,12.068149630356135,917.8333374243526,0.001089522421396,0.6444424165162628,0.6444424165162628,0.999999999943378,1,0.0,0.0,0.7646528439382331,-0.7646528439382331,0.0,0,22184.35493014264,71502.32032940042,55685.413706115425,323686.09909747663,46800.852612249124,0.17479050395711251,3.12397835285893,False,1
1028,339587.54526689,24119.97076698228,-0.24312896354706928,-2.3926887329437294,12.067416814997156,923.9956005293524,0.0010822562354996,0.6483954272685224,0.6483954272685224,1.0000000000059663,1,0.0,0.0,0.7613037302845447,-0.7613037302845447,0.0,0,22122.134296860953,71354.29347769263,55502.25438652799,323663.9505475138,46828.46664128573,0.17505064963869407,3.1243038932061147,False,1
1029,339514.49477109674,24051.68002775388,-0.24251848289818295,-2.3898570402483474,12.066680972814297,930.1790440527772,0.0010750618457769,0.6523186252785683,0.6523186252785683,0.9999999996430328,1,0.0,0.0,0.7579448604661462,-0.7579448604661462,0.0,0,22060.042739365483,71206.12656316855,55318.87058612702,323641.9037802973,46856.00582237556,0.17531079532027583,3.1246288035290744,False,1
1030,339441.6379253331,23983.18272835183,-0.24190876416839202,-2.3870263913076144,12.065942190974468,936.3835039834842,0.0010679385059224,0.6562120642386894,0.6562120642386894,1.0000000004061569,1,0.0,0.0,0.7545765209547837,-0.7545765209547837,0.0,0,21998.080834798748,71057.82434792399,55135.26315001713,323619.95887044555,46883.47006083175,0.1755709410018575,3.124953077934675,False,1
1031,339368.9749355127,23914.47981785774,-0.24129980752355795,-2.384199771691004,12.065200516805996,942.608829437128,0.0010608854579852,0.66007580805223,0.66007580805223,0.9999999996073488,1,0.0,0.0,0.7511989936562208,-0.7511989936562208,0.0,0,21936.248527127493,70909.38931322344,54951.433506832036,323598.1161571733,46910.859797524885,0.17583108668343916,3.1252767121040352,False,1
1032,339296.50646808435,23845.571754261495,-0.24069162192862295,-2.381372638740245,12.064456044553022,948.8548472377456,0.0010539019775728,0.6639099130160921,0.6639099130160921,0.999999999639142,1,0.0,0.0,0.7478125619363581,-0.7478125619363581,0.0,0,21874.546524244128,70760.82630408205,54767.382374659835,323576.37565604004,46938.17482405468,0.17609123236502083,3.125599699843104,False,1
1033,339224.2329643545,23776.45923254064,-0.24008421215247316,-2.378548238462049,12.063708844946875,955.1213916381816,0.0010469873348752,0.6677144426131174,0.6677144426131174,1.000000000410242,1,0.0,0.0,0.7444175053896702,-0.7444175053896702,0.0,0,21812.975163985393,70612.13902827364,54583.11081055786,323554.7375361535,46965.41524458784,0.17635137804660259,3.125922035884012,False,1
1034,339152.154683822,23707.14313429879,-0.2394775796029709,-2.375727310517484,12.062958969779688,961.4083002160912,0.0010401408017134,0.6714894654459069,0.6714894654459069,0.9999999999162668,1,0.0,0.0,0.7410141009159079,-0.7410141009159079,0.0,0,21751.534486213757,70463.33007930274,54398.620138995975,323533.20208938763,46992.58141211487,0.1766115237281842,3.126243715706993,False,1
1035,339080.27223788266,23637.623971719142,-0.23887173240423035,-2.372906204955106,12.062206506440605,967.7153947752092,0.001033361673913,0.6752350457260153,0.6752350457260153,0.999999999916944,1,0.0,0.0,0.7376026253879493,-0.7376026253879493,0.0,0,21690.225114071683,70314.40444505075,54213.911148975174,323511.76936093665,47019.673186837455,0.17687166940976587,3.1265647333627835,False,1
1036,339008.5860481625,23567.902452778402,-0.2382666751669926,-2.370087257402268,12.06145152246524,974.0424980981884,0.0010266492500348,0.6789512520632568,0.6789512520632568,1.0000000001484728,1,0.0,0.0,0.7341833537423067,-0.7341833537423067,0.0,0,21629.04735971254,70165.3649456312,54028.98490945954,323490.4395241633,47046.69068956089,0.17713181509134762,3.126885083683726,False,1
1037,338937.0965235933,23497.9792958354,-0.23766241233402788,-2.3672711275046168,12.060694083752855,980.3894364821516,0.0010200028304122,0.6826381572949236,0.6826381572949236,1.0000000002339229,1,0.0,0.0,0.7307565570405273,-0.7307565570405273,0.0,0,21568.001516697812,70016.21544189671,53843.84250222164,323469.21275798976,47073.63405494744,0.17739196077292935,3.1272047615609373,False,1
1038,338865.80411216355,23427.855176785426,-0.23705894915330983,-2.364456027204044,12.059934259866,986.7560277618086,0.0010134217294288,0.686295834044305,0.686295834044305,1.000000000210926,1,0.0,0.0,0.7273225059445919,-0.7273225059445919,0.0,0,21507.087945272215,69866.96007908438,53658.48494545299,323448.0892113154,47100.50336030427,0.17765210645451107,3.1275237617336007,False,1
1039,338794.70923127286,23357.53080042031,-0.2364562903671176,-2.361642438534012,12.059172116789345,993.1420891842214,0.0010069052665686,0.6899243577627587,0.6899243577627587,0.999999999817792,1,0.0,0.0,0.7238814686534428,-0.7238814686534428,0.0,0,21446.306957624038,69717.60154195604,53472.91329682831,323427.06905089895,47127.29872161476,0.17791225213609282,3.127842079073168,False,1
1040,338723.81241084007,23287.006755921197,-0.2358544428981376,-2.3588304171510672,12.058407731461005,999.5474302363878,0.0010004527747016,0.6935238036633615,0.6935238036633615,0.9999999999185208,1,0.0,0.0,0.7204337122048605,-0.7204337122048605,0.0,0,21385.659053429845,69568.1448567791,53287.12844449495,323406.15236332075,47154.02009762996,0.17817239781767438,3.1281597080006343,False,1
1041,338653.1140497,23216.2837629691,-0.23525341127668598,-2.356020316978296,12.05764116725463,1005.9718631760524,0.0009940635883526,0.6970942512919184,0.6970942512919184,1.0000000000678209,1,0.0,0.0,0.7169795007568462,-0.7169795007568462,0.0,0,21325.144519019756,69418.59235225384,53101.131462828766,323385.33932175534,47180.66762349946,0.17843254349925608,3.128476643479271,False,1
1042,338582.61457690434,23145.362508499544,-0.234653200668589,-2.3532124071900875,12.056872490158105,1012.4151960743344,0.0009877370511335,0.7006357814184382,0.7006357814184382,1.0000000001306075,1,0.0,0.0,0.7135190967157671,-0.7135190967157671,0.0,0,21264.763692759792,69269.07432128054,52914.92337669847,323364.63007557404,47207.241389649105,0.17869268918083767,3.1287928803574703,False,1
1043,338512.3144408214,23074.2436582085,-0.2340538166689507,-2.3504056423661703,12.05610176771725,1018.8772332299172,0.0009814725147903,0.7041484762322585,0.7041484762322585,1.0000000001699154,1,0.0,0.0,0.7100527606681718,-0.7100527606681718,0.0,0,21204.516947142954,69121.57559476029,52728.50517798404,323344.0247578085,47233.74145704873,0.17895283486241934,3.1291084134135545,False,1
1044,338442.2140599528,23002.927905375967,-0.23345526438159242,-2.34760040682879,12.055329064080215,1025.3577774093098,0.000975269337382,0.7076324202266815,0.7076324202266815,0.9999999999639588,1,0.0,0.0,0.706580750996625,-0.706580750996625,0.0,0,21144.40460795071,68973.98295551322,52541.87789621895,323323.5235186847,47260.16792403023,0.17921298054400095,3.129423237556184,False,1
1045,338372.31392751785,22931.415868028507,-0.23285755037276157,-2.34479635444797,12.05455445046103,1031.8566252864207,0.0009691268881253,0.7110876983326524,0.7110876983326524,1.000000000005694,1,0.0,0.0,0.7031033245865191,-0.7031033245865191,0.0,0,21084.4271260284,68826.29951968302,52355.04244971332,323303.1264545056,47286.520784853456,0.17947312622558276,3.129737347399164,False,1
1046,338302.61446202843,22859.708235865055,-0.2322606798795802,-2.3419941302168974,12.05377799010754,1038.373573731134,0.0009630445395813,0.7145143984469005,0.7145143984469005,1.0000000000759832,1,0.0,0.0,0.6996207358694794,-0.6996207358694794,0.0,0,21024.58483194554,68678.52955559896,52167.99985815919,323282.83370917896,47312.800131820746,0.17973327190716448,3.130050737869567,False,1
1047,338233.1160333984,22787.80574343296,-0.23166465730061803,-2.3391938068252367,12.052999741310412,1044.9084190780864,0.0009570216697951,0.7179126109961171,0.7179126109961171,0.9999999995192276,1,0.0,0.0,0.6961332368955654,-0.6961332368955654,0.0,0,20964.87797905598,68530.67543889588,51980.751204121785,323262.6454562357,47339.00611920737,0.17999341758874607,3.1303634041013084,False,1
1048,338163.8192098376,22715.708931822574,-0.23106949079430913,-2.336393697639686,12.052219781247985,1051.4609459277617,0.0009510576726198,0.7212824246593759,0.7212824246593759,0.9999999995137516,1,0.0,0.0,0.6926410790721056,-0.6926410790721056,0.0,0,20905.307148130436,68382.74213963824,51793.2972876704,323242.5617320722,47365.13863215895,0.18025356327032777,3.130675340432215,False,1
1049,338094.72445345,22643.418443930022,-0.23047518660583288,-2.333595700359848,12.051438176347338,1058.0309406689803,0.0009451519440608,0.7246239315974008,0.7246239315974008,1.0000000002387408,1,0.0,0.0,0.6891445110562028,-0.6891445110562028,0.0,0,20845.872748404392,68234.73350349997,51605.63905372264,323222.5826416883,47391.19769593336,0.18051370895190944,3.130986541641772,False,1
1050,338025.8319774284,22570.935157942055,-0.22988174641908618,-2.3308005324940724,12.05065496826214,1064.6181979700295,0.0009393038763799,0.7279372296148079,0.7279372296148079,0.9999999996435364,1,0.0,0.0,0.6856437778208776,-0.6856437778208776,0.0,0,20786.574784048833,68086.65202383487,51417.7777862511,323202.70845440286,47417.18366463822,0.18077385463349116,3.1312970035301304,False,1
1051,337957.1425107772,22498.25945931335,-0.22928918156811348,-2.3280042076657703,12.049870248585878,1071.2224865855724,0.000933512891107,0.7312224096217255,0.7312224096217255,1.0000000003149958,1,0.0,0.0,0.6821391257588378,-0.6821391257588378,0.0,0,20727.414105906908,67938.50293461928,51229.71405292209,323182.9390895098,47443.09620181813,0.18103400031507275,3.131606719813537,False,1
1052,337888.65620667976,22425.39227773568,-0.22869749275841697,-2.3252116556178457,12.049084052436095,1077.843598203038,0.0009277783918442,0.7344795734070767,0.7344795734070767,0.999999999705859,1,0.0,0.0,0.678630795397029,-0.678630795397029,0.0,0,20668.390625241387,67790.28849114383,51041.4492078989,323163.27484975837,47468.93573439637,0.18129414599665447,3.1319156865564075,False,1
1053,337820.3737181147,22352.33406974124,-0.22810669003383513,-2.322418233401828,12.04829646304872,1084.4812992192474,0.0009220998100393,0.7377088162297307,0.7377088162297307,0.9999999996911966,1,0.0,0.0,0.6751190285316103,-0.6751190285316103,0.0,0,20609.50507304247,67642.01349222264,50852.983917391335,323143.71569964633,47494.70202270216,0.18155429167823617,3.1322238978056984,False,1
1054,337752.29542629106,22279.085546326958,-0.22751677846093055,-2.319626874946472,12.047507536867608,1091.1353653427814,0.0009164765730034,0.7409102391760931,0.7409102391760931,0.9999999997489633,1,0.0,0.0,0.6716040631285037,-0.6716040631285037,0.0,0,20550.757738509274,67493.68135050482,50664.319213999945,323124.26178250724,47520.395184962115,0.18181443735981775,3.132531348722502,False,1
1055,337684.42175464676,22205.647377112833,-0.22692776395306008,-2.316837023058433,12.046717334038554,1097.8055676459478,0.0009109081147267,0.7440839441174483,0.7440839441174483,0.9999999997323634,1,0.0,0.0,0.6680861353572484,-0.6680861353572484,0.0,0,20492.14898235054,67345.2956662584,50475.45606826756,323104.9132101996,47546.01528049874,0.18207458304139948,3.132838034307809,False,1
1056,337616.7531525851,22132.020206210917,-0.226339652967196,-2.31404817576604,12.045925916765816,1104.491673087119,0.0009053938788889,0.747230033914327,0.747230033914327,0.9999999997163802,1,0.0,0.0,0.6645654795311285,-0.6645654795311285,0.0,0,20433.679210129136,67196.86037615461,50286.395411535865,323085.67007409956,47571.56233167706,0.18233472872298112,3.1331439494689595,False,1
1057,337549.29010988155,22058.20463963327,-0.2257524527685361,-2.3112606112218086,12.04513335065344,1111.193444052412,0.0008999333154474,0.750348612272598,0.750348612272598,1.0000000001111808,1,0.0,0.0,0.661042328124727,-0.661042328124727,0.0,0,20375.34889577137,67048.3792716085,50097.13811753369,323066.5324355484,47597.03630540817,0.18259487440456282,3.1334490889617657,False,1
1058,337482.03298283846,21984.20140415052,-0.22516616821876037,-2.308474558154805,12.04433968817923,1117.9106459712143,0.0008945258764476,0.7534397861725589,0.7534397861725589,1.0000000002071994,1,0.0,0.0,0.6575169107806738,-0.6575169107806738,0.0,0,20317.158297985443,66899.85561001375,49907.68523311102,323047.5004414205,47622.43734084959,0.18285502008614463,3.133753448094669,False,1
1059,337414.9822276464,21910.01113370911,-0.22458080608692388,-2.305689392417257,12.043544990879395,1124.643037211588,0.0008891710235717,0.7565036625229229,0.7565036625229229,1.0000000001337126,1,0.0,0.0,0.6539894556119068,-0.6539894556119068,0.0,0,20259.10784086818,66751.29339771769,49718.03766832312,323028.57416905166,47647.76544350491,0.18311516576772618,3.1340570217837187,False,1
1060,337348.1383342006,21835.634430978975,-0.22399637382455387,-2.3029046926709285,12.042749323106188,1131.390371935926,0.0008838682258669,0.7595403491345453,0.7595403491345453,1.0000000002887992,1,0.0,0.0,0.650460188815218,-0.650460188815218,0.0,0,20201.198005960847,66602.69637737513,49528.19628548638,323009.753670271,47673.02057261415,0.18337531144930794,3.134359804821315,False,1
1061,337281.50170039176,21761.071980411525,-0.22341287724817666,-2.300121576364025,12.041952739990531,1138.152404903839,0.0008786169551845,0.7625499561857785,0.7625499561857785,1.000000000315138,1,0.0,0.0,0.6469293342137911,-0.6469293342137911,0.0,0,20143.429127416166,66454.06832021597,49338.16206347649,322991.0390546364,47698.2028047239,0.18363545713088958,3.134661792384928,False,1
1062,337215.07278534945,21686.32441024164,-0.22283032336386993,-2.297339231765782,12.04115530206624,1144.9288859937938,0.0008734166926177,0.7655325944477775,0.7655325944477775,1.0000000003514662,1,0.0,0.0,0.6433971136991107,-0.6433971136991107,0.0,0,20085.80164165958,66305.41268274216,49147.935897382595,322972.43038801046,47723.3121341595,0.18389560281247128,3.1349629794172498,False,1
1063,337148.852025272,21611.39236813173,-0.222248718816049,-2.294557933352583,12.040357067262724,1151.719563324019,0.0008682669221899,0.7684883762351025,0.7684883762351025,1.0000000003476697,1,0.0,0.0,0.6398637469547134,-0.6398637469547134,0.0,0,20028.31595031335,66157.4683645248,48957.518708310905,322953.92774821125,47748.34858254145,0.18415574849405295,3.135263360966968,False,1
1064,337082.8398717769,21536.27648704833,-0.22166807059309251,-2.291777426980992,12.039558094462462,1158.524180988263,0.0008631671371922,0.7714174147178666,0.7714174147178666,1.0000000003735283,1,0.0,0.0,0.6363294518534731,-0.6363294518534731,0.0,0,19970.972482632496,66010.89876700832,48766.91139382721,322935.531199701,47773.31214909992,0.18441589417563456,3.1355629320339258,False,1
1065,337017.03674667963,21460.97742511899,-0.22108838519570473,-2.28899788504378,12.038758439366651,1165.3424824203412,0.0008581168331372,0.7743198248331552,0.7743198248331552,1.0000000002607996,1,0.0,0.0,0.6327944437764651,-0.6327944437764651,0.0,0,19913.7716219626,65864.30415277663,48576.114885917,322917.2408233403,47798.20286903926,0.18467603985721628,3.1358616877520102,False,1
1066,336951.4431260041,21385.495792077065,-0.22050967018000908,-2.286218957807673,12.037958162319391,1172.1742053212292,0.0008531155146393,0.7771957218411514,0.7771957218411514,1.000000000258862,1,0.0,0.0,0.6292589364842758,-0.6292589364842758,0.0,0,19856.713842309488,65717.68852720999,48385.13004401486,322899.05666120467,47823.02070541098,0.18493618553879804,3.136159623050162,False,1
1067,336886.05943505134,21309.83224102773,-0.21993193223017485,-2.2834411042864446,12.037157318470566,1179.0190871524585,0.0008481626898142,0.7800452228347861,0.7800452228347861,1.0000000002216425,1,0.0,0.0,0.6257231413176146,-0.6257231413176146,0.0,0,19799.799537846935,65571.05555987539,48193.95778842732,322880.9787854235,47847.765684125676,0.1851963312203797,3.136456733076266,False,1
1068,336820.8861288686,21233.987398347323,-0.21935517863530166,-2.2806639031990605,12.036355965214454,1185.876861227084,0.0008432578739658,0.7828684456167565,0.7828684456167565,1.0000000002250504,1,0.0,0.0,0.6221872677055524,-0.6221872677055524,0.0,0,19743.029153598705,65424.4088668007,48002.5989984343,322863.0072454764,47872.43779057658,0.1854564769019614,3.1367530128725214,False,1
1069,336755.92365164385,21157.96189898811,-0.21877941654407407,-2.277887471371692,12.035554158619648,1192.74725864513,0.0008384005861251,0.7856655092070419,0.7856655092070419,1.0000000002551102,1,0.0,0.0,0.6186515229256687,-0.6186515229256687,0.0,0,19686.40311956301,65277.75260487187,47811.05456361201,322845.14209472144,47897.03702177251,0.18571662258354305,3.1370484575395583,False,1
1070,336691.17244541366,21081.756378901067,-0.21820465312431153,-2.2751118102366834,12.034751953988344,1199.6300079309244,0.0008335903522683,0.7884365337129035,0.7884365337129035,1.0000000002817602,1,0.0,0.0,0.6151161121536588,-0.6151161121536588,0.0,0,19629.921864825184,65131.09045437941,47619.32537283876,322827.38338472485,47921.56337515606,0.18597676826512477,3.137343062201477,False,1
1071,336626.63287366624,21005.371539576376,-0.21763089416469789,-2.2723371872868925,12.033949399011822,1206.5248386597134,0.0008288266996366,0.7911816411918652,0.7911816411918652,0.999999999693226,1,0.0,0.0,0.6115812380590492,-0.6115812380590492,0.0,0,19573.585693678004,64984.426040916296,47427.412408388016,322809.7312150059,47946.01694555534,0.18623691394670638,3.137636822313611,False,1
1072,336562.3056284958,20928.807804500397,-0.21705815152341829,-2.269561479089396,12.033146571166954,1213.431461972733,0.0008241091743635,0.7939009507865811,0.7939009507865811,1.0000000002723206,1,0.0,0.0,0.6080471029916051,-0.6080471029916051,0.0,0,19517.395445758302,64837.76409797658,47235.31624538495,322792.1854680585,47970.397408691846,0.1864970596282881,3.1379297320235207,False,1
1073,336498.19090663345,20852.066013796015,-0.21648642805674911,-2.2667889348641515,12.032343501888125,1220.3496101523772,0.0008194373089757,0.7965945885404258,0.7965945885404258,1.000000000187011,1,0.0,0.0,0.6045139045268061,-0.6045139045268061,0.0,0,19461.351160451246,64691.10741623283,47043.038063414926,322774.74634520826,47994.70506619785,0.18675720530986986,3.1382217874888,False,1
1074,336434.28920018935,20775.14675799143,-0.2159157320793605,-2.2640156664239006,12.031540249330185,1227.2789986004657,0.0008148106512692,0.7992626778729603,0.7992626778729603,0.9999999997536568,1,0.0,0.0,0.6009818397762309,-0.6009818397762309,0.0,0,19405.45335836371,64544.46002189396,46850.57867684743,322757.41385268216,48018.939842859254,0.1870173509914515,3.138512983693068,False,1
1075,336370.601068424,20698.05057214388,-0.2153460731879645,-2.2612422492086006,12.030736877308671,1234.219336830614,0.0008102287576127,0.8019053424270269,0.8019053424270269,0.9999999997483666,1,0.0,0.0,0.5974511040804306,-0.5974511040804306,0.0,0,19349.702671422623,64397.82634643182,46657.93881680808,322740.1879500659,48043.10157718526,0.18727749667303323,3.1388033153663586,False,1
1076,336307.1269443353,20620.77809598852,-0.2147774587299093,-2.258469934931925,12.029933437620244,1241.1703378404493,0.0008056911850647,0.8045227082258342,0.8045227082258342,1.0000000000339548,1,0.0,0.0,0.5939218900144337,-0.5939218900144337,0.0,0,19294.099529736734,64251.20996354001,46465.11936459679,322723.06867555465,48067.19026504049,0.18753764235461504,3.139092777762968,False,1
1077,336243.8672084065,20543.33001137558,-0.21420989515159086,-2.2556990084759514,12.02912997677031,1248.13171456619,0.0008011974928892,0.807114902717216,0.807114902717216,1.0000000001067757,1,0.0,0.0,0.5903943878183356,-0.5903943878183356,0.0,0,19238.644281078712,64104.61475206852,46272.121260905726,322706.05609804514,48091.205965836496,0.18779778803619665,3.13938136636427,False,1
1078,336180.82233281556,20465.706924206093,-0.2136433906281842,-2.25292789117392,12.0283265492554,1255.1031729182669,0.0007967472489925,0.8096820531796047,0.8096820531796047,1.0000000001022715,1,0.0,0.0,0.5868687861134194,-0.5868687861134194,0.0,0,19183.337424222846,63958.04463566234,46078.945333690666,322689.1502239704,48115.148621641645,0.18805793371777832,3.1396690762996085,False,1
1079,336117.99278410897,20387.90944475251,-0.21307795328770845,-2.2501569998501254,12.027523208577794,1262.0844164680325,0.0007923400271072,0.8122242877872876,0.8122242877872876,1.0000000001044638,1,0.0,0.0,0.5833452714020252,-0.5833452714020252,0.0,0,19128.1794514386,63811.503368620026,45885.59241507042,322672.35106023843,48139.018179664294,0.18831807939936004,3.139955902737888,False,1
1080,336055.37894090515,20309.938253667293,-0.2125135897124598,-2.2473864645281174,12.02671999978222,1269.0751505995977,0.0007879754007572,0.8147417364493765,0.8147417364493765,0.9999999995986012,1,0.0,0.0,0.5798240276833228,-0.5798240276833228,0.0,0,19073.17071556137,63664.99448904992,45692.06343775693,322655.658667102,48162.81469469644,0.1885782250809417,3.140241841217691,False,1
1081,335992.9814849241,20231.79378817488,-0.21195031205739528,-2.2446153012867622,12.02591699475231,1276.075063123862,0.0007836529601138,0.8172345267120649,0.8172345267120649,1.0000000000970153,1,0.0,0.0,0.5763052382918434,-0.5763052382918434,0.0,0,19018.312061735836,63518.52353607894,45498.358977037475,322639.07290684385,48186.53784219543,0.18883837076252344,3.140526886079437,False,1
1082,335930.80059953535,20153.476883918745,-0.21138812346372007,-2.241846211205172,12.025114220088136,1283.0838640329546,0.0007793722829749,0.8197027920333084,0.8197027920333084,0.9999999997636014,1,0.0,0.0,0.5727890821451257,-0.5727890821451257,0.0,0,18963.603532857145,63372.09251104052,45304.4801872854,322622.59395852976,48210.18791560811,0.18909851644410508,3.1408110336792605,False,1
1083,335868.83689727983,20074.988033737394,-0.21082703493445856,-2.239075909824205,12.024311740512283,1290.1012395119562,0.0007751329659869,0.8221466621873299,0.8221466621873299,0.9999999996246428,1,0.0,0.0,0.5692757380879303,-0.5692757380879303,0.0,0,18909.045867465786,63225.70593616693,45110.42772083584,322606.22172270005,48233.76467296123,0.18935866212568678,3.141094278670196,False,1
1084,335807.0908372531,19996.327852761395,-0.21026705473613375,-2.236306090256279,12.023509606441255,1297.1268808575446,0.0007709346054867,0.8245662692545234,0.8245662692545234,0.999999999667744,1,0.0,0.0,0.5657653821556464,-0.5657653821556464,0.0,0,18854.639559037867,63081.334236672585,44916.202406039796,322589.956195088,48257.268061162955,0.18961880780726845,3.1413766163386043,False,1
1085,335745.5628607179,19917.49696983167,-0.2097081908654365,-2.2335367707885148,12.02270786625255,1304.1604777956832,0.0007667768020041,0.8269617461762077,0.8269617461762077,0.9999999997587988,1,0.0,0.0,0.5622581882310902,-0.5622581882310902,0.0,0,18800.385074949823,62937.09823893969,44721.80508915204,322573.7973796238,48280.69804720131,0.18987895348885012,3.1416580420602678,False,1
1086,335684.25340979185,19838.49601270363,-0.20915045138864113,-2.23076767849072,12.02190656792754,1311.201717590736,0.0007626591599127,0.8293332265446148,0.8293332265446148,0.9999999997653036,1,0.0,0.0,0.5587543281277206,-0.5587543281277206,0.0,0,18746.282886629982,62792.91062741144,44527.23661277037,322557.74527647946,48304.05459497938,0.19013909917043179,3.1419385512256723,False,1
1087,335623.16296058346,19759.325582519636,-0.20859384504264358,-2.2279985104617945,12.021105762001929,1318.2502832202913,0.0007585812899677,0.831680844238585,0.831680844238585,0.999999999763548,1,0.0,0.0,0.5552539717733886,-0.5552539717733886,0.0,0,18692.33352299407,62648.77568730051,44332.49777850487,322541.79986093333,48327.337624646425,0.19039924485201348,3.14221813910781,False,1
1088,335562.2919802703,19679.98628736451,-0.2080383804553772,-2.2252293585848544,12.020305497739216,1325.3058560164773,0.0007545428063701,0.834004733918836,0.834004733918836,0.9999999997637722,1,0.0,0.0,0.5517572868876923,-0.5517572868876923,0.0,0,18638.537501245795,62504.697469192375,44137.58939593054,322525.9611107616,48350.54706556807,0.19065939053359515,3.142496801034176,False,1
1089,335501.6409356256,19600.47873562568,-0.20748406630033345,-2.2224602066756898,12.019505823906805,1332.3681145659789,0.0007505433291684,0.8363050307725703,0.8363050307725703,0.99999999976479,1,0.0,0.0,0.5482644392332577,-0.5482644392332577,0.0,0,18584.895340586372,62360.6804798013,43942.5122729093,322510.22900083975,48373.682845816926,0.19091953621517682,3.142774532352836,False,1
1090,335441.21029511123,19520.80353442088,-0.20693091133425084,-2.2196910123732185,12.01870678889568,1339.4367351912542,0.0007465824806355,0.8385818705904129,0.8385818705904129,0.9999999997637428,1,0.0,0.0,0.5447755924503638,-0.5447755924503638,0.0,0,18531.407565654197,62216.72820682225,43747.267213299536,322494.603501748,48396.7448896253,0.19117968189675846,3.143051328424258,False,1
1091,335381.0005289008,19440.96128963229,-0.2063789243972133,-2.216921733338132,12.01790844080231,1346.5113917410397,0.0007426598886334,0.8408353897000544,0.8408353897000544,0.9999999997617364,1,0.0,0.0,0.54129090813654,-0.54129090813654,0.0,0,18478.074706501502,62072.84488817259,43551.855016998365,322479.0845798233,48419.73311738583,0.19143982757834005,3.143327184621437,False,1
1092,335321.012108764,19360.952606044226,-0.20582811441028082,-2.2141523289790506,12.01711082732606,1353.5917556502775,0.0007387751857583,0.8430657249504203,0.8430657249504203,0.9999999997593422,1,0.0,0.0,0.5378105458355811,-0.5378105458355811,0.0,0,18424.897298455937,61929.034802861555,43356.27648014377,322463.6721971906,48442.64744582056,0.19169997325992189,3.143602096330561,False,1
1093,335261.2454986407,19280.77809441882,-0.20527849020454336,-2.2113827576606075,12.01631399510505,1360.6774964329936,0.0007349280068934,0.8452730137645001,0.8452730137645001,0.9999999996988456,1,0.0,0.0,0.5343346630097849,-0.5343346630097849,0.0,0,18371.87586693483,61785.30178171747,43160.53240546973,322448.36631775403,48465.48779945066,0.19196011894150358,3.143876058988775,False,1
1094,335201.701189191,19200.438345774954,-0.20473006114619774,-2.208612861436959,12.015517992479204,1367.768279928451,0.0007311179932611,0.847457393833206,0.847457393833206,0.999999999673986,1,0.0,0.0,0.5308634151637847,-0.5308634151637847,0.0,0,18319.01098303194,61641.65010269933,42964.623564673995,322433.1668853386,48488.254068665716,0.19222026462308522,3.1441490679467123,False,1
1095,335142.3796532828,19119.93396466754,-0.2041828363306646,-2.205842784620509,12.014722865880795,1374.8637706525035,0.000727344789877,0.8496190034766817,0.8496190034766817,0.9999999996616458,1,0.0,0.0,0.5273969556845939,-0.5273969556845939,0.0,0,18266.303191926214,61498.083846504225,42768.55074706416,322418.07385184075,48510.94616382887,0.19248041030466692,3.144421118646127,False,1
1096,335083.2813664283,19039.26555393034,-0.20363682495214472,-2.203072445430673,12.01392866140603,1381.9636307023563,0.0007236080443511,0.8517579814316212,0.8517579814316212,0.9999999996421364,1,0.0,0.0,0.5239354359277606,-0.5239354359277606,0.0,0,18213.753045746707,61354.606966445244,42572.31473727647,322403.0871643138,48533.563990443174,0.19274055598624862,3.1446922065385885,False,1
1097,335024.4068027648,18958.433717668675,-0.20309203623065328,-2.2003018845443445,12.013135424569382,1389.0675200761402,0.0007199074097745,0.8538744668840792,0.8538744668840792,0.999999999580631,1,0.0,0.0,0.5204790051997251,-0.5204790051997251,0.0,0,18161.36109712097,61211.22420507843,42375.91631965412,322388.20676749985,48556.10745402986,0.19300070166783032,3.1449623271016693,False,1
1098,334965.75655236724,18877.43897630664,-0.20254848153155405,-2.19753057087862,12.012343210350709,1396.1750904349826,0.0007162425455615,0.8559685985397205,0.8559685985397205,1.000000000099061,1,0.0,0.0,0.5170278111161057,-0.5170278111161057,0.0,0,18109.12808763364,61067.93941531898,42179.35615375923,322373.4325300141,48578.57631902103,0.19326084734941204,3.145231475373055,False,1
1099,334907.3308321196,18796.282120690215,-0.20200616552843548,-2.1947602296935327,12.01155204120988,1403.286010909147,0.0007126131042039,0.8580405183203283,0.8580405183203283,0.9999999996550044,1,0.0,0.0,0.5135819981437424,-0.5135819981437424,0.0,0,18057.05416219181,60924.75600105696,41982.63529297683,322358.7645519785,48600.97079710238,0.19352099303099363,3.1454996478942694,False,1
1100,334849.130393192,18714.96355633597,-0.20146510259429748,-2.1919873444032167,12.010761984932728,1410.3999203449928,0.000709018758262,0.8600903644770759,0.8600903644770759,0.9999999997753688,1,0.0,0.0,0.5101417103262618,-0.5101417103262618,0.0,0,18005.140326333756,60781.67949420722,41785.75422453615,322344.20259463595,48623.29045620391,0.19378113871257535,3.145766839105054,False,1
1101,334791.15566582285,18633.48392092636,-0.20092530135663536,-2.1892151778985527,12.0099730812772,1417.5164724084796,0.0007054591744522,0.8621182780614269,0.8621182780614269,1.000000000122184,1,0.0,0.0,0.5067070886762973,-0.5067070886762973,0.0,0,17953.387073071033,60638.71299656013,41588.713772993346,322329.7466176215,48645.53524852068,0.1940412843941572,3.146033044742053,False,1
1102,334733.4070397973,18551.843880553093,-0.20038676976255004,-2.1864429654001265,12.00918536608577,1424.6353207565114,0.000701934022339,0.864124400679126,0.864124400679126,1.0000000001288418,1,0.0,0.0,0.5032782721401724,-0.5032782721401724,0.0,0,17901.79483326245,60495.861698594985,41391.51480258307,322315.39660267805,48667.705172637594,0.19430143007573877,3.1462982607232326,False,1
1103,334675.8849982063,18470.044035007977,-0.19984951749189706,-2.1836695412116307,12.008398882759764,1431.756112118822,0.0006984429764267,0.8661088735623019,0.8661088735623019,0.9999999997542004,1,0.0,0.0,0.4998553979117017,-0.4998553979117017,0.0,0,17850.3641901894,60353.17505134811,41194.15807843905,322301.1524699171,48689.80011373389,0.19456157575732044,3.1465624826176284,False,1
1104,334618.5901642348,18388.084886646237,-0.1993135567997495,-2.1808946405487304,12.007613685957535,1438.8784836500124,0.0006949857210291,0.8680718372824987,0.8680718372824987,0.9999999997145916,1,0.0,0.0,0.4964386014979666,-0.4964386014979666,0.0,0,17799.095954513352,60212.56300727078,40996.6442205784,322287.01404872537,48711.81978876448,0.19482172143890217,3.1468257054614264,False,1
1105,334561.5229809528,18305.967065241493,-0.1987788967416013,-2.178119716800192,12.006829814655884,1446.002080096412,0.0006915619378004,0.8700134339394299,0.8700134339394299,0.9999999997131154,1,0.0,0.0,0.4930280159372055,-0.4930280159372055,0.0,0,17747.990650803258,60072.07157200528,40798.97403335129,322272.9812779316,48733.76412806294,0.19508186712048387,3.147087925026997,False,1
1106,334504.68402756593,18223.691106554365,-0.19824554887499649,-2.175343825366637,12.006047318734266,1453.1265344773244,0.0006881713168624,0.8719338045527787,0.8719338045527787,1.0000000001831977,1,0.0,0.0,0.4896237733185772,-0.4896237733185772,0.0,0,17697.049024562526,59931.70520655284,40601.14818110532,322259.0540082571,48755.6328987518,0.19534201280206556,3.147349136570088,False,1
1107,334448.07354373246,18141.257781253567,-0.19771351868669723,-2.1725688801357554,12.00526621905452,1460.2515058184686,0.0006848135383822,0.8738330942367607,0.8738330942367607,0.9999999997147944,1,0.0,0.0,0.4862260000476262,-0.4862260000476262,0.0,0,17646.27127990959,59791.46667116697,40403.16767052851,322245.2322989374,48777.42626900273,0.19560215848364731,3.1476093367118256,False,1
1108,334391.69238844264,18058.667434794854,-0.19718282286856556,-2.169790446806364,12.004486588002797,1467.376603282844,0.0006814883095859,0.8757114418356806,0.8757114418356806,1.0000000002232687,1,0.0,0.0,0.4828348262801444,-0.4828348262801444,0.0,0,17595.65861589735,59651.362975310345,40205.03288267867,322231.5158203236,48799.14367203289,0.19586230416522882,3.147868519646844,False,1
1109,334335.5407764908,17975.920854954857,-0.19665346655710111,-2.1670135999721505,12.003708443447858,1474.5014786079123,0.0006781953188873,0.8775689921478489,0.8775689921478489,1.0000000001515497,1,0.0,0.0,0.4794503759081184,-0.4794503759081184,0.0,0,17545.211202493927,59511.396611982374,40006.74484472345,322217.9046405412,48820.78530195223,0.19612244984681057,3.1481266821395275,False,1
1110,334279.619353862,17893.018535981406,-0.19612546269996847,-2.164234562546176,12.002931838824638,1481.6257559005155,0.0006749342716713,0.879405887026723,0.879405887026723,1.0000000002387677,1,0.0,0.0,0.4760727724244592,-0.4760727724244592,0.0,0,17494.92990286107,59371.572469431616,39808.30415146005,322204.398556476,48842.35084183943,0.19638259552839235,3.1483838192730023,False,1
1111,334223.92858444725,17809.96109680833,-0.19559882101345333,-2.16145494735828,12.002156811869831,1488.749067240976,0.0006717048718498,0.8812222695974153,0.8812222695974153,1.0000000002387464,1,0.0,0.0,0.4727021370058354,-0.4727021370058354,0.0,0,17444.81529136456,59231.895255319614,39609.711578150076,322190.99747501785,48863.84018841982,0.196642741209974,3.148639926873092,False,1
1112,334168.4689909685,17726.74911755553,-0.19507355231900195,-2.158674174135359,12.00138340471631,1495.8710397573827,0.0006685068260243,0.8830182827832751,0.8830182827832751,1.000000000209586,1,0.0,0.0,0.4693385889502489,-0.4693385889502489,0.0,0,17394.86803925375,59092.36896209306,39410.967840937636,322177.701263427,48885.25316776378,0.19690288689155566,3.14889500055669,False,1
1113,334113.2411015394,17643.383175893414,-0.19454966758112716,-2.155892164004531,12.000611659411394,1502.9912983970398,0.0006653398475491,0.8847940695852018,0.8847940695852018,1.0000000002159777,1,0.0,0.0,0.4659822455959442,-0.4659822455959442,0.0,0,17345.08882911317,58952.99839877802,39212.07365008276,322164.50978253235,48906.589598399514,0.19716303257313736,3.1491490359431444,False,1
1114,334058.2454192832,17559.863867148873,-0.19402717736060215,-2.1531093101274785,11.999841615419268,1510.109467772184,0.0006622036498834,0.8865497732626865,0.8865497732626865,1.0000000001858476,1,0.0,0.0,0.4626332222753215,-0.4626332222753215,0.0,0,17295.478306274978,58813.78786219754,39013.02973949554,322151.42290552985,48927.849326897776,0.19742317825471892,3.1494020287740496,False,1
1115,334003.48246718873,17476.191774561765,-0.19350609262095997,-2.15032523647416,11.999073313426706,1517.2251696126616,0.0006590979514455,0.8882855370371268,0.8882855370371268,1.0000000001337332,1,0.0,0.0,0.4592916323950926,-0.4592916323950926,0.0,0,17246.03715057869,58674.74190999925,38813.8368231008,322138.4404902085,48949.03217528508,0.19768332393630067,3.149653974736624,False,1
1116,333948.95276027126,17392.367487726187,-0.19298642422756518,-2.1475401609943114,11.998306792811931,1524.3380244307043,0.0006560224734596,0.890001504249651,0.890001504249651,1.0000000000231302,1,0.0,0.0,0.4559575873944315,-0.4559575873944315,0.0,0,17196.7660318063,58535.865072758636,38614.49562188088,322125.56239621906,48970.13797366601,0.1979434696178824,3.149904869573552,False,1
1117,333894.65680576937,17308.391602349937,-0.1924681829509129,-2.144753351705884,11.99754209190322,1531.4476514862204,0.0006529769397771,0.8916978183250088,0.8916978183250088,0.9999999997664112,1,0.0,0.0,0.4526311967643182,-0.4526311967643182,0.0,0,17147.665610054042,58397.16142382709,38415.00686355367,322112.788484893,48991.166559930585,0.19820361529946398,3.150154709082236,False,1
1118,333840.59522225586,17224.264643602946,-0.19195138160693342,-2.1419649297217145,11.996779257626894,1538.5536621601093,0.0006499610804925,0.8933746221607108,0.8933746221607108,0.9999999998136158,1,0.0,0.0,0.4493125681300275,-0.4493125681300275,0.0,0,17098.73672604293,58258.636589558526,38215.37116985985,322100.11854584346,49012.11764128053,0.19846376098104576,3.150403488647225,False,1
1119,333786.7684724108,17139.987238557973,-0.19143603025485048,-2.1391760054035247,11.99601832354588,1545.6556749070076,0.0006469746251544,0.8950320594656765,0.8950320594656765,0.9999999998253752,1,0.0,0.0,0.446001807053898,-0.446001807053898,0.0,0,17049.97997412068,58120.293957347305,38015.58930985434,322087.55246169603,49032.99110515297,0.1987239066626274,3.1506512042902823,False,1
1120,333733.177072126,17055.559981019225,-0.1909221399537714,-2.136385929533852,11.995259327231782,1552.7533036770424,0.0006440173065219,0.8966702736709284,0.8966702736709284,0.9999999997188276,1,0.0,0.0,0.4426990172207314,-0.4426990172207314,0.0,0,17001.396036376886,57982.13936015633,37815.66200155637,322075.09007919533,49053.78677576562,0.19898405234420907,3.150897851848527,False,1
1121,333679.8216239414,16970.98341127897,-0.19040972336278136,-2.1335936620777165,11.994502312617389,1559.846155967433,0.0006410888643962,0.8982894077815354,0.8982894077815354,0.9999999998168126,1,0.0,0.0,0.439404300418627,-0.439404300418627,0.0,0,16952.985735973925,57844.17629662217,37615.58988197977,322062.7311887558,49074.50437587497,0.19924419802579085,3.1511434268442744,False,1
1122,333626.70259981527,16886.258153675997,-0.18989879083951544,-2.1308007341454074,11.993747312632944,1566.9338450680598,0.0006381890367806,0.8998896053793981,0.8998896053793981,0.9999999997941608,1,0.0,0.0,0.4361177564751063,-0.4361177564751063,0.0,0,16904.749690299504,57706.40990715444,37415.3737093038,322050.4756579768,49095.14377827569,0.19950434370737263,3.151387925336979,False,1
1123,333573.820559016,16801.38477881147,-0.18938935435220952,-2.1280060987699567,11.99299436671979,1574.0159779974338,0.0006353175664606,0.901471009604548,0.901471009604548,0.9999999997369142,1,0.0,0.0,0.4328394833012425,-0.4328394833012425,0.0,0,16856.68865881441,57570.014514513,37215.01416047966,322038.32329779636,49115.704753591956,0.19976448938895414,3.151631343068892,False,1
1124,333521.1760855404,16716.363843669114,-0.1888814263558462,-2.125209452249753,11.992243515792076,1581.0921587468831,0.0006324742020043,0.9030337634138212,0.9030337634138212,0.999999999833122,1,0.0,0.0,0.4295695769311085,-0.4295695769311085,0.0,0,16808.80344315665,57434.60222193678,37014.51189001248,322026.2739009489,49136.18704298748,0.20002463507053592,3.1518736757111268,False,1
1125,333468.7696686672,16631.19596550769,-0.18837501764793252,-2.1224118953598348,11.99149479265657,1588.1619953632996,0.0006296586893521,0.90457801010481,0.90457801010481,0.9999999998053964,1,0.0,0.0,0.4263081314700708,-0.4263081314700708,0.0,0,16761.0946965419,57299.3924176985,36813.867638689626,322014.3273151769,49156.59049562111,0.20028478075211764,3.152114919330929,False,1
1126,333416.601879522,16545.881712444676,-0.18787014053679374,-2.11961245160714,11.990748236147914,1595.225089823772,0.0006268707827371,0.9061038925187984,0.9061038925187984,0.9999999997530764,1,0.0,0.0,0.4230552391318571,-0.4230552391318571,0.0,0,16713.563205456478,57164.39247452286,36613.082072741396,322002.48333506146,49176.91486532631,0.20054492643369937,3.152355069700893,False,1
1127,333364.67327839497,16460.42166104644,-0.187366807178256,-2.1168112355937647,11.990003883771804,1602.281043386616,0.0006241102360223,0.9076115534410096,0.9076115534410096,0.9999999997089664,1,0.0,0.0,0.419810990227236,-0.419810990227236,0.0,0,16666.2097417771,57029.60600009309,36412.15586840419,321990.74175882625,49197.15991741373,0.200805072115281,3.1525941226619474,False,1
1128,333312.9844834623,16374.81635467818,-0.18686503080821085,-2.114007922941717,11.98926177698755,1609.3294526252732,0.0006213768096481,0.9091011353066324,0.9091011353066324,0.9999999999550702,1,0.0,0.0,0.4165754731339847,-0.4165754731339847,0.0,0,16619.035172422475,56895.03844512284,36211.08965059856,321979.10234627017,49217.32534997497,0.20106521779686262,3.1528320738552846,False,1
1129,333261.53593378543,16289.066446595714,-0.18636482149107192,-2.1112038635587647,11.988521942654042,1616.369923195556,0.0006186702599498,0.9105727811117346,0.9105727811117346,0.9999999999393966,1,0.0,0.0,0.4133487744622384,-0.4133487744622384,0.0,0,16572.040081405197,56760.69370834922,36009.88420358593,321967.56496361725,49237.41106500661,0.20132536347844435,3.1530689196470187,False,1
1130,333210.3282732573,16203.172468324605,-0.18586619300542542,-2.1083973820174355,11.98778442323089,1623.4020476015382,0.0006159903532913,0.912026632883368,0.912026632883368,1.0000000000320703,1,0.0,0.0,0.4101309788278011,-0.4101309788278011,0.0,0,16525.225381941185,56626.577358506365,35808.54013018841,321956.1293490532,49257.416729208286,0.2015855091600261,3.1533046556302784,False,1
1131,333159.3620162343,16117.13503086239,-0.18536915684779526,-2.105589246587016,11.987049250515952,1630.4254247661854,0.0006133368538599,0.9134628329920575,0.9134628329920575,1.000000000002254,1,0.0,0.0,0.4069221690431213,-0.4069221690431213,0.0,0,16478.591783496784,56492.69398279791,35607.05814770774,321944.795316773,49277.34215624753,0.20184565484160774,3.1535392779296942,False,1
1132,333108.63774681796,16030.954705426848,-0.184873725805316,-2.1027786324488567,11.98631646129265,1637.4396482814143,0.0006107095317984,0.9148815233448782,0.9148815233448782,0.9999999999215212,1,0.0,0.0,0.4037224260326191,-0.4037224260326191,0.0,0,16432.140109343105,56359.04842498425,35405.43891252647,321933.56263548933,49297.18707921644,0.20210580052318938,3.153772782424501,False,1
1133,333058.156054116,15944.632062383787,-0.18437991279486984,-2.099966199055981,11.985586092113827,1644.4443102926514,0.0006081081582579,0.9162828456366712,0.9162828456366712,0.9999999998649708,1,0.0,0.0,0.4005318288345759,-0.4005318288345759,0.0,0,16385.87119339715,56225.645736224105,35203.683077284666,321922.43106790894,49316.95122463637,0.202365946204771,3.1540051650012715,False,1
1134,333007.9175788483,15858.16764425249,-0.1838877316982392,-2.097151503153957,11.984858183157783,1651.4389974017097,0.0006055325100422,0.917666941011587,0.917666941011587,1.0000000001216536,1,0.0,0.0,0.3973504549642898,-0.3973504549642898,0.0,0,16339.785954463354,56092.491350459466,35001.791251053306,321911.40034238726,49336.634259651444,0.20262609188635275,3.154236421373052,False,1
1135,332957.9227687692,15771.562107679187,-0.18339719297801155,-2.094335792819072,11.984132758929295,1658.4233124243733,0.000602982359079,0.919033951777882,0.919033951777882,1.000000000114372,1,0.0,0.0,0.3941783786085812,-0.3941783786085812,0.0,0,16293.885006717697,55959.589453378336,34799.76420858178,321900.4703016151,49356.23606925896,0.2028862375679344,3.154466548029527,False,1
1136,332908.1722539879,15684.816005294151,-0.18290831040325684,-2.0915172594964417,11.983409857698955,1665.3968373538469,0.0006004574880665,0.9203840182288462,0.9203840182288462,1.0000000000589964,1,0.0,0.0,0.3910156745548627,-0.3910156745548627,0.0,0,16248.169257341477,55826.94489788558,34597.60256908525,321889.6406745532,49375.756330683005,0.20314638324951606,3.154695540778484,False,1
1137,332858.66660312243,15597.929927396783,-0.18242109667992407,-2.08869619486275,11.982689512423496,1672.3591629256766,0.0005979576771978,0.9217172813862722,0.9217172813862722,0.9999999998861996,1,0.0,0.0,0.3878624140329664,-0.3878624140329664,0.0,0,16202.639518288022,55694.56323982698,34395.30700472657,321878.91122455447,49395.19478989615,0.2034065289310978,3.154923395693725,False,1
1138,332809.4065221252,15510.904388500758,-0.18193556701299354,-2.0858724843596264,11.981971766188602,1679.3098692418412,0.0005954827156939,0.9230338814097564,0.9230338814097564,1.00000000010325,1,0.0,0.0,0.384718666607304,-0.384718666607304,0.0,0,16157.296822739416,55562.449628964125,34192.87807337629,321868.2816287862,49414.551037080215,0.20366667461267948,3.1551501083441287,False,1
1139,332760.39248214004,15423.740038653268,-0.18145173243891793,-2.083047797562012,11.98125664326919,1686.2485493414565,0.0005930323862624,0.9243339588591852,0.9243339588591852,1.0000000001882052,1,0.0,0.0,0.3815845004888756,-0.3815845004888756,0.0,0,16112.14183286007,55430.60924093785,33990.31653008807,321857.75170380436,49433.82492642337,0.20392682029426115,3.155375675236147,False,1
1140,332711.6249846053,15336.437511861643,-0.18096960457368397,-2.08022054707496,11.980544170086258,1693.1747937250573,0.0005906064776563,0.9256176538829816,0.9256176538829816,0.999999999751276,1,0.0,0.0,0.3784599820684576,-0.3784599820684576,0.0,0,16067.175261690572,55299.04543539026,33787.623104069295,321847.321244829,49453.01627654442,0.20418696597584293,3.1556000927850167,False,1
1141,332663.10484286374,15248.9972702942,-0.18048920065735125,-2.0773893619819086,11.979834396219124,1700.088173333687,0.0005882047866351,0.9268851054677862,0.9268851054677862,0.999999999703008,1,0.0,0.0,0.3753451751818127,-0.3753451751818127,0.0,0,16022.398321018729,55167.76553874568,33584.79826854318,321836.98985553347,49472.12455463613,0.2044471116574245,3.1558233562268363,False,1
1142,332614.832589834,15161.419935398535,-0.18001053294508218,-2.074556736857938,11.979127349390868,1706.9882751725258,0.0005858271056415,0.9281364530776636,0.9281364530776636,0.9999999997500996,1,0.0,0.0,0.3722401424463021,-0.3722401424463021,0.0,0,15977.811779291485,55038.064845400055,33381.84272876156,321826.75730625674,49491.14954243082,0.2047072573390061,3.1560454619110123,False,1
1143,332566.8087870593,15073.706114554523,-0.1795336142407286,-2.071722023561396,11.978423058857135,1713.8746836305886,0.0005834732324401,0.9293718357266364,0.9293718357266364,0.9999999997115268,1,0.0,0.0,0.3691449446893926,-0.3691449446893926,0.0,0,15933.416453069367,54909.26857058178,33178.75716683317,321816.6233471707,49510.090988412914,0.20496740302058783,3.156266406103347,False,1
1144,332519.0340910932,14985.856365406662,-0.17905845908557927,-2.0688838667693576,11.977721560769597,1720.7469766658232,0.0005811429653577,0.9305913918436726,0.9305913918436726,0.9999999997836044,1,0.0,0.0,0.3660596406668792,-0.3660596406668792,0.0,0,15889.213312597363,54780.766619887625,32975.54218894573,321806.5876682142,49528.948533808696,0.2052275487021694,3.1564861847304835,False,1
1145,332471.50911040447,14897.871274564272,-0.17858508119584454,-2.066044256312651,11.9770228869636,1727.6047345626264,0.000578836108304,0.93179525964123,0.93179525964123,0.9999999999520628,1,0.0,0.0,0.3629842874353105,-0.3629842874353105,0.0,0,15845.203254294582,54652.56146330455,32772.19844134778,321796.6499854897,49547.721872919945,0.2054876943837512,3.1567047939328527,False,1
1146,332424.234383308,14809.751468743156,-0.17811349306675106,-2.06320216130658,11.976327063545098,1734.4475411367112,0.0005765524625701,0.9329835770965182,0.9329835770965182,0.999999999901568,1,0.0,0.0,0.3599189405289318,-0.3599189405289318,0.0,0,15801.387065656541,54524.65908368967,32568.7266269542,321786.81005455693,49566.41077739691,0.20574784006533284,3.1569222301489765,False,1
1147,332377.2105655915,14721.497513775887,-0.17764370933146006,-2.060356598561528,11.975634124984731,1741.2749724935493,0.0005742918361437,0.9341564815336304,0.9341564815336304,0.999999999784596,1,0.0,0.0,0.3568636533287957,-0.3568636533287957,0.0,0,15757.765723466408,54397.065301052186,32365.127356300894,321777.06755735446,49585.01488692873,0.20600798574691445,3.157138489392404,False,1
1148,332330.4383191843,14633.10997525363,-0.1771757447679653,-2.0575082175792088,11.97494410568961,1748.086603700756,0.0005720540385824,0.9353141098732084,0.9353141098732084,0.999999999759816,1,0.0,0.0,0.3538184774135412,-0.3538184774135412,0.0,0,15714.340216845158,54269.78478980667,32161.401236823644,321767.42216933,49603.533833750844,0.20626813142849618,3.157353567681645,False,1
1149,332283.9183281558,14544.589410215309,-0.17670961458520532,-2.0546571232736808,11.974257041183511,1754.8820080079086,0.0005698388816665,0.9364565986092686,0.9364565986092686,1.000000000055148,1,0.0,0.0,0.3507834624417191,-0.3507834624417191,0.0,0,15671.111572658585,54142.823713315134,31957.548860550734,321757.8735498347,49621.96722491183,0.20652827711007773,3.1575674609788136,False,1
1150,332237.65106029867,14455.936491904426,-0.1762453301541555,-2.0518042922640705,11.973572950268917,1761.660771471591,0.0005676461770595,0.9375840842371254,0.9375840842371254,1.0000000000284688,1,0.0,0.0,0.3477586571474704,-0.3477586571474704,0.0,0,15628.080476797943,54016.186397629936,31753.570988503372,321748.42148544,49640.314906719876,0.20678842279165943,3.1577801661054377,False,1
1151,332191.6372456238,14367.151758649927,-0.1757829075723992,-2.0489474801789007,11.972891870930962,1768.4224634280272,0.0005654757401304,0.9386967022806888,0.9386967022806888,1.0000000000630245,1,0.0,0.0,0.3447441075555334,-0.3447441075555334,0.0,0,15585.248034155462,53889.878983490285,31549.468179962685,321739.06560238934,49658.57643359427,0.2070485684732412,3.1579916789032523,False,1
1152,332145.87748805946,14278.235817516432,-0.1753223607141491,-2.0460880994581574,11.9722138311208,1775.1666607807113,0.0005633273898115,0.9397945880934666,0.9397945880934666,1.0000000000307268,1,0.0,0.0,0.3417398583631979,-0.3417398583631979,0.0,0,15542.61515196279,53763.90659768345,31345.24109290624,321729.80559987604,49676.75149905239,0.20730871415482294,3.158201995726972,False,1
1153,332100.3724524341,14189.189246932649,-0.17486370457615535,-2.0432254542155475,11.971538862983854,1781.8929361811522,0.0005612009462438,0.9408778764534528,0.9408778764534528,1.0000000000294993,1,0.0,0.0,0.3387459522974728,-0.3387459522974728,0.0,0,15500.182836674794,53638.27485398265,31140.890340331367,321720.64113780897,49694.83972843206,0.20756885983640458,3.158411112726007,False,1
1154,332055.1227753124,14100.012642823864,-0.17440695368160303,-2.040359852330164,11.970866995949754,1788.600863712257,0.0005590962311122,0.9419467017230452,0.9419467017230452,1.0000000000275704,1,0.0,0.0,0.3357624304437648,-0.3357624304437648,0.0,0,15457.952052418317,53512.98908056198,30936.416558328994,321711.5718903022,49712.840777591184,0.2078290055179862,3.158619026186752,False,1
1155,332010.12908810744,14010.706606568154,-0.17395212249314845,-2.0374913409217936,11.970198258533664,1795.290017469739,0.0005570130688822,0.9430011977956684,0.9430011977956684,0.99999999996677,1,0.0,0.0,0.3327893322000115,-0.3327893322000115,0.0,0,15415.923757634358,53388.05492280856,30731.820388337324,321702.5975318586,49730.75430726685,0.20808915119956792,3.1588257324437263,False,1
1156,331965.39209112705,13921.271707892181,-0.17349922673788723,-2.034619138736905,11.969532683934611,1801.9599670202333,0.0005549512863271,0.9440414979753552,0.9440414979753552,1.000000000032394,1,0.0,0.0,0.3298266948728789,-0.3298266948728789,0.0,0,15374.099022625363,53263.478199429985,30527.10242223862,321693.7176930089,49748.579901580735,0.20834929688114967,3.1590312275964534,False,1
1157,331920.91230558814,13831.70860902658,-0.1730482789685354,-2.0317445107299457,11.968870291627413,1808.6102930391453,0.0005529107097847,0.9450677353322688,0.9450677353322688,0.999999999720435,1,0.0,0.0,0.3268745549244773,-0.3268745549244773,0.0,0,15332.478635973122,53139.26357614076,30322.26338593678,321684.9321087911,49766.31734088563,0.2086094425627313,3.15923550845771,False,1
1158,331876.6905896849,13742.017807700195,-0.17259929779882713,-2.0288651373581645,11.968211125368684,1815.2405546983605,0.0005508911746816,0.9460800419477116,0.9460800419477116,0.999999999787674,1,0.0,0.0,0.3239329454299955,-0.3239329454299955,0.0,0,15291.063923442794,53015.41824826666,30117.303759374267,321676.24030998285,49783.96603443365,0.20886958824431295,3.1594385705810675,False,1
1159,331832.7274879296,13652.19996045335,-0.1721522962597159,-2.0259837835374355,11.967555205354127,1821.850330984384,0.0005488925101936,0.9470785498370832,0.9470785498370832,0.9999999997886612,1,0.0,0.0,0.3210018992613959,-0.3210018992613959,0.0,0,15249.855715599144,52891.94582873983,29912.224254292116,321667.6420122726,49801.52573539694,0.20912973392589473,3.159640410747575,False,1
1160,331789.0236923335,13562.255654071609,-0.17170729005070842,-2.0230987938962404,11.966902562117737,1828.439191334646,0.0005469145520334,0.9480633902704898,0.9480633902704898,0.999999999823469,1,0.0,0.0,0.3180814468817541,-0.3180814468817541,0.0,0,15208.855079433706,52769.19707230777,29707.025476633862,321659.1368405686,49818.99603424244,0.20938987960747638,3.15984102520335,False,1
1161,331745.5798482197,13472.185501364875,-0.17126429406503357,-2.0202106781413702,11.966253222305069,1835.006708097416,0.0005449571364326,0.9490346940367248,0.9490346940367248,0.9999999998055128,1,0.0,0.0,0.3151716173048809,-0.3151716173048809,0.0,0,15168.06301034562,52648.35247986112,29501.708067983123,321650.7244450216,49836.37657185922,0.20965002528905802,3.160040410401296,False,1
1162,331702.3967074576,13381.990067146022,-0.1708233251314276,-2.0173189705428407,11.965607219859551,1841.5524470642824,0.0005430201045045,0.9499925912832584,0.9499925912832584,1.0000000000236728,1,0.0,0.0,0.3122724371394509,-0.3122724371394509,0.0,0,15127.480675123865,52527.89270499848,29296.27259603243,321642.4044096152,49853.6668719716,0.2099101709706398,3.160238562417274,False,1
1163,331659.47475228005,13291.670048524831,-0.17038439528141652,-2.0144244707378025,11.964964568560635,1848.0759910643087,0.0005411032914265,0.9509372118494666,0.9509372118494666,0.9999999997679692,1,0.0,0.0,0.3093839329837805,-0.3093839329837805,0.0,0,15087.108815404761,52407.823226273846,29090.719821412073,321634.1764765516,49870.86675195732,0.21017031665222144,3.160435478382017,False,1
1164,331616.8149271086,13201.225925905705,-0.1699475248449793,-2.011524955726434,11.964325315353372,1854.576893585297,0.0005392065461915,0.9518686845723884,0.9518686845723884,1.000000000006248,1,0.0,0.0,0.3065061269025814,-0.3065061269025814,0.0,0,15046.948908048042,52288.150476842384,28885.050181263854,321626.04010995216,49887.97552422376,0.21043046233380316,3.160631153696514,False,1
1165,331574.41771579155,13110.658401524515,-0.1695127259382967,-2.0086233338867494,11.963689473195029,1861.0547376328384,0.0005373297100367,0.9527871381340368,0.9527871381340368,1.0000000000101017,1,0.0,0.0,0.3036390421060568,-0.3036390421060568,0.0,0,15007.00170212827,52168.880224074965,28679.26443789159,321617.9950458085,49904.99300263494,0.2106906080153848,3.160825585542246,False,1
1166,331532.28388534527,13019.968047396143,-0.16908001577067983,-2.005717190534265,11.963057075221515,1867.5090883240305,0.0005354726289193,0.9536927003811216,0.9536927003811216,1.0000000000699971,1,0.0,0.0,0.3007826983473137,-0.3007826983473137,0.0,0,14967.268397967273,52050.01776381805,28473.363158194734,321610.0408489368,49921.918691796476,0.21095075369696656,3.161018770052636,False,1
1167,331490.41401051515,12929.155528536083,-0.16864940813704898,-2.00280791067278,11.962428140086018,1873.939523307856,0.0005336351514851,0.9545854987022836,0.9545854987022836,0.999999999770586,1,0.0,0.0,0.2979371149837149,-0.2979371149837149,0.0,0,14927.749893465603,51931.56894435905,28267.347043805035,321602.1771960919,49938.75230459902,0.2112108993785482,3.161210704119544,False,1
1168,331448.80895634886,12838.221379462031,-0.168220922053157,-1.9998937392534488,11.961802706888925,1880.3456018745628,0.0005318171298723,0.9554656596982596,0.9554656596982596,0.9999999997279306,1,0.0,0.0,0.2951023076985279,-0.2951023076985279,0.0,0,14888.447548981581,51813.54020794405,28061.216600216118,321594.4035888308,49955.49323803815,0.2114710450601299,3.161401383562432,False,1
1169,331407.4694528662,12747.16620140061,-0.16779457414494195,-1.9969761567597832,11.961180804565348,1886.7268904250247,0.0005300184176941,0.9563333093063038,0.9563333093063038,1.0000000000500304,1,0.0,0.0,0.2922782918570578,-0.2922782918570578,0.0,0,14849.362513227446,51695.93789559186,27854.972428427245,321586.7196065512,49972.14103530177,0.21173119074171148,3.1615908047425347,False,1
1170,331366.39600233367,12655.990702162304,-0.1673703769866499,-1.9940562009204248,11.960562445283092,1893.08297757307,0.0005282388641511,0.9571885735590536,0.9571885735590536,1.0000000000343692,1,0.0,0.0,0.289465080863274,-0.289465080863274,0.0,0,14810.495576334244,51578.76685161573,27648.61528446753,321579.12496151455,49988.69548529586,0.21199133642329318,3.1617789649112904,False,1
1171,331325.5894177596,12564.69545225633,-0.16694834873698144,-1.991131175694482,11.959947662964094,1899.413421631744,0.0005264783278922,0.9580315767796082,0.9580315767796082,1.00000000006439,1,0.0,0.0,0.2866626871892774,-0.2866626871892774,0.0,0,14771.848023035098,51462.03349272023,27442.145718216998,321571.6191789923,50005.15603971289,0.2122514821048748,3.1619658601718905,False,1
1172,331285.0503254408,12473.281109869744,-0.1665285042372915,-1.988202755675794,11.959336477757276,1905.717800501372,0.0005247366644812,0.9588624433424308,0.9588624433424308,0.9999999998564224,1,0.0,0.0,0.2838711210644877,-0.2838711210644877,0.0,0,14733.420844554086,51345.74364561762,27235.564406343823,321564.20189268206,50021.52235142449,0.21251162778645652,3.162151487362313,False,1
1173,331244.7795745571,12381.748238051676,-0.16611086234110897,-1.9852692183301743,11.958728925234077,1911.995676371208,0.0005230137361158,0.9596812967554922,0.9596812967554922,0.9999999998912968,1,0.0,0.0,0.2810903897805913,-0.2810903897805913,0.0,0,14695.215387439006,51229.9039306368,27028.871881525032,321556.87260165036,50037.793832029194,0.21277177346803824,3.1623358425069714,False,1
1174,331204.77780644986,12290.097495838132,-0.1656954382055127,-1.982332464575272,11.95812502564113,1918.2466252317856,0.0005213094023757,0.9604882599189044,0.9604882599189044,0.99999999991108,1,0.0,0.0,0.2783205006619522,-0.2783205006619522,0.0,0,14657.232671273,51114.52046170804,26822.068815488703,321549.63092587347,50053.9701166981,0.21303191914961989,3.1625189224438657,False,1
1175,331165.0457058337,12198.329526586203,-0.16528224778531864,-1.9793916461941528,11.95752480203491,1924.47022082009,0.0005196235255527,0.9612834550438736,0.9612834550438736,0.9999999998009635,1,0.0,0.0,0.2755614590834285,-0.2755614590834285,0.0,0,14619.473786560062,50999.59817974968,26615.155853827207,321542.47645724454,50070.050792934955,0.2132920648312015,3.1627007238749054,False,1
1176,331125.58405930985,12106.444933461855,-0.16487130888057305,-1.9764463685532192,11.956928284053276,1930.666031884528,0.0005179559721501,0.9620670037443296,0.9620670037443296,0.9999999997874364,1,0.0,0.0,0.2728132676220182,-0.2728132676220182,0.0,0,14581.939987340069,50885.14465362379,26408.13357947506,321535.4087249889,50086.0353379339,0.2135522105127832,3.162881243146236,False,1
1177,331086.39356645173,12014.444361346554,-0.16446263775497635,-1.9734972077020607,11.956335494907105,1936.833631716712,0.0005163066076718,0.9628390268201592,0.9628390268201592,0.9999999997823812,1,0.0,0.0,0.2700759284242499,-0.2700759284242499,0.0,0,14544.632392040745,50771.165150724635,26201.002634045894,321528.4273075654,50101.92332178245,0.21381235619436495,3.1630604769602177,False,1
1178,331047.47495329566,11922.328447683363,-0.16405625116613543,-1.9705438654290643,11.955746459098766,1942.97259375739,0.0005146752996028,0.9635996444726748,0.9635996444726748,0.999999999777938,1,0.0,0.0,0.2673494414543442,-0.2673494414543442,0.0,0,14507.552163129032,50657.6672791876,25993.763645065857,321521.53176551004,50117.7142853624,0.2140725018759466,3.1632384219474243,False,1
1179,331008.8289510559,11830.09783177473,-0.16365216598419507,-1.9675862755658573,11.95516120110768,1949.082494087674,0.0005130619172548,0.96434897637934,0.96434897637934,0.999999999774852,1,0.0,0.0,0.2646338043734047,-0.2646338043734047,0.0,0,14470.700473421311,50546.46081843951,25786.417239706607,321514.7216540326,50133.40776325457,0.21433264755752832,3.16341507474684,False,1
1180,330970.45635790296,11737.753129194009,-0.16325040029743548,-1.964624427996989,11.954579749721406,1955.1628951574269,0.0005114663358411,0.9650871407616012,0.9650871407616012,0.9999999999882192,1,0.0,0.0,0.2619290153650035,-0.2619290153650035,0.0,0,14434.078603858186,50435.747764353,25578.96400675083,321507.9964865221,50149.00321767599,0.21459279323911004,3.163590431773992,False,1
1181,330932.35778593965,11645.295036988095,-0.16285096888177686,-1.961658877685544,11.954002120231866,1961.213384521146,0.0005098884240805,0.965814256017418,0.965814256017418,0.9999999999963424,1,0.0,0.0,0.2592350693974497,-0.2592350693974497,0.0,0,14397.687542906438,50325.526821565276,25371.404652712037,321501.3558841832,50164.50030910625,0.2148529389206917,3.16376449017051,False,1
1182,330894.534033754,11552.724178881468,-0.16245388986908488,-1.9586883200598288,11.9534283406037,1967.233540104961,0.0005083280564345,0.9665304399724924,0.9665304399724924,0.999999999993631,1,0.0,0.0,0.256551957561241,-0.256551957561241,0.0,0,14361.528576303564,50215.80538455221,25163.73977230861,321494.7993558201,50179.89849776869,0.21511308460227338,3.163937246405332,False,1
1183,330856.98576893006,11460.04123649878,-0.162059179063379,-1.9557134360126545,11.952858429252029,1973.222934188319,0.000506785110252,0.9672358085582872,0.9672358085582872,0.999999999732398,1,0.0,0.0,0.253879674887228,-0.253879674887228,0.0,0,14325.602784474846,50106.59028891006,24955.970042975692,321488.3264854845,50195.1973829896,0.21537323028385508,3.1641086974659576,False,1
1184,330819.7139070385,11367.246795333705,-0.16166685672568873,-1.9527329893582088,11.952292421335944,1979.181135805172,0.0005052594649287,0.9679304779711432,0.9679304779711432,0.9999999997674374,1,0.0,0.0,0.25121820880111,-0.25121820880111,0.0,0,14289.911642346531,49997.885842355216,24748.095996252894,321481.93670870183,50210.39629893568,0.2156333759654368,3.164278839438617,False,1
1185,330782.7190877886,11274.341556791045,-0.1612769381947669,-1.9497492208088008,11.95173033259115,1985.1077291742404,0.0005037509992198,0.9686145632733584,0.9686145632733584,0.999999999739478,1,0.0,0.0,0.2485675491046324,-0.2485675491046324,0.0,0,14254.456190312456,49889.69978220276,24540.118332350125,321475.6296217062,50225.49487307968,0.21589352164701853,3.1644476694698818,False,1
1186,330746.0021809252,11181.3261346806,-0.16088944294361293,-1.9467603670426976,11.951172194100296,1991.0022858634047,0.0005022595948722,0.9692881789838116,0.9692881789838116,1.000000000023832,1,0.0,0.0,0.245927681079679,-0.245927681079679,0.0,0,14219.237834736181,49782.038164901016,24332.037618289458,321469.4046829764,50240.492487221156,0.21615366732860017,3.164615183872824,False,1
1187,330709.5637519959,11088.201267447608,-0.16050438501299852,-1.94376823963798,11.950618015754667,1996.8643971514632,0.0005007851325681,0.9699514386111692,0.9699514386111692,1.0000000000133948,1,0.0,0.0,0.2432985922368328,-0.2432985922368328,0.0,0,14184.257502633322,49674.906829595704,24123.854602898413,321463.2615283043,50255.38884573382,0.21641381301018184,3.1647813801240288,False,1
1188,330673.4046490202,10994.967586452009,-0.16012178351534542,-1.9407705156140267,11.950067826389771,2002.693638098376,0.0004993274972946,0.9706044551309666,0.9706044551309666,0.9999999999965044,1,0.0,0.0,0.2406802649578844,-0.2406802649578844,0.0,0,14149.516569806787,49568.31259297937,23915.569872964254,321457.1996250086,50270.18335190506,0.2166739586917635,3.1649462546710714,False,1
1189,330637.5256369887,10901.625760373625,-0.1597416560904844,-1.937768077165556,11.949521648885112,2008.489589545023,0.0004978865747401,0.971247340655118,0.971247340655118,0.9999999999895288,1,0.0,0.0,0.2380726811947595,-0.2380726811947595,0.0,0,14115.016282650875,49462.26204106648,23707.1840672888,321451.2184873233,50284.87549648597,0.21693410437334523,3.1651098042985333,False,1
1190,330601.927479302,10808.176463055166,-0.15936402036275385,-1.9347609306567728,11.948979505462706,2014.2518340222573,0.0004964622521299,0.97188020654375,0.97188020654375,0.9999999999922514,1,0.0,0.0,0.2354758212093307,-0.2354758212093307,0.0,0,14080.757886894047,49356.76154578028,23498.697829059773,321445.31762849685,50299.46477108688,0.21719425005492693,3.1652720258232976,False,1
1191,330566.61092738644,10714.62037741241,-0.15898889375421024,-1.9317491931545627,11.948441417209567,2019.979956023633,0.00049505441822,0.9725031633594567,0.9725031633594567,0.9999999999595736,1,0.0,0.0,0.232889663837357,-0.232889663837357,0.0,0,14046.742611151829,49251.81777719485,23290.111811667404,321439.4965669272,50313.95067913014,0.2174543957365086,3.165432916132946,False,1
1192,330531.5766994259,10620.958203237324,-0.1586162931027755,-1.9287324841284013,11.947907402805892,2025.673543430917,0.00049366296227,0.9731163208414928,0.9731163208414928,0.9999999997381988,1,0.0,0.0,0.2303141868533305,-0.2303141868533305,0.0,0,14012.971633372421,49147.43711934711,23081.426690351123,321433.75483858667,50328.33275824451,0.21771454141809024,3.165592472264384,False,1
1193,330496.8256928784,10527.19057799308,-0.15824623846871738,-1.9257103265608333,11.947377492475471,2031.332173952788,0.0004922877775303,0.9737197881110756,0.9737197881110756,0.9999999997266696,1,0.0,0.0,0.2277493639904648,-0.2277493639904648,0.0,0,13979.446416733845,49043.62764954768,22872.643044374545,321428.0918722423,50342.61035581054,0.217974687099672,3.1657506906137587,False,1
1194,330462.3586133144,10433.31821557298,-0.1578787464857218,-1.9226840338596207,11.94685170324476,2036.9554391829308,0.0004909287569415,0.9743136733157092,0.9743136733157092,0.9999999997143456,1,0.0,0.0,0.2251951699239992,-0.2251951699239992,0.0,0,13946.168122751755,48940.39397518646,22663.76156312527,321422.50720764534,50356.78302106916,0.21823483278125372,3.165907568316528,False,1
1195,330428.17623486515,10339.341808940515,-0.15751383502468055,-1.919652862625736,11.946330056277036,2042.542926729698,0.0004895857950599,0.9748980837957744,0.9748980837957744,0.9999999996989006,1,0.0,0.0,0.2226515771111392,-0.2226515771111392,0.0,0,13913.138023090607,48837.74340721102,22454.782901653853,321417.0003424492,50370.850229914344,0.21849497846283536,3.1660631022783585,False,1
1196,330394.27943685185,10245.262017888228,-0.15715152385030406,-1.9166164066704447,11.945812579638648,2048.094220508676,0.0004882587876804,0.9754731263105542,0.9754731263105542,0.9999999999941808,1,0.0,0.0,0.2201185544584113,-0.2201185544584113,0.0,0,13880.357557472656,48735.68459391644,22245.707662258,321411.5707107352,50384.81134662213,0.218755124144417,3.1662172890401816,False,1
1197,330360.6687924657,10151.079617282025,-0.15679182725011892,-1.9135764610656425,11.945299280421825,2053.608925213394,0.0004869476316666,0.9760389064110752,0.9760389064110752,0.999999999968749,1,0.0,0.0,0.2175960738822501,-0.2175960738822501,0.0,0,13847.827683213807,48635.863927542145,22036.53661499253,321406.2179246974,50398.666056730835,0.21901526982599864,3.1663701263026445,False,1
1198,330327.34519797144,10056.795270490058,-0.156434765306842,-1.910530303818792,11.944790187191996,2059.086625609616,0.0004856522250805,0.9765955291579216,0.9765955291579216,0.9999999999778552,1,0.0,0.0,0.2150841012401977,-0.2150841012401977,0.0,0,13815.549870081828,48536.74372411189,21827.270360969385,321400.9414051177,50412.413704806466,0.21927541550758042,3.1665216105930507,False,1
1199,330294.3093311788,9962.409723369454,-0.15608035419549246,-1.907479518081264,11.9442853133876,2064.526922968816,0.0004843724681925,0.9771430985648246,0.9771430985648246,0.9999999997036354,1,0.0,0.0,0.212582603850274,-0.212582603850274,0.0,0,13783.52524406527,48438.225847804555,21617.909620509134,321395.74069936754,50426.053864079244,0.2195355611891621,3.166671739272191,False,1
1200,330261.5621754391,9867.923619677122,-0.15572861557255693,-1.9044223009439143,11.943784692744604,2069.9293992273856,0.000483108265818,0.9776817181350556,0.9776817181350556,0.9999999997508812,1,0.0,0.0,0.2100915431037673,-0.2100915431037673,0.0,0,13751.755415791122,48340.3184009611,21408.454958663293,321390.6151738986,50439.58578611333,0.21979570687074376,3.16682050859485,False,1
1201,330229.10439771955,9773.337718690202,-0.15537956543024872,-1.9013612682926688,11.94328833747928,2075.293659804061,0.0004818595169344,0.9782114902044786,0.9782114902044786,0.9999999997581304,1,0.0,0.0,0.2076108833172092,-0.2076108833172092,0.0,0,13720.2414972923,48243.027071122626,21198.90710872451,321385.5643791695,50453.00905352497,0.22005585255232543,3.166967916010074,False,1
1202,330196.93685718905,9678.652718102883,-0.15503322320930238,-1.8982950966265224,11.94279627233432,2080.6192985908624,0.0004806261303428,0.9787325164716856,0.9787325164716856,0.9999999999424294,1,0.0,0.0,0.2051405844625295,-0.2051405844625295,0.0,0,13688.98490592197,48146.360032178265,20989.266709077776,321380.5877513903,50466.32304638717,0.22031599823390713,3.167113958280009,False,1
1203,330165.06021879334,9583.869386632676,-0.1546896048724969,-1.895224378608357,11.942308508888908,2085.9059246657625,0.0004794080071522,0.9792448975556152,0.9792448975556152,0.9999999999327988,1,0.0,0.0,0.2026806078841567,-0.2026806078841567,0.0,0,13657.986753501056,48050.32247922755,20779.53450037339,321375.6848391163,50479.52734705295,0.22057614391548885,3.167258632906884,False,1
1204,330133.475276139,9488.98845389315,-0.1543487286906724,-1.8921477414658496,11.941825067043183,2091.153140035383,0.0004782050545699,0.9797487333597812,0.9797487333597812,0.999999999740144,1,0.0,0.0,0.200230911491288,-0.200230911491288,0.0,0,13627.248356639524,47954.92148516862,20569.71116183553,321370.85511402716,50492.62140202842,0.22083628959707055,3.1674019369405237,False,1
1205,330102.18302888743,9394.010586671619,-0.15401061663152926,-1.88906517104252,11.941345979895445,2096.3605343933023,0.0004770171858407,0.9802441232129832,0.9802441232129832,0.9999999999865896,1,0.0,0.0,0.1977914482923602,-0.1977914482923602,0.0,0,13596.771359059552,47860.16551527175,20359.797275550554,321366.0979256505,50505.60444167502,0.22109643527865228,3.167543866695081,False,1
1206,330071.1840201173,9298.936607816915,-0.15367528247839957,-1.8859792946450955,11.94087125036863,2101.527730905592,0.0004758443047893,0.9807311649842144,0.9807311649842144,0.9999999999338652,1,0.0,0.0,0.1953621770005759,-0.1953621770005759,0.0,0,13566.556684250652,47766.059948903705,20149.7936523745,321361.4128895176,50518.47617206968,0.22135658096023395,3.16768442018883,False,1
1207,330040.47910756926,9203.767241183412,-0.153342745655049,-1.8828867846916435,11.94040090174585,2106.65433286656,0.0004746863243818,0.9812099560696594,0.9812099560696594,0.9999999997749603,1,0.0,0.0,0.1929430498296708,-0.1929430498296708,0.0,0,13536.605754288612,47672.61217761011,19939.700952670028,321356.7994355773,50531.23596954992,0.22161672664181567,3.1678235943027286,False,1
1208,330010.069162945,9108.503211938674,-0.1530130258358453,-1.879788928015606,11.939934957987363,2111.739944644311,0.0004735431575309,0.9816805930281552,0.9816805930281552,0.9999999997401492,1,0.0,0.0,0.1905340171140712,-0.1905340171140712,0.0,0,13506.920014627976,47579.82941364403,19729.51983513079,321352.25698429113,50543.88319497702,0.22187687232339728,3.167961385888985,False,1
1209,329979.9549430776,9013.14528745527,-0.1526861406342732,-1.876686194993353,11.939473435291918,2116.784180594488,0.000472414718684,0.9821431713791012,0.9821431713791012,0.999999999719197,1,0.0,0.0,0.1881350295422935,-0.1881350295422935,0.0,0,13477.500730487402,47487.71890492822,19519.251017756622,321347.7850220413,50556.41732777929,0.22213701800497904,3.1680977922436657,False,1
1210,329950.1372357296,8917.694230213856,-0.15236210821589163,-1.8735782461573487,11.9390163517357,2121.786654976165,0.0004713009195786,0.9825977857968556,0.9825977857968556,0.9999999996919272,1,0.0,0.0,0.1857460357647823,-0.1857460357647823,0.0,0,13448.349217168929,47396.28771546105,19308.89520786459,321343.383015887,50568.83781395163,0.22239716368656062,3.1682328105700552,False,1
1211,329920.6168652492,8822.150796495447,-0.15204094739938182,-1.8704646838604515,11.938563727497266,2126.746981662332,0.000470201678867,0.9830445301258676,0.9830445301258676,0.9999999997428628,1,0.0,0.0,0.1833669822338098,-0.1833669822338098,0.0,0,13419.466848971439,47305.54211103962,19098.453100056424,321339.05041029566,50581.14406027304,0.22265730936814238,3.168366437958021,False,1
1212,329891.39460045646,8726.51576504574,-0.1517226760035478,-1.867346074853436,11.93811557896525,2131.6647805234297,0.0004691169131426,0.9834834972318836,0.9834834972318836,0.9999999997956892,1,0.0,0.0,0.1809978148491697,-0.1809978148491697,0.0,0,13390.854913609219,47215.48958305057,18887.925418910134,321334.7866810385,50593.33553000365,0.2229174550497241,3.1684986717214647,False,1
1213,329862.47121785814,8630.789917235075,-0.15140731197992965,-1.8642223230394963,11.93767192287104,2136.5396731826354,0.0004680465402775,0.9839147790975168,0.9839147790975168,0.9999999997981912,1,0.0,0.0,0.1786384778592129,-0.1786384778592129,0.0,0,13362.51471205015,47126.138596547105,18677.312889500903,321330.5912982726,50605.41167711285,0.2231776007313058,3.1686295091658647,False,1
1214,329833.84758506133,8534.974012263525,-0.15109487490880885,-1.8610931836910944,11.937232781648357,2141.371276969456,0.0004669904806355,0.9843384669409844,0.9843384669409844,0.9999999999570612,1,0.0,0.0,0.1762889122826142,-0.1762889122826142,0.0,0,13334.44769025105,47037.493254086476,18466.616200357195,321326.463677868,50617.37185986233,0.22343774641288752,3.168758947283026,False,1
1215,329805.52430623275,8439.068893128055,-0.15078537963721225,-1.857959224661424,11.936798160458313,2146.159230266229,0.0004659486526865,0.9847546506589848,0.9847546506589848,0.9999999997310876,1,0.0,0.0,0.1739490625834059,-0.1739490625834059,0.0,0,13306.654878995847,46950.60313656467,18255.836161474457,321322.4033885464,50629.21570813672,0.2236978920944691,3.16888698404738,False,1
1216,329777.50240510725,8343.0752836672,-0.15047884853223728,-1.8548182194741123,11.936368091581771,2150.903143963608,0.0004649209820925,0.985163419909168,0.985163419909168,0.9999999997714364,1,0.0,0.0,0.1716188637200711,-0.1716188637200711,0.0,0,13279.137972883473,46865.030514771075,18044.973401856245,321318.40975301916,50640.942415974576,0.2239580377760509,3.169013615918176,False,1
1217,329749.7826409744,8246.993991646284,-0.15017529920905548,-1.851672910678462,11.93594258991023,2155.6026501291576,0.0004639073911058,0.985564863020694,0.985564863020694,0.9999999999792144,1,0.0,0.0,0.1692982540606615,-0.1692982540606615,0.0,0,13251.898249747697,46780.1772726854,17834.028671815406,321314.48224743624,50652.55145001425,0.22421818345763245,3.1691388403405587,False,1
1218,329722.36559168436,8150.8258815045665,-0.14987474601637926,-1.8485230028186168,11.935521658612505,2160.257395970121,0.0004629078015204,0.985959067074339,0.985959067074339,0.9999999997498312,1,0.0,0.0,0.166987174289583,-0.166987174289583,0.0,0,13224.936701663944,46696.05002476884,17623.00280292759,321310.6204529707,50664.042462824305,0.22447832913921414,3.169262655438884,False,1
1219,329695.2522981155,8054.571690365409,-0.1495772116019126,-1.8453658275602136,11.935105330551588,2164.8669984222925,0.0004619221421348,0.9863461190315556,0.9863461190315556,0.9999999997841538,1,0.0,0.0,0.1646855541632534,-0.1646855541632534,0.0,0,13198.255052989814,46612.656144035536,17411.896433569513,321306.8236797319,50675.41462714213,0.22473847482079587,3.169385057665785,False,1
1220,329668.44342911366,7958.2322667484905,-0.14928271192636722,-1.842204514976512,11.934693614453863,2169.431103738272,0.0004609503386271,0.986726104306528,0.986726104306528,0.9999999997383924,1,0.0,0.0,0.162393329328958,-0.162393329328958,0.0,0,13171.85444125958,46530.00417299852,17200.710364489878,321303.09145407565,50686.66749858724,0.22499862050237754,3.1695060448484167,False,1
1221,329641.93991356407,7861.808391782211,-0.14899126760561884,-1.8390370688698128,11.934286535669662,2173.949340647373,0.0004599923204987,0.9870991077723376,0.9870991077723376,0.9999999999996712,1,0.0,0.0,0.1601104289029926,-0.1601104289029926,0.0,0,13145.736415528576,46448.10014708371,16989.445292524164,321299.4231499149,50697.80036303357,0.22525876618395924,3.1696256138833045,False,1
1222,329615.74223383586,7765.30097457061,-0.14870289122698704,-1.835865938564176,11.933884090962854,2178.4213742366173,0.0004590480123123,0.98746521264998,0.98746521264998,0.9999999997234876,1,0.0,0.0,0.1578367895910979,-0.1578367895910979,0.0,0,13119.901820303523,46366.95075594653,16778.102101989454,321295.8184008242,50708.81296502709,0.22551891186554088,3.169743763308354,False,1
1223,329589.85147752584,7668.710764208998,-0.1484176062280451,-1.8326869957773653,11.933486315582478,2182.8468281082746,0.0004581173494136,0.987824502282082,0.987824502282082,0.999999999739596,1,0.0,0.0,0.1555723336761183,-0.1555723336761183,0.0,0,13094.352456675319,46286.56386037844,16566.681435244456,321292.27648687485,50719.70442404535,0.22577905754712263,3.1698604894751137,False,1
1224,329564.26839584915,7572.038607245773,-0.14813542999433899,-1.8295037096779765,11.9330932232874,2187.2253521359667,0.0004572002609719,0.9881770584525844,0.9881770584525844,0.999999999957366,1,0.0,0.0,0.15331698927506,-0.15331698927506,0.0,0,13069.089595177269,46206.94701185684,16355.184076160185,321288.79688353743,50730.47420465784,0.2260392032287043,3.169975789975246,False,1
1225,329538.9935436028,7475.285406554887,-0.14785637636770202,-1.8263159281739632,11.932704815343204,2191.556613894759,0.0004562966777289,0.988522961652327,0.988522961652327,0.9999999997511614,1,0.0,0.0,0.1510706873614305,-0.1510706873614305,0.0,0,13044.114196646027,46128.10605709475,16143.61088945534,321285.3791802183,50741.12197160991,0.22629934891028605,3.170089663127822,False,1
1226,329514.0280124412,7378.451929627652,-0.14758046881293516,-1.823120966031366,11.932321127130054,2195.8402443168293,0.0004554065375537,0.9888622924283772,0.9888622924283772,0.9999999999794438,1,0.0,0.0,0.1488333453101435,-0.1488333453101435,0.0,0,13019.428070447524,46050.0502756565,15931.962534449032,321282.0226529055,50751.64683622415,0.22655949459186775,3.170202105317431,False,1
1227,329489.37225818384,7281.539114262491,-0.1473077193597202,-1.819922489784065,11.931942153257657,2200.075923918612,0.0004545297696445,0.9891951291701628,0.9891951291701628,0.9999999997514872,1,0.0,0.0,0.14660489335906,-0.14660489335906,0.0,0,12995.0320220688,45972.78445530686,15720.239921011103,321278.7269477073,50762.048561381394,0.22681964027344945,3.1703131152501496,False,1
1228,329465.0273851783,7184.547737540917,-0.14703815166528825,-1.8167166682101927,11.931567929815982,2204.263286423267,0.0004536663146138,0.9895215504818418,0.9895215504818418,0.9999999999674064,1,0.0,0.0,0.1443852458029025,-0.1443852458029025,0.0,0,12970.927881856856,45896.31779107442,15508.443715897425,321275.4913323875,50772.326242511415,0.22707978595503114,3.1704226892938525,False,1
1229,329440.99384550407,7087.4787467626065,-0.14677177765307403,-1.8135073269158144,11.931198451597798,2208.402020328611,0.0004528161052999,0.989841632924998,0.989841632924998,0.9999999997590918,1,0.0,0.0,0.1421743297551562,-0.1421743297551562,0.0,0,12947.116450441827,45820.6570451332,15296.574836337955,321272.31545418606,50782.479642521095,0.22733993163661273,3.17053082619352,False,1
1230,329417.2727374762,6990.332933502683,-0.14650862083268584,-1.8102906677049349,11.930833754031037,2212.491765455876,0.0004519790845209,0.990155453188013,0.990155453188013,1.0000000000160023,1,0.0,0.0,0.1399720562713066,-0.1399720562713066,0.0,0,12923.599549332866,45745.810001753714,15084.633963855475,321269.1985838036,50792.50786005881,0.22760007731819443,3.1706375223664187,False,1
1231,329393.86452763266,6893.111250160311,-0.14624869334435564,-1.8070710149941445,11.930473832869222,2216.532212559881,0.0004511551859668,0.9904630858124824,0.9904630858124824,0.9999999999310876,1,0.0,0.0,0.1377783501224329,-0.1377783501224329,0.0,0,12900.378002710873,45671.781590489234,14872.622016487392,321266.1403593601,50802.41063931536,0.22786022299977615,3.170742776528785,False,1
1232,329370.7700625852,6795.814561192125,-0.1459920141319775,-1.803844434710096,11.930118707774447,2220.523028278603,0.0004503443509134,0.9907646051623712,0.9907646051623712,0.999999999729948,1,0.0,0.0,0.1355931248709296,-0.1355931248709296,0.0,0,12877.453235156776,45598.58194340158,14660.539777939443,321263.1401975869,50812.18733330072,0.22812036868135788,3.170846586032788,False,1
1233,329347.9902452431,6698.443724070018,-0.14573860312852405,-1.800611769939662,11.929768401961203,2224.463877109576,0.0004495465228517,0.99106008471967,0.99106008471967,0.9999999997952344,1,0.0,0.0,0.1334162911738553,-0.1334162911738553,0.0,0,12854.826760419994,45526.21620381412,14448.388017867317,321260.1974822498,50821.83723583661,0.22838051436293952,3.1709489480394555,False,1
1234,329325.5256824897,6600.999671299762,-0.14548847492396447,-1.797375292398589,11.929422920174977,2228.3544482062484,0.0004487616423973,0.9913495963795628,0.9913495963795628,0.9999999997330448,1,0.0,0.0,0.1312477660960661,-0.1312477660960661,0.0,0,12832.499624999415,45455.24244913981,14236.167614567192,321257.3117691649,50831.35994156929,0.22864066004452113,3.1710498607898754,False,1
1235,329303.3772128295,6503.4832865651015,-0.14524164824408953,-1.7941330446178374,11.92908228170112,2232.194417267622,0.0004479896527673,0.9916332115635892,0.9916332115635892,0.9999999997747276,1,0.0,0.0,0.129087458823826,-0.129087458823826,0.0,0,12810.473241227912,45386.0362883613,14023.879370211529,321254.482479368,50840.75480648642,0.2289008057261029,3.171149321698881,False,1
1236,329281.5455245163,6405.895493345907,-0.14499813908850673,-1.790885382976999,11.92874649647694,2235.983473741508,0.0004472304979757,0.9919110003831932,0.9919110003831932,0.999999999765536,1,0.0,0.0,0.1269352812875643,-0.1269352812875643,0.0,0,12788.748784287658,45317.67384804372,13811.524143030698,321251.7091212158,50850.02133811378,0.22916095140768453,3.1712473287332363,False,1
1237,329260.03140720684,6308.2371974546,-0.14475796525151535,-1.787632712555988,11.928415580939204,2239.721302816395,0.0004464841231256,0.9921830321871624,0.9921830321871624,0.9999999998273498,1,0.0,0.0,0.1247911410355961,-0.1247911410355961,0.0,0,12767.32758950605,45250.16315487708,13599.102761601034,321248.9911441157,50859.15893850042,0.22942109708926622,3.1713438795032243,False,1
1238,329238.8355962184,6210.509322226785,-0.144521143522608,-1.7843748475018937,11.928089548234327,2243.4075969914065,0.0004457504755942,0.9924493752386434,0.9924493752386434,0.9999999999565796,1,0.0,0.0,0.1226549456234148,-0.1226549456234148,0.0,0,12746.210906400695,45183.50857522124,13386.616077333085,321246.328029122,50868.167063161585,0.22968124277084792,3.171438971823817,False,1
1239,329217.9587855169,6112.712805034545,-0.14428768991838922,-1.7811118951740554,11.92776840896966,2247.0420543777304,0.0004450295004319,0.9927100966914496,0.9927100966914496,1.0000000000499525,1,0.0,0.0,0.1205266025346742,-0.1205266025346742,0.0,0,12725.399919117452,45117.721610020846,13174.064959388466,321243.7192814451,50877.04520768416,0.2299413884524296,3.171532603666873,False,1
1240,329197.4015592102,6014.848611140264,-0.14405761844948442,-1.7778443907182755,11.92745216720988,2250.624386382397,0.000444321144267,0.9929652625409556,0.9929652625409556,0.9999999997365332,1,0.0,0.0,0.1184060206936333,-0.1184060206936333,0.0,0,12704.895638232992,45052.8051247982,12961.450315555965,321241.16447027924,50885.79297732424,0.23020153413401132,3.1716247734064367,False,1
1241,329177.16501228284,5916.9176039543145,-0.1438309522795855,-1.774569451726575,11.92714085870277,2254.154266454469,0.0004436253619485,0.993214938806798,0.993214938806798,0.9999999999866112,1,0.0,0.0,0.1162930927056497,-0.1162930927056497,0.0,0,12684.699880759115,44988.769554441315,12748.772898037401,321238.6628682279,50894.40945527335,0.23046167981559298,3.1717154775870884,False,1
1242,329157.2495363211,5818.920798816517,-0.1436077018952029,-1.7712920131725636,11.92683447589292,2257.63142648282,0.0004429420988294,0.9934591890510872,0.9934591890510872,0.9999999999524352,1,0.0,0.0,0.1141877305483249,-0.1141877305483249,0.0,0,12664.813352995377,44925.62016919054,12536.033682702084,321236.21415673086,50902.894438414114,0.23072182549717465,3.171804715288825,False,1
1243,329137.65581635124,5720.859154236459,-0.14338788302328004,-1.768008742837449,11.926533029535047,2261.055578477091,0.0004422713051258,0.9936980764404922,0.9936980764404922,0.9999999995730556,1,0.0,0.0,0.1120898363749949,-0.1120898363749949,0.0,0,12645.237224181474,44863.36357440225,12323.233557776432,321233.8178471523,50911.24742267632,0.23098197117875635,3.171892484541865,False,1
1244,329118.38503040123,5622.733536740962,-0.14317152022250348,-1.7647179603153906,11.926236560886284,2264.426402057511,0.0004416129401994,0.9939316643262182,0.9939316643262182,1.0000000000705624,1,0.0,0.0,0.1099992938576007,-0.1099992938576007,0.0,0,12625.973441659997,44802.00991214121,12110.373270419817,321231.47316488344,50919.46740105563,0.23124211686033808,3.171978781613632,False,1
1245,329099.4372567532,5524.545035001795,-0.14295861824105097,-1.7614265471420147,11.92594504379353,2267.743660623517,0.0004409669487577,0.9941600124575376,0.9941600124575376,0.9999999998460072,1,0.0,0.0,0.1079160223674725,-0.1079160223674725,0.0,0,12607.022216176789,44741.56246985929,11897.453896720526,321229.1799742839,50927.55448142503,0.23150226254191975,3.1720636067225887,False,1
1246,329080.8136077371,5426.294540360183,-0.14274920038422187,-1.7581270399063609,11.925658515806736,2271.007045303488,0.0004403332892071,0.9943831820300404,0.9943831820300404,0.9999999999808268,1,0.0,0.0,0.1058399045753727,-0.1058399045753727,0.0,0,12588.385390504438,44682.0309944199,11684.476215083869,321226.9375398831,50935.50771923175,0.23176240822350141,3.172146956381914,False,1
1247,329062.514498902,5327.983083164999,-0.14254327739018627,-1.7548237542200122,11.92537697198208,2274.216301929714,0.0004397119133528,0.9946012315873668,0.9946012315873668,0.9999999997888004,1,0.0,0.0,0.1037708458630175,-0.1037708458630175,0.0,0,12570.063706977759,44623.42024190545,11471.441208387252,321224.74553116306,50943.32687485879,0.23202255390508306,3.172228829607133,False,1
1248,329044.540976786,5229.611580671906,-0.14234087130737447,-1.7515139905914792,11.925100446288948,2277.3711331280533,0.0004391027832431,0.9948142201687664,0.9948142201687664,1.000000000208228,1,0.0,0.0,0.1017087273624053,-0.1017087273624053,0.0,0,12552.058903557947,44565.740030677734,11258.349687363563,321222.60325196007,50951.01106638321,0.23228269958666478,3.1723092231567884,False,1
1249,329026.8931148005,5131.181133312665,-0.14214198664133743,-1.7482040909193357,11.92482891333329,2280.471316924178,0.0004385058446989,0.9950222034576712,0.9950222034576712,0.99999999972095,1,0.0,0.0,0.0996534647488679,-0.0996534647488679,0.0,0,12534.371181399329,44508.993950672244,11045.202733762659,321220.5105714234,50958.56039585403,0.23254284526824645,3.1723881372760325,False,1
1250,329009.572172812,5032.69263160496,-0.14194664919831815,-1.7448833839358062,11.924562420605165,2283.5165473593565,0.0004379210664365,0.9952252390109276,0.9952252390109276,0.9999999998450912,1,0.0,0.0,0.0976049277435186,-0.0976049277435186,0.0,0,12517.002614015015,44453.19190778329,10832.001112629812,321218.4666709832,50965.97376065021,0.23280299094982812,3.172465567965899,False,1
1251,328992.5784054193,4934.147150380279,-0.14175486666112389,-1.741562051498031,11.924300954407729,2286.5065974072304,0.0004373484004557,0.9954233809605416,0.9954233809605416,0.9999999995649728,1,0.0,0.0,0.095563022333274,-0.095563022333274,0.0,0,12499.953687365865,44398.339679096796,10618.745861347124,321216.4713159571,50973.2510739778,0.23306313663140982,3.1725415148260048,False,1
1252,328975.9127949516,4835.545642137576,-0.14156665976162605,-1.7382336942117682,11.924044545742182,2289.4411849298235,0.0004367878102183,0.9956166840394858,0.9956166840394858,0.9999999997268992,1,0.0,0.0,0.0935276263722618,-0.0935276263722618,0.0,0,12483.22603549168,44344.44412642992,10405.437831603549,321214.52385030454,50980.39150979001,0.23332328231299146,3.172615974854982,False,1
1253,328959.5757245899,4736.88916676975,-0.14138203840982078,-1.7349022679186843,11.923793189409668,2292.3200831561453,0.0004362392542149,0.9958052007477508,0.9958052007477508,0.9999999996861788,1,0.0,0.0,0.091498637423469,-0.091498637423469,0.0,0,12466.820345889253,44291.51214789,10192.078032681167,321212.62396628904,50987.39484579706,0.23358342799457324,3.1726889471935493,False,1
1254,328943.56793024647,4638.17872902248,-0.1412010188173124,-1.7315653881543165,11.923546902027576,2295.1430340163856,0.0004357026930681,0.9959889831312414,0.9959889831312414,0.9999999997083454,1,0.0,0.0,0.0894759406355217,-0.0894759406355217,0.0,0,12450.737862052221,44239.55116163648,9978.667388756381,321210.7711524824,50994.26050027357,0.2338435736761549,3.1727604297220915,False,1
1255,328927.8900158508,4539.415360306123,-0.1410236147763066,-1.7282245717040996,11.923305692473356,2297.9098096804373,0.0004351780901134,0.99616808246858,0.99616808246858,0.9999999997488886,1,0.0,0.0,0.0874594186415294,-0.0874594186415294,0.0,0,12434.979618281533,44188.56913728398,9765.206860980888,321208.9649749063,51000.988022366975,0.23410371935773663,3.1728304207921147,False,1
1256,328912.5425729387,4440.600098346958,-0.14084983980992916,-1.7248797327890455,11.923069569255292,2300.620163578236,0.0004346654074654,0.996342548179024,0.996342548179024,0.999999999753999,1,0.0,0.0,0.0854489621140614,-0.0854489621140614,0.0,0,12419.546628428856,44138.97068668097,9551.697417241987,321207.20500771387,51007.576971067705,0.23436386503931828,3.17289891879828,False,1
1257,328897.5262686221,4341.733973690093,-0.14067970875464256,-1.7215298694500547,11.92283854577332,2303.27386291875,0.0004341646113253,0.9965124293956356,0.9965124293956356,0.9999999998847776,1,0.0,0.0,0.083444450819934,-0.083444450819934,0.0,0,12404.440024699143,44091.11310385642,9338.14001192472,321205.49078225787,51014.02682637737,0.23462401072089992,3.172965921864382,False,1
1258,328882.84168176085,4242.818035092127,-0.14051323481114036,-1.7181754990498643,11.922612630537982,2305.870681208025,0.0004336756655102,0.9966777738605084,0.9966777738605084,1.0000000001009557,1,0.0,0.0,0.0814457684025746,-0.0814457684025746,0.0,0,12389.660799018515,44044.233615898775,9124.535623920994,321203.8218820868,51020.337154706205,0.23488415640248161,3.173031428427027,False,1
1259,328868.4891249787,4143.853374157957,-0.14035042633884123,-1.7148189217355487,11.922391816301596,2308.410415570818,0.0004331985312262,0.9968386276001712,0.9968386276001712,0.9999999997268124,1,0.0,0.0,0.0794528100995974,-0.0794528100995974,0.0,0,12375.209521991026,43998.33669597004,8910.88529390501,321202.19804617047,51026.50778818469,0.2351443020840633,3.1730954378680862,False,1
1260,328854.4694967328,4044.8410010733323,-0.1401913021919461,-1.7114554669003963,11.922176131533302,2310.892823331972,0.0004327331808059,0.9969950371262928,0.9969950371262928,0.9999999995676988,1,0.0,0.0,0.0774654415343826,-0.0774654415343826,0.0,0,12361.08768785547,43953.432141821824,8697.189938118028,321200.618675138,51032.53796523368,0.23540444776564504,3.173157947479919,False,1
1261,328840.7834621956,3945.7819658536823,-0.1400358769767903,-1.7080872049665787,11.921965591152542,2313.3176831264013,0.0004322795819236,0.9971470473375514,0.9971470473375514,0.9999999998733268,1,0.0,0.0,0.075483537090099,-0.075483537090099,0.0,0,12347.296421571926,43909.52549589589,8483.450529350115,321199.0833059384,51038.42715695737,0.23566459344722673,3.173218955383327,False,1
1262,328827.43134690326,3846.6773695060597,-0.13988415913432148,-1.7047177889322098,11.921760189872082,2315.684802509491,0.0004318377012061,0.9972947011987612,0.9972947011987612,1.0000000000740494,1,0.0,0.0,0.0735069870984899,-0.0735069870984899,0.0,0,12333.8363107958,43866.62260364655,8269.668114317405,321197.591673569,51044.17517384941,0.23592473912880849,3.17327846090337,False,1
1263,328814.4135248048,3747.528308452471,-0.13973615792348337,-1.7013446963622842,11.921559925923702,2317.9939894668355,0.0004314075036602,0.997438040767568,0.997438040767568,0.9999999997536207,1,0.0,0.0,0.0715356790060675,-0.0715356790060675,0.0,0,12320.708018341102,43824.727280877116,8055.843730875862,321196.14348628087,51049.78177448188,0.23618488481039013,3.173336463187117,False,1
1264,328801.73086004733,3648.3358187435565,-0.13959189137559702,-1.6979651017606985,11.921364827368054,2320.2450193705195,0.0004309889651265,0.9975771083660264,0.9975771083660264,0.9999999997297728,1,0.0,0.0,0.0695694721135556,-0.0695694721135556,0.0,0,12307.912979541929,43783.847961843305,7841.978323963447,321194.7381696624,51055.2462208815,0.23644503049197185,3.1733929596340147,False,1
1265,328789.3837384175,3549.1010033436555,-0.1394513688567251,-1.6945830166090967,11.921174893978312,2322.437707156504,0.0004305820556704,0.9977119440185694,0.9977119440185694,0.9999999996669734,1,0.0,0.0,0.0676082497636272,-0.0676082497636272,0.0,0,12295.451873380633,43743.99152193207,7628.072936054676,321193.3754277622,51060.56825385397,0.23670517617355347,3.1734479493389265,False,1
1266,328777.372776186,3449.8249398324856,-0.1393146038279001,-1.6911966301509491,11.92099013986387,2324.5718541772912,0.0004301867456981,0.997842587314125,0.997842587314125,0.9999999998217818,1,0.0,0.0,0.0656518809511959,-0.0656518809511959,0.0,0,12283.325741309207,43705.161568169395,7414.1285693632835,321192.05483253323,51065.74737922063,0.2369653218551352,3.173501430571683,False,1
1267,328765.69831092365,3350.5087434653465,-0.13918160467650897,-1.6878074524263635,11.920810562848889,2326.647287143842,0.000429803008136,0.997969076082244,0.997969076082244,0.9999999997998136,1,0.0,0.0,0.0637002492645118,-0.0637002492645118,0.0,0,12271.535183467786,43667.36538774712,7200.146280283937,321190.77611881046,51070.783380150366,0.23722546753671683,3.173553402585372,False,1
1268,328754.36089306214,3251.153507286098,-0.13905238356622268,-1.684414800806029,11.920636174068576,2328.663820482174,0.0004294308145882,0.9980914476683956,0.9980914476683956,0.999999999754812,1,0.0,0.0,0.0617532244699438,-0.0617532244699438,0.0,0,12260.081134561915,43630.60773267149,6986.127089873258,321189.5388996425,51075.67582261239,0.23748561321829853,3.1736038638701185,False,1
1269,328743.36112254247,3151.7603231711,-0.13892695349580758,-1.681017067967966,11.920466988072658,2330.6212689545614,0.0004290701427261,0.9982097385170192,0.9982097385170192,0.9999999999888608,1,0.0,0.0,0.0598106708787412,-0.0598106708787412,0.0,0,12248.96460598259,43594.89536634608,6772.072015069386,321188.34276095056,51080.42421981014,0.23774575889988026,3.173652812733438,False,1
1270,328732.69917445915,3052.330333414157,-0.13880531975526375,-1.6776188513059862,11.92030299454736,2332.519483232342,0.0004287209637297,0.9983239828883984,0.9983239828883984,0.9999999997994408,1,0.0,0.0,0.0578724790598854,-0.0578724790598854,0.0,0,12238.185937039205,43560.2323120371,6557.982146350747,321187.18753621326,51085.02850877115,0.2380059045814619,3.1737002489819197,False,1
1271,328722.37576727214,2952.8646244283054,-0.13868749736133357,-1.6742142911221038,11.920144216158375,2334.35827720407,0.0004283832570554,0.9984342154627311,0.9984342154627311,0.9999999998346036,1,0.0,0.0,0.0559385021519226,-0.0559385021519226,0.0,0,12227.74632311362,43526.625234744235,6343.85848852713,321186.07274596056,51089.488077381364,0.23826605026304368,3.173746170486626,False,1
1272,328712.39123162394,2853.364327705708,-0.13857349428763568,-1.6708079684712325,11.919990652862358,2336.13749804365,0.000428056996818,0.9985404688365552,0.9985404688365552,0.9999999998310772,1,0.0,0.0,0.0540086173439117,-0.0540086173439117,0.0,0,12217.64634591929,43494.07944215919,6129.702111708765,321184.9981368618,51093.802699999695,0.2385261959446253,3.173790576485345,False,1
1273,328702.745986593,2753.830568365984,-0.13846332004032877,-1.6673985993375888,11.919842310662553,2337.8569903046355,0.0004277421611031,0.9986427748047184,0.9986427748047184,0.9999999997751072,1,0.0,0.0,0.0520826945954649,-0.0520826945954649,0.0,0,12207.88672512892,43462.59927474825,5915.5140746561665,321183.9634060853,51097.97205891603,0.23878634162620704,3.173833465892985,False,1
1274,328693.44053198694,2654.26446713383,-0.13835698551839962,-1.6639853363749335,11.919699196764045,2339.516589292607,0.0004274387309905,0.9987411638865896,0.9987411638865896,0.9999999997184044,1,0.0,0.0,0.0501605969723132,-0.0501605969723132,0.0,0,12198.468304624374,43432.190846073194,5701.29542755574,321182.96820735716,51101.995752176124,0.23904648730778869,3.1738748373292407,False,1
1275,328684.4752331103,2554.6671608647866,-0.1382544991394114,-1.6605698520629286,11.919561322653571,2341.1161658931,0.0004271466820132,0.9988356665006716,0.9988356665006716,0.9999999998753604,1,0.0,0.0,0.0482421921109626,-0.0482421921109626,0.0,0,12189.391718911065,43402.85930876493,5487.0472429208185,321182.01226941164,51105.87350958626,0.23930663298937033,3.173914689879788,False,1
1276,328675.85049417,2455.0397857201338,-0.13815586995735588,-1.6571513604414243,11.919428691247251,2342.655570860179,0.0004268659958216,0.9989263108256038,0.9989263108256038,1.0000000001374452,1,0.0,0.0,0.046327346595188,-0.046327346595188,0.0,0,12180.657657615724,43374.60869392972,5272.770590414593,321181.0953048195,51109.60501862288,0.23956677867095205,3.173953022482754,False,1
1277,328667.566416798,2355.3835061282334,-0.1380611015135768,-1.6537325026130167,11.919301291710005,2344.134689751581,0.0004265966483038,0.9990131236135946,0.9990131236135946,0.9999999998497936,1,0.0,0.0,0.0444159502598653,-0.0444159502598653,0.0,0,12172.266332540137,43347.443333929754,5058.466580622071,321180.21720157913,51113.19026688149,0.2398269243525338,3.1739898351360094,False,1
1278,328659.6237976783,2255.6994311638095,-0.1379702098071222,-1.6503068535650762,11.919179155239092,2345.5533588533967,0.0004263386288208,0.999096132448544,0.999096132448544,1.0000000000590494,1,0.0,0.0,0.0425078307724858,-0.0425078307724858,0.0,0,12164.219050707587,43321.370444069405,4844.136239413553,321179.377447357,51116.628541601516,0.2400870700341154,3.1740251253666485,False,1
1279,328652.0226441388,2155.9887373297274,-0.13788319655377707,-1.6468816069021313,11.919062266657988,2346.911478462502,0.00042609191306,0.9991753617089432,0.9991753617089432,0.9999999999521826,1,0.0,0.0,0.0406028840169286,-0.0406028840169286,0.0,0,12156.515871515207,43296.39115660862,4629.780691924837,321178.5759884204,51119.91991818042,0.24034721571569714,3.174058893483554,False,1
1280,328644.76341774454,2056.252567199942,-0.13780007158764399,-1.6434521405006932,11.918950638489262,2348.2089195782337,0.0004258564876456,0.9992508359922628,0.9992508359922628,0.999999999837249,1,0.0,0.0,0.0387009624606784,-0.0387009624606784,0.0,0,12149.157569387928,43272.510930688506,4415.401011196509,321177.81251017866,51123.0640131973,0.24060736139727884,3.174091138176542,False,1
1281,328637.8464032953,1956.492079475063,-0.13772084149365027,-1.6400213902523306,11.918844273249013,2349.445569229505,0.0004256323350234,0.9993225783120172,0.9993225783120172,0.9999999996292732,1,0.0,0.0,0.0368019343114295,-0.0368019343114295,0.0,0,12142.144637909892,43249.73423992062,4200.99829284678,321177.0868022415,51126.06061702346,0.24086750707886048,3.174121858748635,False,1
1282,328631.2721717469,1856.708416084983,-0.13764551794718308,-1.6365867249724708,11.9187431911107,2350.6212983276205,0.0004254194431219,0.9993906114767628,0.9993906114767628,0.9999999999711908,1,0.0,0.0,0.0349056328488416,-0.0349056328488416,0.0,0,12135.478020414768,43228.06738751265,3986.5736057162976,321176.39849063713,51128.909229933866,0.24112765276044212,3.17415105347896,False,1
1283,328625.0406782601,1756.902762492969,-0.13757410146302512,-1.6331523440379525,11.9186473763623,2351.7360280066946,0.0004252177923721,0.9994549555039812,0.9994549555039812,1.0000000000561948,1,0.0,0.0,0.0330119571039024,-0.0330119571039024,0.0,0,12129.157686382707,43207.51086501201,3772.128082579275,321175.747559661,51131.60996567132,0.24138779844202388,3.1741787228106486,False,1
1284,328619.15217784164,1657.076285229553,-0.13750659789135916,-1.6297154142608188,11.918556831747958,2352.7896609898544,0.0004250273704362,0.9995156301932122,0.9995156301932122,0.9999999998344086,1,0.0,0.0,0.0311207741097428,-0.0311207741097428,0.0,0,12123.184076579462,43188.07010551727,3557.66282698307,321175.13382217294,51134.16263405737,0.24164794412360557,3.1742048661134645,False,1
1285,328613.60728466464,1557.2301327766093,-0.1374430194874051,-1.6262740710595565,11.918471581820958,2353.7820771600755,0.0004248481678543,0.9995726553006166,0.9995726553006166,1.0000000001474256,1,0.0,0.0,0.0292319003665332,-0.0292319003665332,0.0,0,12117.558196645987,43169.748155907364,3343.178913861948,321174.556885344,51136.56668181531,0.24190808980518727,3.174229481475141,False,1
1286,328608.40577242343,1457.3655030501593,-0.13738336329512638,-1.6228352903319785,11.918391602155168,2354.713224337606,0.0004246801654387,0.9996260471844862,0.9996260471844862,0.999999999867032,1,0.0,0.0,0.0273452604013945,-0.0273452604013945,0.0,0,12112.27972373052,43152.54835905136,3128.6774911802754,321174.0168445645,51138.822393731876,0.2421682354867689,3.1742525699390574,False,1
1287,328603.54814793344,1357.4835553102694,-0.13732763950028753,-1.6193920531965564,11.918316912287118,2355.582998908648,0.0004245233573894,0.9996758231885344,0.9996758231885344,0.9999999996481198,1,0.0,0.0,0.025460679431539,-0.025460679431539,0.0,0,12107.349489998422,43136.473238405415,2914.1596481505476,321173.51337329583,51140.92931703826,0.24242838116835058,3.174274129944816,False,1
1288,328599.0348487629,1257.585456576619,-0.13727585697348849,-1.61594519817993,11.918247528287107,2356.391307047538,0.0004243777340715,0.999721999426638,0.999721999426638,1.0000000000159472,1,0.0,0.0,0.0235779798960546,-0.0235779798960546,0.0,0,12102.768216292548,43121.52923606515,2699.6264840408157,321173.04618716985,51142.88706486126,0.24268852684993228,3.174294160163079,False,1
1289,328594.86567218293,1157.672404543124,-0.13722801297893678,-1.6125008356189627,11.91818342914483,2357.138111662336,0.0004242432795984,0.9997645892647768,0.9997645892647768,1.0000000000049358,1,0.0,0.0,0.0216970809516978,-0.0216970809516978,0.0,0,12098.535610843333,43107.71466260367,2485.0791433273293,321172.6153742732,51144.69588760342,0.242948672531514,3.174312661511017,False,1
1290,328591.0410728708,1057.7455691078894,-0.13718411655811658,-1.60905165015179,11.91812463329355,2357.8233133175067,0.0004241199913531,0.9998036063884836,0.9998036063884836,1.000000000252388,1,0.0,0.0,0.0198178118298708,-0.0198178118298708,0.0,0,12094.652417334786,43095.033380180175,2270.5187281300923,321172.2206446574,51146.35537415913,0.24320881821309567,3.174329632569972,False,1
1291,328587.5608867989,957.8061459311248,-0.13714416553434255,-1.6056052165033596,11.91807112328756,2358.4468859342305,0.0004240078540666,0.9998390623113964,0.9998390623113964,0.9999999999580216,1,0.0,0.0,0.0179400887556584,-0.0179400887556584,0.0,0,12091.118400861043,43083.48976481023,2055.946378426359,321171.86206838116,51147.86572894058,0.24346896389467734,3.1743450740907155,False,1
1292,328584.4256447673,857.8553067280321,-0.13710817018257848,-1.6021542429188849,11.91802292350256,2359.0087511584898,0.0004239068645423,0.9998709693371955,0.9998709693371955,1.000000000010579,1,0.0,0.0,0.0160636836176678,-0.0160636836176678,0.0,0,12087.934421041224,43073.08518641188,1841.3631975430349,321171.5393158368,51149.226457568126,0.243729109576259,3.1743589843565148,False,1
1293,328581.63529000286,757.894244707425,-0.13707613011994216,-1.5987029918568003,11.917980024160135,2359.5088642482665,0.0004238170147094,0.999899336635381,0.999899336635381,0.9999999999422532,1,0.0,0.0,0.0141885143530072,-0.0141885143530072,0.0,0,12085.100408033584,43063.82078047415,1626.7703201352751,321171.2523994139,51150.4376499228,0.24398925525784068,3.174371363709527,False,1
1294,328579.1898526628,657.9241499979579,-0.137048046459996,-1.595252491553348,11.917942421460207,2359.947191360139,0.0004237382962029,0.9999241729230266,0.9999241729230266,0.9999999995214616,1,0.0,0.0,0.0123144707727721,-0.0123144707727721,0.0,0,12082.616427030822,43055.697468132654,1412.1688759717867,321171.0012834657,51151.49930527116,0.2442494009394224,3.174382212169709,False,1
1295,328577.0896351861,557.9462069977654,-0.1370239251531074,-1.591799605452732,11.917910128296374,2360.323678284823,0.000423670707817,0.9999454865320632,0.9999454865320632,0.9999999992097766,1,0.0,0.0,0.0104413657547069,-0.0104413657547069,0.0,0,12080.48297082528,43048.71874476223,1197.5599855966066,321170.7857770954,51152.411146912906,0.24450954662100408,3.174391528780913,False,1
1296,328575.33526771405,457.96159720822067,-0.13700377798533328,-1.5883412584654424,11.91788317761016,2360.6382517375137,0.0004236142503048,0.999963285701056,0.999963285701056,1.0000000002798466,1,0.0,0.0,0.0085688055763559,-0.0085688055763559,0.0,0,12078.701047266077,43042.89004517929,982.9447639377722,321170.6055021264,51153.17256681774,0.2447696923025857,3.174399311415587,False,1
1297,328573.925762623,357.9715312246259,-0.13698758751766443,-1.5848922012996915,11.917861507731796,2360.8909644888104,0.0004235689057132,0.9999775730066748,0.9999775730066748,1.0000000002005631,1,0.0,0.0,0.0066970819149193,-0.0066970819149193,0.0,0,12077.269108783978,43038.20344546444,768.3243697082393,321170.46101813606,51153.7845712826,0.24502983798416744,3.174405563638269,False,1
1298,328572.861226005,257.977197576224,-0.1369753559505497,-1.5814422508372818,11.917845122243287,2361.0817910511464,0.0004235346722707,0.9999883530767346,0.9999883530767346,0.9999999990786296,1,0.0,0.0,0.0048262325901242,-0.0048262325901242,0.0,0,12076.187331815949,43034.6627691955,553.6999293928407,321170.3522544659,51154.24706906177,0.2452899836657491,3.174410285138784,False,1
1299,328572.143933853,157.97977014946258,-0.1369671245195206,-1.5779687947416727,11.91783415327335,2361.210546381783,0.0004235115765741,0.9999956356615476,0.9999956356615476,1.0000000022161974,1,0.0,0.0,0.0029537690254248,-0.0029537690254248,0.0,0,12075.459315292828,43032.28010950713,339.0725447480087,321170.2778879358,51154.55779534358,0.2455501293473308,3.174413467936605,False,1
